Using pre-set license
Built from '2022.3/staging' branch; Version is '2022.3.46f1 (8e9b8558c41a) revision 9345925'; Using compiler version '192829333'; Build Type 'Release'
OS: 'Windows 11  (10.0.26100) 64bit Core' Language: 'en' Physical Memory: 32475 MB
BatchMode: 1, IsHumanControllingUs: 0, StartBugReporterOnCrash: 0, Is64bit: 1, IsPro: 1

COMMAND LINE ARGUMENTS:
C:\Program Files\Unity\Hub\Editor\2022.3.46f1\Editor\Unity.exe
-adb2
-batchMode
-noUpm
-name
AssetImportWorker4
-projectPath
C:/Users/40sst/clash-nexus/clash-nexus
-logFile
Logs/AssetImportWorker4.log
-srvPort
63402
Successfully changed project path to: C:/Users/40sst/clash-nexus/clash-nexus
C:/Users/40sst/clash-nexus/clash-nexus
[UnityMemory] Configuration Parameters - Can be set up in boot.config
    "memorysetup-bucket-allocator-granularity=16"
    "memorysetup-bucket-allocator-bucket-count=8"
    "memorysetup-bucket-allocator-block-size=33554432"
    "memorysetup-bucket-allocator-block-count=8"
    "memorysetup-main-allocator-block-size=16777216"
    "memorysetup-thread-allocator-block-size=16777216"
    "memorysetup-gfx-main-allocator-block-size=16777216"
    "memorysetup-gfx-thread-allocator-block-size=16777216"
    "memorysetup-cache-allocator-block-size=4194304"
    "memorysetup-typetree-allocator-block-size=2097152"
    "memorysetup-profiler-bucket-allocator-granularity=16"
    "memorysetup-profiler-bucket-allocator-bucket-count=8"
    "memorysetup-profiler-bucket-allocator-block-size=33554432"
    "memorysetup-profiler-bucket-allocator-block-count=8"
    "memorysetup-profiler-allocator-block-size=16777216"
    "memorysetup-profiler-editor-allocator-block-size=1048576"
    "memorysetup-temp-allocator-size-main=16777216"
    "memorysetup-job-temp-allocator-block-size=2097152"
    "memorysetup-job-temp-allocator-block-size-background=1048576"
    "memorysetup-job-temp-allocator-reduction-small-platforms=262144"
    "memorysetup-allocator-temp-initial-block-size-main=262144"
    "memorysetup-allocator-temp-initial-block-size-worker=262144"
    "memorysetup-temp-allocator-size-background-worker=32768"
    "memorysetup-temp-allocator-size-job-worker=262144"
    "memorysetup-temp-allocator-size-preload-manager=33554432"
    "memorysetup-temp-allocator-size-nav-mesh-worker=65536"
    "memorysetup-temp-allocator-size-audio-worker=65536"
    "memorysetup-temp-allocator-size-cloud-worker=32768"
    "memorysetup-temp-allocator-size-gi-baking-worker=262144"
    "memorysetup-temp-allocator-size-gfx=262144"
Player connection [2972]  Target information:

Player connection [2972]  * "[IP] 10.20.73.189 [Port] 0 [Flags] 2 [Guid] 391764760 [EditorId] 391764760 [Version] 1048832 [Id] WindowsEditor(7,ifwoctopi) [Debug] 1 [PackageName] WindowsEditor [ProjectName] Editor" 

Player connection [2972] Host joined multi-casting on [225.0.0.222:54997]...
Player connection [2972] Host joined alternative multi-casting on [225.0.0.222:34997]...
[PhysX] Initialized MultithreadedTaskDispatcher with 24 workers.
Refreshing native plugins compatible for Editor in 198.53 ms, found 3 plugins.
Preloading 0 native plugins for Editor in 0.00 ms.
Initialize engine version: 2022.3.46f1 (8e9b8558c41a)
[Subsystems] Discovering subsystems at path C:/Program Files/Unity/Hub/Editor/2022.3.46f1/Editor/Data/Resources/UnitySubsystems
[Subsystems] Discovering subsystems at path C:/Users/40sst/clash-nexus/clash-nexus/Assets
GfxDevice: creating device client; threaded=0; jobified=0
Direct3D:
    Version:  Direct3D 11.0 [level 11.1]
    Renderer: NVIDIA GeForce RTX 4070 Laptop GPU (ID=0x2860)
    Vendor:   NVIDIA
    VRAM:     7948 MB
    Driver:   32.0.15.6624
Initialize mono
Mono path[0] = 'C:/Program Files/Unity/Hub/Editor/2022.3.46f1/Editor/Data/Managed'
Mono path[1] = 'C:/Program Files/Unity/Hub/Editor/2022.3.46f1/Editor/Data/MonoBleedingEdge/lib/mono/unityjit-win32'
Mono config path = 'C:/Program Files/Unity/Hub/Editor/2022.3.46f1/Editor/Data/MonoBleedingEdge/etc'
Using monoOptions --debugger-agent=transport=dt_socket,embedding=1,server=y,suspend=n,address=127.0.0.1:56148
Begin MonoManager ReloadAssembly
Registering precompiled unity dll's ...
Register platform support module: C:/Program Files/Unity/Hub/Editor/2022.3.46f1/Editor/Data/PlaybackEngines/WindowsStandaloneSupport/UnityEditor.WindowsStandalone.Extensions.dll
Registered in 0.013490 seconds.
- Loaded All Assemblies, in  0.373 seconds
Native extension for WindowsStandalone target not found
Mono: successfully reloaded assembly
- Finished resetting the current domain, in  0.191 seconds
Domain Reload Profiling: 563ms
	BeginReloadAssembly (177ms)
		ExecutionOrderSort (0ms)
		DisableScriptedObjects (0ms)
		BackupInstance (0ms)
		ReleaseScriptingObjects (0ms)
		CreateAndSetChildDomain (0ms)
	RebuildCommonClasses (27ms)
	RebuildNativeTypeToScriptingClass (7ms)
	initialDomainReloadingComplete (55ms)
	LoadAllAssembliesAndSetupDomain (105ms)
		LoadAssemblies (175ms)
		RebuildTransferFunctionScriptingTraits (0ms)
		AnalyzeDomain (104ms)
			TypeCache.Refresh (102ms)
				TypeCache.ScanAssembly (91ms)
			ScanForSourceGeneratedMonoScriptInfo (0ms)
			ResolveRequiredComponents (0ms)
	FinalizeReload (191ms)
		ReleaseScriptCaches (0ms)
		RebuildScriptCaches (0ms)
		SetupLoadedEditorAssemblies (154ms)
			LogAssemblyErrors (0ms)
			InitializePlatformSupportModulesInManaged (8ms)
			SetLoadedEditorAssemblies (6ms)
			RefreshPlugins (0ms)
			BeforeProcessingInitializeOnLoad (1ms)
			ProcessInitializeOnLoadAttributes (106ms)
			ProcessInitializeOnLoadMethodAttributes (34ms)
			AfterProcessingInitializeOnLoad (0ms)
			EditorAssembliesLoaded (0ms)
		ExecutionOrderSort2 (0ms)
		AwakeInstancesAfterBackupRestoration (0ms)
========================================================================
Worker process is ready to serve import requests
Caller must complete domain reload
Begin MonoManager ReloadAssembly
- Loaded All Assemblies, in  0.814 seconds
Native extension for WindowsStandalone target not found
Mono: successfully reloaded assembly
- Finished resetting the current domain, in  0.598 seconds
Domain Reload Profiling: 1410ms
	BeginReloadAssembly (114ms)
		ExecutionOrderSort (0ms)
		DisableScriptedObjects (4ms)
		BackupInstance (0ms)
		ReleaseScriptingObjects (0ms)
		CreateAndSetChildDomain (16ms)
	RebuildCommonClasses (24ms)
	RebuildNativeTypeToScriptingClass (7ms)
	initialDomainReloadingComplete (33ms)
	LoadAllAssembliesAndSetupDomain (633ms)
		LoadAssemblies (561ms)
		RebuildTransferFunctionScriptingTraits (0ms)
		AnalyzeDomain (139ms)
			TypeCache.Refresh (121ms)
				TypeCache.ScanAssembly (111ms)
			ScanForSourceGeneratedMonoScriptInfo (12ms)
			ResolveRequiredComponents (3ms)
	FinalizeReload (599ms)
		ReleaseScriptCaches (0ms)
		RebuildScriptCaches (0ms)
		SetupLoadedEditorAssemblies (500ms)
			LogAssemblyErrors (0ms)
			InitializePlatformSupportModulesInManaged (6ms)
			SetLoadedEditorAssemblies (4ms)
			RefreshPlugins (0ms)
			BeforeProcessingInitializeOnLoad (48ms)
			ProcessInitializeOnLoadAttributes (413ms)
			ProcessInitializeOnLoadMethodAttributes (23ms)
			AfterProcessingInitializeOnLoad (7ms)
			EditorAssembliesLoaded (0ms)
		ExecutionOrderSort2 (0ms)
		AwakeInstancesAfterBackupRestoration (7ms)
Launched and connected shader compiler UnityShaderCompiler.exe after 0.09 seconds
Refreshing native plugins compatible for Editor in 4.53 ms, found 3 plugins.
Preloading 0 native plugins for Editor in 0.00 ms.
Unloading 3747 Unused Serialized files (Serialized files now loaded: 0)
Unloading 25 unused Assets / (54.5 KB). Loaded Objects now: 4220.
Memory consumption went from 134.2 MB to 134.1 MB.
Total: 3.291200 ms (FindLiveObjects: 0.210100 ms CreateObjectMapping: 0.057700 ms MarkObjects: 2.942000 ms  DeleteObjects: 0.080200 ms)

AssetImportParameters requested are different than current active one (requested -> active):
  custom:container-demuxer-ogg: 62fdf1f143b41e24485cea50d1cbac27 -> 
  custom:video-codec-MediaFoundation-h265: 746d11721c4dcdbdad8f713fa42b33f4 -> 
  custom:video-decoder-ogg-theora: a1e56fd34408186e4bbccfd4996cb3dc -> 
  custom:framework-win-MediaFoundation: 216162199b28c13a410421893ffa2e32 -> 
  custom:CustomObjectIndexerAttribute: 9a22284fe3817be447336de3de66b15e -> 
  custom:container-demuxer-webm: 4f35f7cbe854078d1ac9338744f61a02 -> 
  custom:container-muxer-webm: aa71ff27fc2769a1b78a27578f13a17b -> 
  custom:video-decoder-webm-vp8: 9c59270c3fd7afecdb556c50c9e8de78 -> 
  custom:SearchIndexIgnoredProperties: e643bd26f0fe6173181afceb89e7c659 -> 
  custom:AudioImporter_EditorPlatform: d09bf68614088b80899f8185d706f6e7 -> 
  custom:video-encoder-webm-vp8: eb34c28f22e8b96e1ab97ce403110664 -> 
  custom:audio-decoder-ogg-vorbis: bf7c407c2cedff20999df2af8eb42d56 -> 
  custom:audio-encoder-webm-vorbis: bf7c407c2cedff20999df2af8eb42d56 -> 
========================================================================
Received Import Request.
  Time since last request: 33450.164304 seconds.
  path: Assets/Sprites/Monk/Elementals_ground_monk_FREE_v1.3/png/defend/defend_1.png
  artifactKey: Guid(ab0c6f81c9c343a4496fefa20a03f5f3) Importer(815301076,1909f56bfc062723c751e8b465ee728b)
Start importing Assets/Sprites/Monk/Elementals_ground_monk_FREE_v1.3/png/defend/defend_1.png using Guid(ab0c6f81c9c343a4496fefa20a03f5f3) Importer(815301076,1909f56bfc062723c751e8b465ee728b) [PhysX] Initialized MultithreadedTaskDispatcher with 24 workers.
[PhysX] Initialized MultithreadedTaskDispatcher with 24 workers.
 -> (artifact id: '89bb31aa6b58854ddd959a70b54108fa') in 0.100259 seconds
Number of updated asset objects reloaded before import = 0
Number of asset objects unloaded after import = 3
========================================================================
Received Import Request.
  Time since last request: 7.387686 seconds.
  path: Assets/Sprites/Monk/Elementals_ground_monk_FREE_v1.3/png/defend/defend_2.png
  artifactKey: Guid(ac3227efa1dc6104b8fe89cc5e14b44c) Importer(815301076,1909f56bfc062723c751e8b465ee728b)
Start importing Assets/Sprites/Monk/Elementals_ground_monk_FREE_v1.3/png/defend/defend_2.png using Guid(ac3227efa1dc6104b8fe89cc5e14b44c) Importer(815301076,1909f56bfc062723c751e8b465ee728b) [PhysX] Initialized MultithreadedTaskDispatcher with 24 workers.
[PhysX] Initialized MultithreadedTaskDispatcher with 24 workers.
 -> (artifact id: '6c99de1c321f3e50ca21d5ef10ec6e10') in 0.011777 seconds
Number of updated asset objects reloaded before import = 0
Number of asset objects unloaded after import = 4
========================================================================
Received Import Request.
  Time since last request: 6.715396 seconds.
  path: Assets/Sprites/Monk/Elementals_ground_monk_FREE_v1.3/png/defend/defend_3.png
  artifactKey: Guid(14c65701f96ec914e8a6bd3ebcb04654) Importer(815301076,1909f56bfc062723c751e8b465ee728b)
Start importing Assets/Sprites/Monk/Elementals_ground_monk_FREE_v1.3/png/defend/defend_3.png using Guid(14c65701f96ec914e8a6bd3ebcb04654) Importer(815301076,1909f56bfc062723c751e8b465ee728b) [PhysX] Initialized MultithreadedTaskDispatcher with 24 workers.
[PhysX] Initialized MultithreadedTaskDispatcher with 24 workers.
 -> (artifact id: 'fb72d8fc13f8e6a435fdeeb28dec79c9') in 0.011327 seconds
Number of updated asset objects reloaded before import = 0
Number of asset objects unloaded after import = 3
========================================================================
Received Import Request.
  Time since last request: 7.319698 seconds.
  path: Assets/Sprites/Monk/Elementals_ground_monk_FREE_v1.3/png/defend/defend_4.png
  artifactKey: Guid(2d22e415a183824478f16b2506b1c4f7) Importer(815301076,1909f56bfc062723c751e8b465ee728b)
Start importing Assets/Sprites/Monk/Elementals_ground_monk_FREE_v1.3/png/defend/defend_4.png using Guid(2d22e415a183824478f16b2506b1c4f7) Importer(815301076,1909f56bfc062723c751e8b465ee728b) [PhysX] Initialized MultithreadedTaskDispatcher with 24 workers.
[PhysX] Initialized MultithreadedTaskDispatcher with 24 workers.
 -> (artifact id: 'd318cd22db786de03218bb8e5bac221a') in 0.038517 seconds
Number of updated asset objects reloaded before import = 0
Number of asset objects unloaded after import = 3
========================================================================
Received Import Request.
  Time since last request: 5.928464 seconds.
  path: Assets/Sprites/Monk/Elementals_ground_monk_FREE_v1.3/png/defend/defend_5.png
  artifactKey: Guid(811af16e32a641148b792523f3170b54) Importer(815301076,1909f56bfc062723c751e8b465ee728b)
Start importing Assets/Sprites/Monk/Elementals_ground_monk_FREE_v1.3/png/defend/defend_5.png using Guid(811af16e32a641148b792523f3170b54) Importer(815301076,1909f56bfc062723c751e8b465ee728b) [PhysX] Initialized MultithreadedTaskDispatcher with 24 workers.
[PhysX] Initialized MultithreadedTaskDispatcher with 24 workers.
 -> (artifact id: '4c639482efddb06e15f091d382721706') in 0.024876 seconds
Number of updated asset objects reloaded before import = 0
Number of asset objects unloaded after import = 3
========================================================================
Received Import Request.
  Time since last request: 7.682968 seconds.
  path: Assets/Sprites/Monk/Elementals_ground_monk_FREE_v1.3/png/defend/defend_6.png
  artifactKey: Guid(c26677362b99bae4295bde203d45c8cc) Importer(815301076,1909f56bfc062723c751e8b465ee728b)
Start importing Assets/Sprites/Monk/Elementals_ground_monk_FREE_v1.3/png/defend/defend_6.png using Guid(c26677362b99bae4295bde203d45c8cc) Importer(815301076,1909f56bfc062723c751e8b465ee728b) [PhysX] Initialized MultithreadedTaskDispatcher with 24 workers.
[PhysX] Initialized MultithreadedTaskDispatcher with 24 workers.
 -> (artifact id: '7e24d4a07d734ec612ecdec22a3b8335') in 0.005978 seconds
Number of updated asset objects reloaded before import = 0
Number of asset objects unloaded after import = 3
========================================================================
Received Import Request.
  Time since last request: 1.851579 seconds.
  path: Assets/Sprites/Monk/Elementals_ground_monk_FREE_v1.3/png/defend/defend_13.png
  artifactKey: Guid(a11a299fb52a7fa409c5f29b7d745356) Importer(815301076,1909f56bfc062723c751e8b465ee728b)
Start importing Assets/Sprites/Monk/Elementals_ground_monk_FREE_v1.3/png/defend/defend_13.png using Guid(a11a299fb52a7fa409c5f29b7d745356) Importer(815301076,1909f56bfc062723c751e8b465ee728b) [PhysX] Initialized MultithreadedTaskDispatcher with 24 workers.
[PhysX] Initialized MultithreadedTaskDispatcher with 24 workers.
 -> (artifact id: '41ae4362887166eced6d4a2e7cbffbdb') in 0.014524 seconds
Number of updated asset objects reloaded before import = 0
Number of asset objects unloaded after import = 2
========================================================================
Received Import Request.
  Time since last request: 6.041303 seconds.
  path: Assets/Sprites/Monk/Elementals_ground_monk_FREE_v1.3/png/defend/defend_7.png
  artifactKey: Guid(66139e1dc06c30c4087e5874f256d010) Importer(815301076,1909f56bfc062723c751e8b465ee728b)
Start importing Assets/Sprites/Monk/Elementals_ground_monk_FREE_v1.3/png/defend/defend_7.png using Guid(66139e1dc06c30c4087e5874f256d010) Importer(815301076,1909f56bfc062723c751e8b465ee728b) [PhysX] Initialized MultithreadedTaskDispatcher with 24 workers.
[PhysX] Initialized MultithreadedTaskDispatcher with 24 workers.
 -> (artifact id: '26c780b14b2cba3ed26b874c20a87c24') in 0.013124 seconds
Number of updated asset objects reloaded before import = 0
Number of asset objects unloaded after import = 3
========================================================================
Received Import Request.
  Time since last request: 7.116749 seconds.
  path: Assets/Sprites/Monk/Elementals_ground_monk_FREE_v1.3/png/defend/defend_8.png
  artifactKey: Guid(bb22d83bd0b668840a2f6d63ef0e5329) Importer(815301076,1909f56bfc062723c751e8b465ee728b)
Start importing Assets/Sprites/Monk/Elementals_ground_monk_FREE_v1.3/png/defend/defend_8.png using Guid(bb22d83bd0b668840a2f6d63ef0e5329) Importer(815301076,1909f56bfc062723c751e8b465ee728b) [PhysX] Initialized MultithreadedTaskDispatcher with 24 workers.
[PhysX] Initialized MultithreadedTaskDispatcher with 24 workers.
 -> (artifact id: 'c25343a8007af93e45feb98ffcaddb54') in 0.022527 seconds
Number of updated asset objects reloaded before import = 0
Number of asset objects unloaded after import = 3
========================================================================
Received Import Request.
  Time since last request: 6.510953 seconds.
  path: Assets/Sprites/Monk/Elementals_ground_monk_FREE_v1.3/png/defend/defend_9.png
  artifactKey: Guid(d1a8f31faae8dc64cab66e988e850db7) Importer(815301076,1909f56bfc062723c751e8b465ee728b)
Start importing Assets/Sprites/Monk/Elementals_ground_monk_FREE_v1.3/png/defend/defend_9.png using Guid(d1a8f31faae8dc64cab66e988e850db7) Importer(815301076,1909f56bfc062723c751e8b465ee728b) [PhysX] Initialized MultithreadedTaskDispatcher with 24 workers.
[PhysX] Initialized MultithreadedTaskDispatcher with 24 workers.
 -> (artifact id: '575b6c4cbc2204f60a523b58d923ea03') in 0.024189 seconds
Number of updated asset objects reloaded before import = 0
Number of asset objects unloaded after import = 3
========================================================================
Received Import Request.
  Time since last request: 9.248639 seconds.
  path: Assets/Sprites/Monk/Elementals_ground_monk_FREE_v1.3/png/defend/defend_10.png
  artifactKey: Guid(6bca72a546414d14291c26c5043260be) Importer(815301076,1909f56bfc062723c751e8b465ee728b)
Start importing Assets/Sprites/Monk/Elementals_ground_monk_FREE_v1.3/png/defend/defend_10.png using Guid(6bca72a546414d14291c26c5043260be) Importer(815301076,1909f56bfc062723c751e8b465ee728b) [PhysX] Initialized MultithreadedTaskDispatcher with 24 workers.
[PhysX] Initialized MultithreadedTaskDispatcher with 24 workers.
 -> (artifact id: '7ab6c2be9351ada4c840457a14e377b4') in 0.013450 seconds
Number of updated asset objects reloaded before import = 0
Number of asset objects unloaded after import = 3
========================================================================
Received Import Request.
  Time since last request: 6.494915 seconds.
  path: Assets/Sprites/Monk/Elementals_ground_monk_FREE_v1.3/png/defend/defend_11.png
  artifactKey: Guid(feda82b9567ba3240b863c4c9e9a372b) Importer(815301076,1909f56bfc062723c751e8b465ee728b)
Start importing Assets/Sprites/Monk/Elementals_ground_monk_FREE_v1.3/png/defend/defend_11.png using Guid(feda82b9567ba3240b863c4c9e9a372b) Importer(815301076,1909f56bfc062723c751e8b465ee728b) [PhysX] Initialized MultithreadedTaskDispatcher with 24 workers.
[PhysX] Initialized MultithreadedTaskDispatcher with 24 workers.
 -> (artifact id: 'b205b4a130657c8b80ebc22f51a01efa') in 0.010810 seconds
Number of updated asset objects reloaded before import = 0
Number of asset objects unloaded after import = 3
========================================================================
Received Import Request.
  Time since last request: 9.648485 seconds.
  path: Assets/Sprites/Monk/Elementals_ground_monk_FREE_v1.3/png/defend/defend_12.png
  artifactKey: Guid(2c396f2d03430884eb1f7dfd9e2f0a2c) Importer(815301076,1909f56bfc062723c751e8b465ee728b)
Start importing Assets/Sprites/Monk/Elementals_ground_monk_FREE_v1.3/png/defend/defend_12.png using Guid(2c396f2d03430884eb1f7dfd9e2f0a2c) Importer(815301076,1909f56bfc062723c751e8b465ee728b) [PhysX] Initialized MultithreadedTaskDispatcher with 24 workers.
[PhysX] Initialized MultithreadedTaskDispatcher with 24 workers.
 -> (artifact id: '9e39e73304c1a08085be029ed8891ac4') in 0.030363 seconds
Number of updated asset objects reloaded before import = 0
Number of asset objects unloaded after import = 3
========================================================================
Received Import Request.
  Time since last request: 10.304317 seconds.
  path: Assets/Sprites/Monk/Elementals_ground_monk_FREE_v1.3/png/defend/defend_13.png
  artifactKey: Guid(a11a299fb52a7fa409c5f29b7d745356) Importer(815301076,1909f56bfc062723c751e8b465ee728b)
Start importing Assets/Sprites/Monk/Elementals_ground_monk_FREE_v1.3/png/defend/defend_13.png using Guid(a11a299fb52a7fa409c5f29b7d745356) Importer(815301076,1909f56bfc062723c751e8b465ee728b) [PhysX] Initialized MultithreadedTaskDispatcher with 24 workers.
[PhysX] Initialized MultithreadedTaskDispatcher with 24 workers.
 -> (artifact id: '303035373a855972b15a39308c7e588e') in 0.006554 seconds
Number of updated asset objects reloaded before import = 0
Number of asset objects unloaded after import = 3
========================================================================
Received Import Request.
  Time since last request: 455.799191 seconds.
  path: Assets/Sprites/Monk/Elementals_ground_monk_FREE_v1.3/png/3_atk/3_atk_1.png
  artifactKey: Guid(f222f17f61a9b434fb86259fd2e6e413) Importer(815301076,1909f56bfc062723c751e8b465ee728b)
Start importing Assets/Sprites/Monk/Elementals_ground_monk_FREE_v1.3/png/3_atk/3_atk_1.png using Guid(f222f17f61a9b434fb86259fd2e6e413) Importer(815301076,1909f56bfc062723c751e8b465ee728b) [PhysX] Initialized MultithreadedTaskDispatcher with 24 workers.
[PhysX] Initialized MultithreadedTaskDispatcher with 24 workers.
 -> (artifact id: '7dca49df18a2f65891045dc20a8364c5') in 0.070679 seconds
Number of updated asset objects reloaded before import = 0
Number of asset objects unloaded after import = 2
========================================================================
Received Import Request.
  Time since last request: 0.000019 seconds.
  path: Assets/Sprites/Monk/Elementals_ground_monk_FREE_v1.3/png/3_atk/3_atk_3.png
  artifactKey: Guid(15edc62a761453b49870ef4c626990fd) Importer(815301076,1909f56bfc062723c751e8b465ee728b)
Start importing Assets/Sprites/Monk/Elementals_ground_monk_FREE_v1.3/png/3_atk/3_atk_3.png using Guid(15edc62a761453b49870ef4c626990fd) Importer(815301076,1909f56bfc062723c751e8b465ee728b) [PhysX] Initialized MultithreadedTaskDispatcher with 24 workers.
[PhysX] Initialized MultithreadedTaskDispatcher with 24 workers.
 -> (artifact id: '7b09e97646ca2a61661097a0bc450ecc') in 0.012572 seconds
Number of updated asset objects reloaded before import = 0
Number of asset objects unloaded after import = 2
========================================================================
Received Import Request.
  Time since last request: 0.000018 seconds.
  path: Assets/Sprites/Monk/Elementals_ground_monk_FREE_v1.3/png/3_atk/3_atk_8.png
  artifactKey: Guid(316ce494355b908448ce76586937c94e) Importer(815301076,1909f56bfc062723c751e8b465ee728b)
Start importing Assets/Sprites/Monk/Elementals_ground_monk_FREE_v1.3/png/3_atk/3_atk_8.png using Guid(316ce494355b908448ce76586937c94e) Importer(815301076,1909f56bfc062723c751e8b465ee728b) [PhysX] Initialized MultithreadedTaskDispatcher with 24 workers.
[PhysX] Initialized MultithreadedTaskDispatcher with 24 workers.
 -> (artifact id: '21c413f9c1a77dacfb21062db5637098') in 0.004137 seconds
Number of updated asset objects reloaded before import = 0
Number of asset objects unloaded after import = 2
========================================================================
Received Import Request.
  Time since last request: 0.000023 seconds.
  path: Assets/Sprites/Monk/Elementals_ground_monk_FREE_v1.3/png/3_atk/3_atk_4.png
  artifactKey: Guid(17e18caf21acb9f4bbd921156d51f97e) Importer(815301076,1909f56bfc062723c751e8b465ee728b)
Start importing Assets/Sprites/Monk/Elementals_ground_monk_FREE_v1.3/png/3_atk/3_atk_4.png using Guid(17e18caf21acb9f4bbd921156d51f97e) Importer(815301076,1909f56bfc062723c751e8b465ee728b) [PhysX] Initialized MultithreadedTaskDispatcher with 24 workers.
[PhysX] Initialized MultithreadedTaskDispatcher with 24 workers.
 -> (artifact id: '3941ffc13326d5b128ffc0e79d2c394f') in 0.003711 seconds
Number of updated asset objects reloaded before import = 0
Number of asset objects unloaded after import = 2
========================================================================
Received Import Request.
  Time since last request: 0.000048 seconds.
  path: Assets/Sprites/Monk/Elementals_ground_monk_FREE_v1.3/png/3_atk/3_atk_9.png
  artifactKey: Guid(d55c4c4baaa03bf45ab499a19e1e8850) Importer(815301076,1909f56bfc062723c751e8b465ee728b)
Start importing Assets/Sprites/Monk/Elementals_ground_monk_FREE_v1.3/png/3_atk/3_atk_9.png using Guid(d55c4c4baaa03bf45ab499a19e1e8850) Importer(815301076,1909f56bfc062723c751e8b465ee728b) [PhysX] Initialized MultithreadedTaskDispatcher with 24 workers.
[PhysX] Initialized MultithreadedTaskDispatcher with 24 workers.
 -> (artifact id: 'c8e1f30c7976b41a082875ad61fe1ee1') in 0.003899 seconds
Number of updated asset objects reloaded before import = 0
Number of asset objects unloaded after import = 2
========================================================================
Received Import Request.
  Time since last request: 0.000014 seconds.
  path: Assets/Sprites/Monk/Elementals_ground_monk_FREE_v1.3/png/3_atk/3_atk_10.png
  artifactKey: Guid(d2bd6c85a773ce44d8ee3e018e1d86c2) Importer(815301076,1909f56bfc062723c751e8b465ee728b)
Start importing Assets/Sprites/Monk/Elementals_ground_monk_FREE_v1.3/png/3_atk/3_atk_10.png using Guid(d2bd6c85a773ce44d8ee3e018e1d86c2) Importer(815301076,1909f56bfc062723c751e8b465ee728b) [PhysX] Initialized MultithreadedTaskDispatcher with 24 workers.
[PhysX] Initialized MultithreadedTaskDispatcher with 24 workers.
 -> (artifact id: 'b7764458bb319d465ca7f49ea151e390') in 0.004045 seconds
Number of updated asset objects reloaded before import = 0
Number of asset objects unloaded after import = 2
========================================================================
Received Import Request.
  Time since last request: 0.000011 seconds.
  path: Assets/Sprites/Monk/Elementals_ground_monk_FREE_v1.3/png/3_atk/3_atk_6.png
  artifactKey: Guid(cc3fe314a07b8634583f9d232e70865a) Importer(815301076,1909f56bfc062723c751e8b465ee728b)
Start importing Assets/Sprites/Monk/Elementals_ground_monk_FREE_v1.3/png/3_atk/3_atk_6.png using Guid(cc3fe314a07b8634583f9d232e70865a) Importer(815301076,1909f56bfc062723c751e8b465ee728b) [PhysX] Initialized MultithreadedTaskDispatcher with 24 workers.
[PhysX] Initialized MultithreadedTaskDispatcher with 24 workers.
 -> (artifact id: '59ea7062608518206e20fd10eb3013c7') in 0.003933 seconds
Number of updated asset objects reloaded before import = 0
Number of asset objects unloaded after import = 2
========================================================================
Received Import Request.
  Time since last request: 10.539517 seconds.
  path: Assets/Sprites/Monk/Elementals_ground_monk_FREE_v1.3/png/3_atk/3_atk_13.png
  artifactKey: Guid(e68ceb97c1b3f6b43bf31e15683ed569) Importer(815301076,1909f56bfc062723c751e8b465ee728b)
Start importing Assets/Sprites/Monk/Elementals_ground_monk_FREE_v1.3/png/3_atk/3_atk_13.png using Guid(e68ceb97c1b3f6b43bf31e15683ed569) Importer(815301076,1909f56bfc062723c751e8b465ee728b) [PhysX] Initialized MultithreadedTaskDispatcher with 24 workers.
[PhysX] Initialized MultithreadedTaskDispatcher with 24 workers.
 -> (artifact id: '368c0559df803c0b8b11c4c4a8fa7f74') in 0.032910 seconds
Number of updated asset objects reloaded before import = 0
Number of asset objects unloaded after import = 2
========================================================================
Received Import Request.
  Time since last request: 0.437905 seconds.
  path: Assets/Sprites/Monk/Elementals_ground_monk_FREE_v1.3/png/3_atk/3_atk_14.png
  artifactKey: Guid(a4a6b56c54ce5cc48b7cbe72f9317be0) Importer(815301076,1909f56bfc062723c751e8b465ee728b)
Start importing Assets/Sprites/Monk/Elementals_ground_monk_FREE_v1.3/png/3_atk/3_atk_14.png using Guid(a4a6b56c54ce5cc48b7cbe72f9317be0) Importer(815301076,1909f56bfc062723c751e8b465ee728b) [PhysX] Initialized MultithreadedTaskDispatcher with 24 workers.
[PhysX] Initialized MultithreadedTaskDispatcher with 24 workers.
 -> (artifact id: '3622d4894df029602c3533c880cdac40') in 0.008892 seconds
Number of updated asset objects reloaded before import = 0
Number of asset objects unloaded after import = 2
========================================================================
Received Import Request.
  Time since last request: 0.042454 seconds.
  path: Assets/Sprites/Monk/Elementals_ground_monk_FREE_v1.3/png/3_atk/3_atk_15.png
  artifactKey: Guid(a6e7f2a6fa9175841b91497a13486da0) Importer(815301076,1909f56bfc062723c751e8b465ee728b)
Start importing Assets/Sprites/Monk/Elementals_ground_monk_FREE_v1.3/png/3_atk/3_atk_15.png using Guid(a6e7f2a6fa9175841b91497a13486da0) Importer(815301076,1909f56bfc062723c751e8b465ee728b) [PhysX] Initialized MultithreadedTaskDispatcher with 24 workers.
[PhysX] Initialized MultithreadedTaskDispatcher with 24 workers.
 -> (artifact id: '403dbeb420a2172bc5576d8d11574f84') in 0.012095 seconds
Number of updated asset objects reloaded before import = 0
Number of asset objects unloaded after import = 2
========================================================================
Received Import Request.
  Time since last request: 0.239166 seconds.
  path: Assets/Sprites/Monk/Elementals_ground_monk_FREE_v1.3/png/3_atk/3_atk_16.png
  artifactKey: Guid(384a5d8162f641f45afece92d8ff33a9) Importer(815301076,1909f56bfc062723c751e8b465ee728b)
Start importing Assets/Sprites/Monk/Elementals_ground_monk_FREE_v1.3/png/3_atk/3_atk_16.png using Guid(384a5d8162f641f45afece92d8ff33a9) Importer(815301076,1909f56bfc062723c751e8b465ee728b) [PhysX] Initialized MultithreadedTaskDispatcher with 24 workers.
[PhysX] Initialized MultithreadedTaskDispatcher with 24 workers.
 -> (artifact id: '694cb8da8b5de89082c7c753c015960c') in 0.011898 seconds
Number of updated asset objects reloaded before import = 0
Number of asset objects unloaded after import = 2
========================================================================
Received Import Request.
  Time since last request: 0.061807 seconds.
  path: Assets/Sprites/Monk/Elementals_ground_monk_FREE_v1.3/png/3_atk/3_atk_17.png
  artifactKey: Guid(bfe372517216b9645af2e7da4e1c0249) Importer(815301076,1909f56bfc062723c751e8b465ee728b)
Start importing Assets/Sprites/Monk/Elementals_ground_monk_FREE_v1.3/png/3_atk/3_atk_17.png using Guid(bfe372517216b9645af2e7da4e1c0249) Importer(815301076,1909f56bfc062723c751e8b465ee728b) [PhysX] Initialized MultithreadedTaskDispatcher with 24 workers.
[PhysX] Initialized MultithreadedTaskDispatcher with 24 workers.
 -> (artifact id: '043d1819e705b7d82eb6a54805523e5d') in 0.004985 seconds
Number of updated asset objects reloaded before import = 0
Number of asset objects unloaded after import = 2
========================================================================
Received Import Request.
  Time since last request: 0.284497 seconds.
  path: Assets/Sprites/Monk/Elementals_ground_monk_FREE_v1.3/png/3_atk/3_atk_20.png
  artifactKey: Guid(bf00e577c6b3a004faf492deab276d5a) Importer(815301076,1909f56bfc062723c751e8b465ee728b)
Start importing Assets/Sprites/Monk/Elementals_ground_monk_FREE_v1.3/png/3_atk/3_atk_20.png using Guid(bf00e577c6b3a004faf492deab276d5a) Importer(815301076,1909f56bfc062723c751e8b465ee728b) [PhysX] Initialized MultithreadedTaskDispatcher with 24 workers.
[PhysX] Initialized MultithreadedTaskDispatcher with 24 workers.
 -> (artifact id: '54073359ce31be24f9b76030e31a1097') in 0.004619 seconds
Number of updated asset objects reloaded before import = 0
Number of asset objects unloaded after import = 2
========================================================================
Received Import Request.
  Time since last request: 0.019018 seconds.
  path: Assets/Sprites/Monk/Elementals_ground_monk_FREE_v1.3/png/3_atk/3_atk_21.png
  artifactKey: Guid(e41d80401a3c1c44b937fdaa467da627) Importer(815301076,1909f56bfc062723c751e8b465ee728b)
Start importing Assets/Sprites/Monk/Elementals_ground_monk_FREE_v1.3/png/3_atk/3_atk_21.png using Guid(e41d80401a3c1c44b937fdaa467da627) Importer(815301076,1909f56bfc062723c751e8b465ee728b) [PhysX] Initialized MultithreadedTaskDispatcher with 24 workers.
[PhysX] Initialized MultithreadedTaskDispatcher with 24 workers.
 -> (artifact id: 'a7154f67456589ea50d44224e7778246') in 0.004444 seconds
Number of updated asset objects reloaded before import = 0
Number of asset objects unloaded after import = 2
========================================================================
Received Import Request.
  Time since last request: 0.018003 seconds.
  path: Assets/Sprites/Monk/Elementals_ground_monk_FREE_v1.3/png/3_atk/3_atk_22.png
  artifactKey: Guid(1856d6009a6a1a045bc50e60d8aefd7e) Importer(815301076,1909f56bfc062723c751e8b465ee728b)
Start importing Assets/Sprites/Monk/Elementals_ground_monk_FREE_v1.3/png/3_atk/3_atk_22.png using Guid(1856d6009a6a1a045bc50e60d8aefd7e) Importer(815301076,1909f56bfc062723c751e8b465ee728b) [PhysX] Initialized MultithreadedTaskDispatcher with 24 workers.
[PhysX] Initialized MultithreadedTaskDispatcher with 24 workers.
 -> (artifact id: 'e62a5a568b57226f0da7306902f7cd10') in 0.004460 seconds
Number of updated asset objects reloaded before import = 0
Number of asset objects unloaded after import = 2
========================================================================
Received Import Request.
  Time since last request: 0.261163 seconds.
  path: Assets/Sprites/Monk/Elementals_ground_monk_FREE_v1.3/png/3_atk/3_atk_23.png
  artifactKey: Guid(d896b5cb84479d943a0269aecaace7f8) Importer(815301076,1909f56bfc062723c751e8b465ee728b)
Start importing Assets/Sprites/Monk/Elementals_ground_monk_FREE_v1.3/png/3_atk/3_atk_23.png using Guid(d896b5cb84479d943a0269aecaace7f8) Importer(815301076,1909f56bfc062723c751e8b465ee728b) [PhysX] Initialized MultithreadedTaskDispatcher with 24 workers.
[PhysX] Initialized MultithreadedTaskDispatcher with 24 workers.
 -> (artifact id: '9b9917bde8ff9207b40df6bbd34e5697') in 0.003982 seconds
Number of updated asset objects reloaded before import = 0
Number of asset objects unloaded after import = 2
========================================================================
Received Import Request.
  Time since last request: 74.149922 seconds.
  path: Assets/Sprites/Monk/Elementals_ground_monk_FREE_v1.3/png/air_atk/air_atk_1.png
  artifactKey: Guid(e125f0c95738cda4d802cc85bb51ab13) Importer(815301076,1909f56bfc062723c751e8b465ee728b)
Start importing Assets/Sprites/Monk/Elementals_ground_monk_FREE_v1.3/png/air_atk/air_atk_1.png using Guid(e125f0c95738cda4d802cc85bb51ab13) Importer(815301076,1909f56bfc062723c751e8b465ee728b) [PhysX] Initialized MultithreadedTaskDispatcher with 24 workers.
[PhysX] Initialized MultithreadedTaskDispatcher with 24 workers.
 -> (artifact id: '0024adfaf91f27658ead58b1ba733c32') in 0.006071 seconds
Number of updated asset objects reloaded before import = 0
Number of asset objects unloaded after import = 2
========================================================================
Received Import Request.
  Time since last request: 0.019592 seconds.
  path: Assets/Sprites/Monk/Elementals_ground_monk_FREE_v1.3/png/air_atk/air_atk_2.png
  artifactKey: Guid(cbadea20e5bdf1142bf176e0496a7fa1) Importer(815301076,1909f56bfc062723c751e8b465ee728b)
Start importing Assets/Sprites/Monk/Elementals_ground_monk_FREE_v1.3/png/air_atk/air_atk_2.png using Guid(cbadea20e5bdf1142bf176e0496a7fa1) Importer(815301076,1909f56bfc062723c751e8b465ee728b) [PhysX] Initialized MultithreadedTaskDispatcher with 24 workers.
[PhysX] Initialized MultithreadedTaskDispatcher with 24 workers.
 -> (artifact id: '54905fb00796cdacdf8fd4b9d91f168e') in 0.012716 seconds
Number of updated asset objects reloaded before import = 0
Number of asset objects unloaded after import = 2
========================================================================
Received Import Request.
  Time since last request: 0.000127 seconds.
  path: Assets/Sprites/Monk/Elementals_ground_monk_FREE_v1.3/png/air_atk/air_atk_5.png
  artifactKey: Guid(8fad03027ded22d4eba3eefea9d33c3b) Importer(815301076,1909f56bfc062723c751e8b465ee728b)
Start importing Assets/Sprites/Monk/Elementals_ground_monk_FREE_v1.3/png/air_atk/air_atk_5.png using Guid(8fad03027ded22d4eba3eefea9d33c3b) Importer(815301076,1909f56bfc062723c751e8b465ee728b) [PhysX] Initialized MultithreadedTaskDispatcher with 24 workers.
[PhysX] Initialized MultithreadedTaskDispatcher with 24 workers.
 -> (artifact id: '7d2e7e10f30b52ff6e07c0d079bba234') in 0.025253 seconds
Number of updated asset objects reloaded before import = 0
Number of asset objects unloaded after import = 2
========================================================================
Received Import Request.
  Time since last request: 0.000432 seconds.
  path: Assets/Sprites/Monk/Elementals_ground_monk_FREE_v1.3/png/air_atk/air_atk_6.png
  artifactKey: Guid(03e8c67d59a73ac41ae830ecc2915238) Importer(815301076,1909f56bfc062723c751e8b465ee728b)
Start importing Assets/Sprites/Monk/Elementals_ground_monk_FREE_v1.3/png/air_atk/air_atk_6.png using Guid(03e8c67d59a73ac41ae830ecc2915238) Importer(815301076,1909f56bfc062723c751e8b465ee728b) [PhysX] Initialized MultithreadedTaskDispatcher with 24 workers.
[PhysX] Initialized MultithreadedTaskDispatcher with 24 workers.
 -> (artifact id: 'c02557ce9ac85ec7b2649a46113525ba') in 0.012126 seconds
Number of updated asset objects reloaded before import = 0
Number of asset objects unloaded after import = 2
========================================================================
Received Import Request.
  Time since last request: 100.354001 seconds.
  path: Assets/Sprites/Monk/Elementals_ground_monk_FREE_v1.3/png/air_atk/air_atk_1.png
  artifactKey: Guid(e125f0c95738cda4d802cc85bb51ab13) Importer(815301076,1909f56bfc062723c751e8b465ee728b)
Start importing Assets/Sprites/Monk/Elementals_ground_monk_FREE_v1.3/png/air_atk/air_atk_1.png using Guid(e125f0c95738cda4d802cc85bb51ab13) Importer(815301076,1909f56bfc062723c751e8b465ee728b) [PhysX] Initialized MultithreadedTaskDispatcher with 24 workers.
[PhysX] Initialized MultithreadedTaskDispatcher with 24 workers.
 -> (artifact id: '7e61f883f4992edd932843a6c57fd1dd') in 0.027185 seconds
Number of updated asset objects reloaded before import = 0
Number of asset objects unloaded after import = 3
========================================================================
Received Import Request.
  Time since last request: 8.008837 seconds.
  path: Assets/Sprites/Monk/Elementals_ground_monk_FREE_v1.3/png/air_atk/air_atk_2.png
  artifactKey: Guid(cbadea20e5bdf1142bf176e0496a7fa1) Importer(815301076,1909f56bfc062723c751e8b465ee728b)
Start importing Assets/Sprites/Monk/Elementals_ground_monk_FREE_v1.3/png/air_atk/air_atk_2.png using Guid(cbadea20e5bdf1142bf176e0496a7fa1) Importer(815301076,1909f56bfc062723c751e8b465ee728b) [PhysX] Initialized MultithreadedTaskDispatcher with 24 workers.
[PhysX] Initialized MultithreadedTaskDispatcher with 24 workers.
 -> (artifact id: '92ca57480a4a6bbf09b11c3cebcad6db') in 0.024612 seconds
Number of updated asset objects reloaded before import = 0
Number of asset objects unloaded after import = 3
========================================================================
Received Import Request.
  Time since last request: 42.883601 seconds.
  path: Assets/Sprites/Monk/Elementals_ground_monk_FREE_v1.3/png/air_atk/air_atk_3.png
  artifactKey: Guid(d275623fd2368ba4ea3e587f53c9d814) Importer(815301076,1909f56bfc062723c751e8b465ee728b)
Start importing Assets/Sprites/Monk/Elementals_ground_monk_FREE_v1.3/png/air_atk/air_atk_3.png using Guid(d275623fd2368ba4ea3e587f53c9d814) Importer(815301076,1909f56bfc062723c751e8b465ee728b) [PhysX] Initialized MultithreadedTaskDispatcher with 24 workers.
[PhysX] Initialized MultithreadedTaskDispatcher with 24 workers.
 -> (artifact id: '22ab625717a7563328132131f46b976c') in 0.016613 seconds
Number of updated asset objects reloaded before import = 0
Number of asset objects unloaded after import = 4
========================================================================
Received Import Request.
  Time since last request: 20.066241 seconds.
  path: Assets/Sprites/Monk/Elementals_ground_monk_FREE_v1.3/png/air_atk/air_atk_4.png
  artifactKey: Guid(b6ca4dac0c2652445b78d4ceed663cff) Importer(815301076,1909f56bfc062723c751e8b465ee728b)
Start importing Assets/Sprites/Monk/Elementals_ground_monk_FREE_v1.3/png/air_atk/air_atk_4.png using Guid(b6ca4dac0c2652445b78d4ceed663cff) Importer(815301076,1909f56bfc062723c751e8b465ee728b) [PhysX] Initialized MultithreadedTaskDispatcher with 24 workers.
[PhysX] Initialized MultithreadedTaskDispatcher with 24 workers.
 -> (artifact id: '661ebc4a783e46cced13ad35aa87c605') in 0.030722 seconds
Number of updated asset objects reloaded before import = 0
Number of asset objects unloaded after import = 4
========================================================================
Received Import Request.
  Time since last request: 10.183969 seconds.
  path: Assets/Sprites/Monk/Elementals_ground_monk_FREE_v1.3/png/air_atk/air_atk_4.png
  artifactKey: Guid(b6ca4dac0c2652445b78d4ceed663cff) Importer(815301076,1909f56bfc062723c751e8b465ee728b)
Start importing Assets/Sprites/Monk/Elementals_ground_monk_FREE_v1.3/png/air_atk/air_atk_4.png using Guid(b6ca4dac0c2652445b78d4ceed663cff) Importer(815301076,1909f56bfc062723c751e8b465ee728b) [PhysX] Initialized MultithreadedTaskDispatcher with 24 workers.
[PhysX] Initialized MultithreadedTaskDispatcher with 24 workers.
 -> (artifact id: '0d7f247a4491d14f807937a9702bcac8') in 0.022140 seconds
Number of updated asset objects reloaded before import = 0
Number of asset objects unloaded after import = 4
========================================================================
Received Import Request.
  Time since last request: 23.832845 seconds.
  path: Assets/Sprites/Monk/Elementals_ground_monk_FREE_v1.3/png/air_atk/air_atk_5.png
  artifactKey: Guid(8fad03027ded22d4eba3eefea9d33c3b) Importer(815301076,1909f56bfc062723c751e8b465ee728b)
Start importing Assets/Sprites/Monk/Elementals_ground_monk_FREE_v1.3/png/air_atk/air_atk_5.png using Guid(8fad03027ded22d4eba3eefea9d33c3b) Importer(815301076,1909f56bfc062723c751e8b465ee728b) [PhysX] Initialized MultithreadedTaskDispatcher with 24 workers.
[PhysX] Initialized MultithreadedTaskDispatcher with 24 workers.
 -> (artifact id: '7631765af75b25840fde3eef1d8ed1f9') in 0.042499 seconds
Number of updated asset objects reloaded before import = 0
Number of asset objects unloaded after import = 7
========================================================================
Received Import Request.
  Time since last request: 21.811140 seconds.
  path: Assets/Sprites/Monk/Elementals_ground_monk_FREE_v1.3/png/air_atk/air_atk_6.png
  artifactKey: Guid(03e8c67d59a73ac41ae830ecc2915238) Importer(815301076,1909f56bfc062723c751e8b465ee728b)
Start importing Assets/Sprites/Monk/Elementals_ground_monk_FREE_v1.3/png/air_atk/air_atk_6.png using Guid(03e8c67d59a73ac41ae830ecc2915238) Importer(815301076,1909f56bfc062723c751e8b465ee728b) [PhysX] Initialized MultithreadedTaskDispatcher with 24 workers.
[PhysX] Initialized MultithreadedTaskDispatcher with 24 workers.
 -> (artifact id: 'ca8d7176ec097cbf97252823fb900d71') in 0.020107 seconds
Number of updated asset objects reloaded before import = 0
Number of asset objects unloaded after import = 8
========================================================================
Received Import Request.
  Time since last request: 8.841548 seconds.
  path: Assets/Sprites/Monk/Elementals_ground_monk_FREE_v1.3/png/air_atk/air_atk_7.png
  artifactKey: Guid(5ab54a9e6c7932445a2a127f7269de17) Importer(815301076,1909f56bfc062723c751e8b465ee728b)
Start importing Assets/Sprites/Monk/Elementals_ground_monk_FREE_v1.3/png/air_atk/air_atk_7.png using Guid(5ab54a9e6c7932445a2a127f7269de17) Importer(815301076,1909f56bfc062723c751e8b465ee728b) [PhysX] Initialized MultithreadedTaskDispatcher with 24 workers.
[PhysX] Initialized MultithreadedTaskDispatcher with 24 workers.
 -> (artifact id: '8ac110189f03d2b658065344087fcbad') in 0.010172 seconds
Number of updated asset objects reloaded before import = 0
Number of asset objects unloaded after import = 3
========================================================================
Received Import Request.
  Time since last request: 732.338381 seconds.
  path: Assets/Sprites/Monk/Elementals_ground_monk_FREE_v1.3/png/sp_atk/sp_atk_1.png
  artifactKey: Guid(2379a3a432de4e742b97c7a2fae9be54) Importer(815301076,1909f56bfc062723c751e8b465ee728b)
Start importing Assets/Sprites/Monk/Elementals_ground_monk_FREE_v1.3/png/sp_atk/sp_atk_1.png using Guid(2379a3a432de4e742b97c7a2fae9be54) Importer(815301076,1909f56bfc062723c751e8b465ee728b) [PhysX] Initialized MultithreadedTaskDispatcher with 24 workers.
[PhysX] Initialized MultithreadedTaskDispatcher with 24 workers.
 -> (artifact id: '4a4c6e8af1bdd9958f5e29bed6b45632') in 0.006416 seconds
Number of updated asset objects reloaded before import = 0
Number of asset objects unloaded after import = 2
========================================================================
Received Import Request.
  Time since last request: 0.012564 seconds.
  path: Assets/Sprites/Monk/Elementals_ground_monk_FREE_v1.3/png/sp_atk/sp_atk_16.png
  artifactKey: Guid(b415a8fbbe021d5409e113f64f33c9ad) Importer(815301076,1909f56bfc062723c751e8b465ee728b)
Start importing Assets/Sprites/Monk/Elementals_ground_monk_FREE_v1.3/png/sp_atk/sp_atk_16.png using Guid(b415a8fbbe021d5409e113f64f33c9ad) Importer(815301076,1909f56bfc062723c751e8b465ee728b) [PhysX] Initialized MultithreadedTaskDispatcher with 24 workers.
[PhysX] Initialized MultithreadedTaskDispatcher with 24 workers.
 -> (artifact id: '5a28c44824bd8bccb49e3a93ebd75f7f') in 0.003698 seconds
Number of updated asset objects reloaded before import = 0
Number of asset objects unloaded after import = 2
========================================================================
Received Import Request.
  Time since last request: 0.003620 seconds.
  path: Assets/Sprites/Monk/Elementals_ground_monk_FREE_v1.3/png/sp_atk/sp_atk_19.png
  artifactKey: Guid(e4647227aab06134ba88abd24b954657) Importer(815301076,1909f56bfc062723c751e8b465ee728b)
Start importing Assets/Sprites/Monk/Elementals_ground_monk_FREE_v1.3/png/sp_atk/sp_atk_19.png using Guid(e4647227aab06134ba88abd24b954657) Importer(815301076,1909f56bfc062723c751e8b465ee728b) [PhysX] Initialized MultithreadedTaskDispatcher with 24 workers.
[PhysX] Initialized MultithreadedTaskDispatcher with 24 workers.
 -> (artifact id: 'd16eca8c4ff3a1ba6233c5b64632be15') in 0.004379 seconds
Number of updated asset objects reloaded before import = 0
Number of asset objects unloaded after import = 2
========================================================================
Received Import Request.
  Time since last request: 0.002139 seconds.
  path: Assets/Sprites/Monk/Elementals_ground_monk_FREE_v1.3/png/sp_atk/sp_atk_20.png
  artifactKey: Guid(37f2a724494a6704a926b578b2636de2) Importer(815301076,1909f56bfc062723c751e8b465ee728b)
Start importing Assets/Sprites/Monk/Elementals_ground_monk_FREE_v1.3/png/sp_atk/sp_atk_20.png using Guid(37f2a724494a6704a926b578b2636de2) Importer(815301076,1909f56bfc062723c751e8b465ee728b) [PhysX] Initialized MultithreadedTaskDispatcher with 24 workers.
[PhysX] Initialized MultithreadedTaskDispatcher with 24 workers.
 -> (artifact id: '98e81bed86793472c6084c21d129974d') in 0.004444 seconds
Number of updated asset objects reloaded before import = 0
Number of asset objects unloaded after import = 2
========================================================================
Received Import Request.
  Time since last request: 0.000069 seconds.
  path: Assets/Sprites/Monk/Elementals_ground_monk_FREE_v1.3/png/sp_atk/sp_atk_21.png
  artifactKey: Guid(9965a5066ce5a0148877e16bbdd2aece) Importer(815301076,1909f56bfc062723c751e8b465ee728b)
Start importing Assets/Sprites/Monk/Elementals_ground_monk_FREE_v1.3/png/sp_atk/sp_atk_21.png using Guid(9965a5066ce5a0148877e16bbdd2aece) Importer(815301076,1909f56bfc062723c751e8b465ee728b) [PhysX] Initialized MultithreadedTaskDispatcher with 24 workers.
[PhysX] Initialized MultithreadedTaskDispatcher with 24 workers.
 -> (artifact id: '99233bc58b40df1d3087a8f1028a6c50') in 0.003211 seconds
Number of updated asset objects reloaded before import = 0
Number of asset objects unloaded after import = 2
========================================================================
Received Import Request.
  Time since last request: 0.000010 seconds.
  path: Assets/Sprites/Monk/Elementals_ground_monk_FREE_v1.3/png/sp_atk/sp_atk_18.png
  artifactKey: Guid(a24b5d23e6f6e704ba5a959fa908d218) Importer(815301076,1909f56bfc062723c751e8b465ee728b)
Start importing Assets/Sprites/Monk/Elementals_ground_monk_FREE_v1.3/png/sp_atk/sp_atk_18.png using Guid(a24b5d23e6f6e704ba5a959fa908d218) Importer(815301076,1909f56bfc062723c751e8b465ee728b) [PhysX] Initialized MultithreadedTaskDispatcher with 24 workers.
[PhysX] Initialized MultithreadedTaskDispatcher with 24 workers.
 -> (artifact id: '3dfdb74caf67b7714d49a3383d10754d') in 0.003416 seconds
Number of updated asset objects reloaded before import = 0
Number of asset objects unloaded after import = 2
========================================================================
Received Import Request.
  Time since last request: 0.000066 seconds.
  path: Assets/Sprites/Monk/Elementals_ground_monk_FREE_v1.3/png/sp_atk/sp_atk_25.png
  artifactKey: Guid(a5a6fa76fb41f9e45ac3bd274ca2baba) Importer(815301076,1909f56bfc062723c751e8b465ee728b)
Start importing Assets/Sprites/Monk/Elementals_ground_monk_FREE_v1.3/png/sp_atk/sp_atk_25.png using Guid(a5a6fa76fb41f9e45ac3bd274ca2baba) Importer(815301076,1909f56bfc062723c751e8b465ee728b) [PhysX] Initialized MultithreadedTaskDispatcher with 24 workers.
[PhysX] Initialized MultithreadedTaskDispatcher with 24 workers.
 -> (artifact id: '0abb923817d7e1c77c50648306abacd0') in 0.003184 seconds
Number of updated asset objects reloaded before import = 0
Number of asset objects unloaded after import = 2
========================================================================
Received Import Request.
  Time since last request: 0.000016 seconds.
  path: Assets/Sprites/Monk/Elementals_ground_monk_FREE_v1.3/png/sp_atk/sp_atk_24.png
  artifactKey: Guid(625851b14c73e894d8f65e7f41a920c9) Importer(815301076,1909f56bfc062723c751e8b465ee728b)
Start importing Assets/Sprites/Monk/Elementals_ground_monk_FREE_v1.3/png/sp_atk/sp_atk_24.png using Guid(625851b14c73e894d8f65e7f41a920c9) Importer(815301076,1909f56bfc062723c751e8b465ee728b) [PhysX] Initialized MultithreadedTaskDispatcher with 24 workers.
[PhysX] Initialized MultithreadedTaskDispatcher with 24 workers.
 -> (artifact id: 'c2c8a9a1a6811df9db8cfa8c0b8c0ca7') in 0.003985 seconds
Number of updated asset objects reloaded before import = 0
Number of asset objects unloaded after import = 2
========================================================================
Received Import Request.
  Time since last request: 0.000013 seconds.
  path: Assets/Sprites/Monk/Elementals_ground_monk_FREE_v1.3/png/sp_atk/sp_atk_23.png
  artifactKey: Guid(9832ef936846ce94fb0b30b9dc4ba72d) Importer(815301076,1909f56bfc062723c751e8b465ee728b)
Start importing Assets/Sprites/Monk/Elementals_ground_monk_FREE_v1.3/png/sp_atk/sp_atk_23.png using Guid(9832ef936846ce94fb0b30b9dc4ba72d) Importer(815301076,1909f56bfc062723c751e8b465ee728b) [PhysX] Initialized MultithreadedTaskDispatcher with 24 workers.
[PhysX] Initialized MultithreadedTaskDispatcher with 24 workers.
 -> (artifact id: '2920174fb8ca85a97442ba5d5195971b') in 0.003754 seconds
Number of updated asset objects reloaded before import = 0
Number of asset objects unloaded after import = 2
========================================================================
Received Import Request.
  Time since last request: 0.703969 seconds.
  path: Assets/Sprites/Monk/Elementals_ground_monk_FREE_v1.3/png/sp_atk/sp_atk_15.png
  artifactKey: Guid(0d25a37b78d7c874b9a4381bd1477957) Importer(815301076,1909f56bfc062723c751e8b465ee728b)
Start importing Assets/Sprites/Monk/Elementals_ground_monk_FREE_v1.3/png/sp_atk/sp_atk_15.png using Guid(0d25a37b78d7c874b9a4381bd1477957) Importer(815301076,1909f56bfc062723c751e8b465ee728b) [PhysX] Initialized MultithreadedTaskDispatcher with 24 workers.
[PhysX] Initialized MultithreadedTaskDispatcher with 24 workers.
 -> (artifact id: '99deb2864a6b8d00267c74539b034bdc') in 0.006208 seconds
Number of updated asset objects reloaded before import = 0
Number of asset objects unloaded after import = 2
========================================================================
Received Import Request.
  Time since last request: 0.024051 seconds.
  path: Assets/Sprites/Monk/Elementals_ground_monk_FREE_v1.3/png/sp_atk/sp_atk_14.png
  artifactKey: Guid(d6fea9207ddae1a4d9e9bc177de661c7) Importer(815301076,1909f56bfc062723c751e8b465ee728b)
Start importing Assets/Sprites/Monk/Elementals_ground_monk_FREE_v1.3/png/sp_atk/sp_atk_14.png using Guid(d6fea9207ddae1a4d9e9bc177de661c7) Importer(815301076,1909f56bfc062723c751e8b465ee728b) [PhysX] Initialized MultithreadedTaskDispatcher with 24 workers.
[PhysX] Initialized MultithreadedTaskDispatcher with 24 workers.
 -> (artifact id: '7cc4edee57e7479c0d5e6a8ac82195b2') in 0.004181 seconds
Number of updated asset objects reloaded before import = 0
Number of asset objects unloaded after import = 2
========================================================================
Received Import Request.
  Time since last request: 0.019691 seconds.
  path: Assets/Sprites/Monk/Elementals_ground_monk_FREE_v1.3/png/sp_atk/sp_atk_13.png
  artifactKey: Guid(6918608142c68fb4aa98313544a91ca3) Importer(815301076,1909f56bfc062723c751e8b465ee728b)
Start importing Assets/Sprites/Monk/Elementals_ground_monk_FREE_v1.3/png/sp_atk/sp_atk_13.png using Guid(6918608142c68fb4aa98313544a91ca3) Importer(815301076,1909f56bfc062723c751e8b465ee728b) [PhysX] Initialized MultithreadedTaskDispatcher with 24 workers.
[PhysX] Initialized MultithreadedTaskDispatcher with 24 workers.
 -> (artifact id: '555a927ecf56c2ad26fef4d400edcd06') in 0.004565 seconds
Number of updated asset objects reloaded before import = 0
Number of asset objects unloaded after import = 2
========================================================================
Received Import Request.
  Time since last request: 0.001082 seconds.
  path: Assets/Sprites/Monk/Elementals_ground_monk_FREE_v1.3/png/sp_atk/sp_atk_12.png
  artifactKey: Guid(c61f4646fbac8804e81df3282af80c62) Importer(815301076,1909f56bfc062723c751e8b465ee728b)
Start importing Assets/Sprites/Monk/Elementals_ground_monk_FREE_v1.3/png/sp_atk/sp_atk_12.png using Guid(c61f4646fbac8804e81df3282af80c62) Importer(815301076,1909f56bfc062723c751e8b465ee728b) [PhysX] Initialized MultithreadedTaskDispatcher with 24 workers.
[PhysX] Initialized MultithreadedTaskDispatcher with 24 workers.
 -> (artifact id: '0ec5e816fc91b1a242c6f93aef712518') in 0.005709 seconds
Number of updated asset objects reloaded before import = 0
Number of asset objects unloaded after import = 2
========================================================================
Received Import Request.
  Time since last request: 0.248696 seconds.
  path: Assets/Sprites/Monk/Elementals_ground_monk_FREE_v1.3/png/sp_atk/sp_atk_11.png
  artifactKey: Guid(538be47ef5dba6c49afb3eb0a02368e7) Importer(815301076,1909f56bfc062723c751e8b465ee728b)
Start importing Assets/Sprites/Monk/Elementals_ground_monk_FREE_v1.3/png/sp_atk/sp_atk_11.png using Guid(538be47ef5dba6c49afb3eb0a02368e7) Importer(815301076,1909f56bfc062723c751e8b465ee728b) [PhysX] Initialized MultithreadedTaskDispatcher with 24 workers.
[PhysX] Initialized MultithreadedTaskDispatcher with 24 workers.
 -> (artifact id: '4899bc40b9c943806f0878af69b7005b') in 0.004167 seconds
Number of updated asset objects reloaded before import = 0
Number of asset objects unloaded after import = 2
========================================================================
Received Import Request.
  Time since last request: 0.026299 seconds.
  path: Assets/Sprites/Monk/Elementals_ground_monk_FREE_v1.3/png/sp_atk/sp_atk_10.png
  artifactKey: Guid(4a66e069bcd37a14a92db66c347242bb) Importer(815301076,1909f56bfc062723c751e8b465ee728b)
Start importing Assets/Sprites/Monk/Elementals_ground_monk_FREE_v1.3/png/sp_atk/sp_atk_10.png using Guid(4a66e069bcd37a14a92db66c347242bb) Importer(815301076,1909f56bfc062723c751e8b465ee728b) [PhysX] Initialized MultithreadedTaskDispatcher with 24 workers.
[PhysX] Initialized MultithreadedTaskDispatcher with 24 workers.
 -> (artifact id: '1bdafb8b11626a5cef8da31707f83f22') in 0.003922 seconds
Number of updated asset objects reloaded before import = 0
Number of asset objects unloaded after import = 2
========================================================================
Received Import Request.
  Time since last request: 0.000163 seconds.
  path: Assets/Sprites/Monk/Elementals_ground_monk_FREE_v1.3/png/sp_atk/sp_atk_9.png
  artifactKey: Guid(13dea82f8de8ba74788b79dab89fe3f1) Importer(815301076,1909f56bfc062723c751e8b465ee728b)
Start importing Assets/Sprites/Monk/Elementals_ground_monk_FREE_v1.3/png/sp_atk/sp_atk_9.png using Guid(13dea82f8de8ba74788b79dab89fe3f1) Importer(815301076,1909f56bfc062723c751e8b465ee728b) [PhysX] Initialized MultithreadedTaskDispatcher with 24 workers.
[PhysX] Initialized MultithreadedTaskDispatcher with 24 workers.
 -> (artifact id: '5664395db8a5bc4d55c06959301f5f37') in 0.004243 seconds
Number of updated asset objects reloaded before import = 0
Number of asset objects unloaded after import = 2
========================================================================
Received Import Request.
  Time since last request: 0.039977 seconds.
  path: Assets/Sprites/Monk/Elementals_ground_monk_FREE_v1.3/png/sp_atk/sp_atk_8.png
  artifactKey: Guid(851650a90f7d96c409080c3578bf116b) Importer(815301076,1909f56bfc062723c751e8b465ee728b)
Start importing Assets/Sprites/Monk/Elementals_ground_monk_FREE_v1.3/png/sp_atk/sp_atk_8.png using Guid(851650a90f7d96c409080c3578bf116b) Importer(815301076,1909f56bfc062723c751e8b465ee728b) [PhysX] Initialized MultithreadedTaskDispatcher with 24 workers.
[PhysX] Initialized MultithreadedTaskDispatcher with 24 workers.
 -> (artifact id: 'eaffe8e90c1ef6faeab0b67246773328') in 0.004518 seconds
Number of updated asset objects reloaded before import = 0
Number of asset objects unloaded after import = 2
========================================================================
Received Import Request.
  Time since last request: 0.217327 seconds.
  path: Assets/Sprites/Monk/Elementals_ground_monk_FREE_v1.3/png/sp_atk/sp_atk_7.png
  artifactKey: Guid(fb1e9b907ed042a4b985332ea95952f8) Importer(815301076,1909f56bfc062723c751e8b465ee728b)
Start importing Assets/Sprites/Monk/Elementals_ground_monk_FREE_v1.3/png/sp_atk/sp_atk_7.png using Guid(fb1e9b907ed042a4b985332ea95952f8) Importer(815301076,1909f56bfc062723c751e8b465ee728b) [PhysX] Initialized MultithreadedTaskDispatcher with 24 workers.
[PhysX] Initialized MultithreadedTaskDispatcher with 24 workers.
 -> (artifact id: '878ca5a09f3a71e1fad6f21b29ae0763') in 0.004049 seconds
Number of updated asset objects reloaded before import = 0
Number of asset objects unloaded after import = 2
========================================================================
Received Import Request.
  Time since last request: 0.028281 seconds.
  path: Assets/Sprites/Monk/Elementals_ground_monk_FREE_v1.3/png/sp_atk/sp_atk_6.png
  artifactKey: Guid(b376b59c0da4708429156166a80c6e23) Importer(815301076,1909f56bfc062723c751e8b465ee728b)
Start importing Assets/Sprites/Monk/Elementals_ground_monk_FREE_v1.3/png/sp_atk/sp_atk_6.png using Guid(b376b59c0da4708429156166a80c6e23) Importer(815301076,1909f56bfc062723c751e8b465ee728b) [PhysX] Initialized MultithreadedTaskDispatcher with 24 workers.
[PhysX] Initialized MultithreadedTaskDispatcher with 24 workers.
 -> (artifact id: '46c317297792db321a0282e70fa39bdf') in 0.004034 seconds
Number of updated asset objects reloaded before import = 0
Number of asset objects unloaded after import = 2
========================================================================
Received Import Request.
  Time since last request: 0.022141 seconds.
  path: Assets/Sprites/Monk/Elementals_ground_monk_FREE_v1.3/png/sp_atk/sp_atk_5.png
  artifactKey: Guid(3fca572edc897cc4090fb1866b35d4ce) Importer(815301076,1909f56bfc062723c751e8b465ee728b)
Start importing Assets/Sprites/Monk/Elementals_ground_monk_FREE_v1.3/png/sp_atk/sp_atk_5.png using Guid(3fca572edc897cc4090fb1866b35d4ce) Importer(815301076,1909f56bfc062723c751e8b465ee728b) [PhysX] Initialized MultithreadedTaskDispatcher with 24 workers.
[PhysX] Initialized MultithreadedTaskDispatcher with 24 workers.
 -> (artifact id: '834d0e37eca2f4a96304d40be8e3ab5c') in 0.004387 seconds
Number of updated asset objects reloaded before import = 0
Number of asset objects unloaded after import = 2
========================================================================
Received Import Request.
  Time since last request: 0.225174 seconds.
  path: Assets/Sprites/Monk/Elementals_ground_monk_FREE_v1.3/png/sp_atk/sp_atk_4.png
  artifactKey: Guid(38b826eac2c897d4b98abf9997b7cd29) Importer(815301076,1909f56bfc062723c751e8b465ee728b)
Start importing Assets/Sprites/Monk/Elementals_ground_monk_FREE_v1.3/png/sp_atk/sp_atk_4.png using Guid(38b826eac2c897d4b98abf9997b7cd29) Importer(815301076,1909f56bfc062723c751e8b465ee728b) [PhysX] Initialized MultithreadedTaskDispatcher with 24 workers.
[PhysX] Initialized MultithreadedTaskDispatcher with 24 workers.
 -> (artifact id: '29e7546da8bcd4e9bc1e3d85e6d51035') in 0.004734 seconds
Number of updated asset objects reloaded before import = 0
Number of asset objects unloaded after import = 2
========================================================================
Received Import Request.
  Time since last request: 0.023049 seconds.
  path: Assets/Sprites/Monk/Elementals_ground_monk_FREE_v1.3/png/sp_atk/sp_atk_3.png
  artifactKey: Guid(64e19fb9d671f284c8fde41a157f2dad) Importer(815301076,1909f56bfc062723c751e8b465ee728b)
Start importing Assets/Sprites/Monk/Elementals_ground_monk_FREE_v1.3/png/sp_atk/sp_atk_3.png using Guid(64e19fb9d671f284c8fde41a157f2dad) Importer(815301076,1909f56bfc062723c751e8b465ee728b) [PhysX] Initialized MultithreadedTaskDispatcher with 24 workers.
[PhysX] Initialized MultithreadedTaskDispatcher with 24 workers.
 -> (artifact id: '7677c80ab9bd81237385b45742721416') in 0.004313 seconds
Number of updated asset objects reloaded before import = 0
Number of asset objects unloaded after import = 2
========================================================================
Received Import Request.
  Time since last request: 0.008137 seconds.
  path: Assets/Sprites/Monk/Elementals_ground_monk_FREE_v1.3/png/sp_atk/sp_atk_2.png
  artifactKey: Guid(879dba3d58815f447ae04169a2b8ca50) Importer(815301076,1909f56bfc062723c751e8b465ee728b)
Start importing Assets/Sprites/Monk/Elementals_ground_monk_FREE_v1.3/png/sp_atk/sp_atk_2.png using Guid(879dba3d58815f447ae04169a2b8ca50) Importer(815301076,1909f56bfc062723c751e8b465ee728b) [PhysX] Initialized MultithreadedTaskDispatcher with 24 workers.
[PhysX] Initialized MultithreadedTaskDispatcher with 24 workers.
 -> (artifact id: '03b68ce24e332a6a06f4a420d9f3d196') in 0.003540 seconds
Number of updated asset objects reloaded before import = 0
Number of asset objects unloaded after import = 2
========================================================================
Received Import Request.
  Time since last request: 7.662038 seconds.
  path: Assets/Sprites/Monk/Elementals_ground_monk_FREE_v1.3/png/sp_atk/sp_atk_1.png
  artifactKey: Guid(2379a3a432de4e742b97c7a2fae9be54) Importer(815301076,1909f56bfc062723c751e8b465ee728b)
Start importing Assets/Sprites/Monk/Elementals_ground_monk_FREE_v1.3/png/sp_atk/sp_atk_1.png using Guid(2379a3a432de4e742b97c7a2fae9be54) Importer(815301076,1909f56bfc062723c751e8b465ee728b) [PhysX] Initialized MultithreadedTaskDispatcher with 24 workers.
[PhysX] Initialized MultithreadedTaskDispatcher with 24 workers.
 -> (artifact id: '1e7a98f7a22b745b3a822184de938adb') in 0.023624 seconds
Number of updated asset objects reloaded before import = 0
Number of asset objects unloaded after import = 3
========================================================================
Received Import Request.
  Time since last request: 12.299633 seconds.
  path: Assets/Sprites/Monk/Elementals_ground_monk_FREE_v1.3/png/sp_atk/sp_atk_2.png
  artifactKey: Guid(879dba3d58815f447ae04169a2b8ca50) Importer(815301076,1909f56bfc062723c751e8b465ee728b)
Start importing Assets/Sprites/Monk/Elementals_ground_monk_FREE_v1.3/png/sp_atk/sp_atk_2.png using Guid(879dba3d58815f447ae04169a2b8ca50) Importer(815301076,1909f56bfc062723c751e8b465ee728b) [PhysX] Initialized MultithreadedTaskDispatcher with 24 workers.
[PhysX] Initialized MultithreadedTaskDispatcher with 24 workers.
 -> (artifact id: '9c6b95d1304770d9aea7a0e0c87f64a6') in 0.026101 seconds
Number of updated asset objects reloaded before import = 0
Number of asset objects unloaded after import = 3
========================================================================
Received Import Request.
  Time since last request: 12.716613 seconds.
  path: Assets/Sprites/Monk/Elementals_ground_monk_FREE_v1.3/png/sp_atk/sp_atk_3.png
  artifactKey: Guid(64e19fb9d671f284c8fde41a157f2dad) Importer(815301076,1909f56bfc062723c751e8b465ee728b)
Start importing Assets/Sprites/Monk/Elementals_ground_monk_FREE_v1.3/png/sp_atk/sp_atk_3.png using Guid(64e19fb9d671f284c8fde41a157f2dad) Importer(815301076,1909f56bfc062723c751e8b465ee728b) [PhysX] Initialized MultithreadedTaskDispatcher with 24 workers.
[PhysX] Initialized MultithreadedTaskDispatcher with 24 workers.
 -> (artifact id: 'bbd280d3adc28febadce57bbc0b576f3') in 0.018186 seconds
Number of updated asset objects reloaded before import = 0
Number of asset objects unloaded after import = 3
========================================================================
Received Import Request.
  Time since last request: 21.811265 seconds.
  path: Assets/Sprites/Monk/Elementals_ground_monk_FREE_v1.3/png/sp_atk/sp_atk_4.png
  artifactKey: Guid(38b826eac2c897d4b98abf9997b7cd29) Importer(815301076,1909f56bfc062723c751e8b465ee728b)
Start importing Assets/Sprites/Monk/Elementals_ground_monk_FREE_v1.3/png/sp_atk/sp_atk_4.png using Guid(38b826eac2c897d4b98abf9997b7cd29) Importer(815301076,1909f56bfc062723c751e8b465ee728b) [PhysX] Initialized MultithreadedTaskDispatcher with 24 workers.
[PhysX] Initialized MultithreadedTaskDispatcher with 24 workers.
 -> (artifact id: 'a173b89077b12acef6ee1b61df0ecaea') in 0.007450 seconds
Number of updated asset objects reloaded before import = 0
Number of asset objects unloaded after import = 4
========================================================================
Received Import Request.
  Time since last request: 10.813061 seconds.
  path: Assets/Sprites/Monk/Elementals_ground_monk_FREE_v1.3/png/sp_atk/sp_atk_4.png
  artifactKey: Guid(38b826eac2c897d4b98abf9997b7cd29) Importer(815301076,1909f56bfc062723c751e8b465ee728b)
Start importing Assets/Sprites/Monk/Elementals_ground_monk_FREE_v1.3/png/sp_atk/sp_atk_4.png using Guid(38b826eac2c897d4b98abf9997b7cd29) Importer(815301076,1909f56bfc062723c751e8b465ee728b) [PhysX] Initialized MultithreadedTaskDispatcher with 24 workers.
[PhysX] Initialized MultithreadedTaskDispatcher with 24 workers.
 -> (artifact id: '460804c7be024ec417f433ec9cba3b0c') in 0.007049 seconds
Number of updated asset objects reloaded before import = 0
Number of asset objects unloaded after import = 4
========================================================================
Received Import Request.
  Time since last request: 40.915946 seconds.
  path: Assets/Sprites/Monk/Elementals_ground_monk_FREE_v1.3/png/sp_atk/sp_atk_5.png
  artifactKey: Guid(3fca572edc897cc4090fb1866b35d4ce) Importer(815301076,1909f56bfc062723c751e8b465ee728b)
Start importing Assets/Sprites/Monk/Elementals_ground_monk_FREE_v1.3/png/sp_atk/sp_atk_5.png using Guid(3fca572edc897cc4090fb1866b35d4ce) Importer(815301076,1909f56bfc062723c751e8b465ee728b) [PhysX] Initialized MultithreadedTaskDispatcher with 24 workers.
[PhysX] Initialized MultithreadedTaskDispatcher with 24 workers.
 -> (artifact id: 'e5829f9f8c5c6d2975bb4d99d591f7f6') in 0.034047 seconds
Number of updated asset objects reloaded before import = 0
Number of asset objects unloaded after import = 4
========================================================================
Received Import Request.
  Time since last request: 31.743183 seconds.
  path: Assets/Sprites/Monk/Elementals_ground_monk_FREE_v1.3/png/sp_atk/sp_atk_6.png
  artifactKey: Guid(b376b59c0da4708429156166a80c6e23) Importer(815301076,1909f56bfc062723c751e8b465ee728b)
Start importing Assets/Sprites/Monk/Elementals_ground_monk_FREE_v1.3/png/sp_atk/sp_atk_6.png using Guid(b376b59c0da4708429156166a80c6e23) Importer(815301076,1909f56bfc062723c751e8b465ee728b) [PhysX] Initialized MultithreadedTaskDispatcher with 24 workers.
[PhysX] Initialized MultithreadedTaskDispatcher with 24 workers.
 -> (artifact id: 'cbdeebc469c6a5a0d58db323f78298a4') in 0.020902 seconds
Number of updated asset objects reloaded before import = 0
Number of asset objects unloaded after import = 3
========================================================================
Received Import Request.
  Time since last request: 28.942688 seconds.
  path: Assets/Sprites/Monk/Elementals_ground_monk_FREE_v1.3/png/sp_atk/sp_atk_7.png
  artifactKey: Guid(fb1e9b907ed042a4b985332ea95952f8) Importer(815301076,1909f56bfc062723c751e8b465ee728b)
Start importing Assets/Sprites/Monk/Elementals_ground_monk_FREE_v1.3/png/sp_atk/sp_atk_7.png using Guid(fb1e9b907ed042a4b985332ea95952f8) Importer(815301076,1909f56bfc062723c751e8b465ee728b) [PhysX] Initialized MultithreadedTaskDispatcher with 24 workers.
[PhysX] Initialized MultithreadedTaskDispatcher with 24 workers.
 -> (artifact id: '37d8ea8e38a7509efad0a3b2ad3b47b2') in 0.017275 seconds
Number of updated asset objects reloaded before import = 0
Number of asset objects unloaded after import = 3
========================================================================
Received Import Request.
  Time since last request: 29.014151 seconds.
  path: Assets/Sprites/Monk/Elementals_ground_monk_FREE_v1.3/png/sp_atk/sp_atk_8.png
  artifactKey: Guid(851650a90f7d96c409080c3578bf116b) Importer(815301076,1909f56bfc062723c751e8b465ee728b)
Start importing Assets/Sprites/Monk/Elementals_ground_monk_FREE_v1.3/png/sp_atk/sp_atk_8.png using Guid(851650a90f7d96c409080c3578bf116b) Importer(815301076,1909f56bfc062723c751e8b465ee728b) [PhysX] Initialized MultithreadedTaskDispatcher with 24 workers.
[PhysX] Initialized MultithreadedTaskDispatcher with 24 workers.
 -> (artifact id: 'f086e396fead7630beabd5b7693785c6') in 0.029291 seconds
Number of updated asset objects reloaded before import = 0
Number of asset objects unloaded after import = 4
========================================================================
Received Import Request.
  Time since last request: 28.610221 seconds.
  path: Assets/Sprites/Monk/Elementals_ground_monk_FREE_v1.3/png/sp_atk/sp_atk_9.png
  artifactKey: Guid(13dea82f8de8ba74788b79dab89fe3f1) Importer(815301076,1909f56bfc062723c751e8b465ee728b)
Start importing Assets/Sprites/Monk/Elementals_ground_monk_FREE_v1.3/png/sp_atk/sp_atk_9.png using Guid(13dea82f8de8ba74788b79dab89fe3f1) Importer(815301076,1909f56bfc062723c751e8b465ee728b) [PhysX] Initialized MultithreadedTaskDispatcher with 24 workers.
[PhysX] Initialized MultithreadedTaskDispatcher with 24 workers.
 -> (artifact id: '74963e12e5854aba940785a06c496653') in 0.026072 seconds
Number of updated asset objects reloaded before import = 0
Number of asset objects unloaded after import = 4
========================================================================
Received Import Request.
  Time since last request: 23.947561 seconds.
  path: Assets/Sprites/Monk/Elementals_ground_monk_FREE_v1.3/png/sp_atk/sp_atk_10.png
  artifactKey: Guid(4a66e069bcd37a14a92db66c347242bb) Importer(815301076,1909f56bfc062723c751e8b465ee728b)
Start importing Assets/Sprites/Monk/Elementals_ground_monk_FREE_v1.3/png/sp_atk/sp_atk_10.png using Guid(4a66e069bcd37a14a92db66c347242bb) Importer(815301076,1909f56bfc062723c751e8b465ee728b) [PhysX] Initialized MultithreadedTaskDispatcher with 24 workers.
[PhysX] Initialized MultithreadedTaskDispatcher with 24 workers.
 -> (artifact id: 'b0f0cb0001e4cd7e965ed09ee968859f') in 0.026746 seconds
Number of updated asset objects reloaded before import = 0
Number of asset objects unloaded after import = 4
========================================================================
Received Import Request.
  Time since last request: 14.360700 seconds.
  path: Assets/Sprites/Monk/Elementals_ground_monk_FREE_v1.3/png/sp_atk/sp_atk_11.png
  artifactKey: Guid(538be47ef5dba6c49afb3eb0a02368e7) Importer(815301076,1909f56bfc062723c751e8b465ee728b)
Start importing Assets/Sprites/Monk/Elementals_ground_monk_FREE_v1.3/png/sp_atk/sp_atk_11.png using Guid(538be47ef5dba6c49afb3eb0a02368e7) Importer(815301076,1909f56bfc062723c751e8b465ee728b) [PhysX] Initialized MultithreadedTaskDispatcher with 24 workers.
[PhysX] Initialized MultithreadedTaskDispatcher with 24 workers.
 -> (artifact id: '1daf643a58fb4f923154c7576b41e55b') in 0.030237 seconds
Number of updated asset objects reloaded before import = 0
Number of asset objects unloaded after import = 4
========================================================================
Received Import Request.
  Time since last request: 7.905949 seconds.
  path: Assets/Sprites/Monk/Elementals_ground_monk_FREE_v1.3/png/sp_atk/sp_atk_11.png
  artifactKey: Guid(538be47ef5dba6c49afb3eb0a02368e7) Importer(815301076,1909f56bfc062723c751e8b465ee728b)
Start importing Assets/Sprites/Monk/Elementals_ground_monk_FREE_v1.3/png/sp_atk/sp_atk_11.png using Guid(538be47ef5dba6c49afb3eb0a02368e7) Importer(815301076,1909f56bfc062723c751e8b465ee728b) [PhysX] Initialized MultithreadedTaskDispatcher with 24 workers.
[PhysX] Initialized MultithreadedTaskDispatcher with 24 workers.
 -> (artifact id: '61e274f515d5f1271a6041642322bbe6') in 0.006437 seconds
Number of updated asset objects reloaded before import = 0
Number of asset objects unloaded after import = 4
========================================================================
Received Import Request.
  Time since last request: 32.920060 seconds.
  path: Assets/Sprites/Monk/Elementals_ground_monk_FREE_v1.3/png/sp_atk/sp_atk_12.png
  artifactKey: Guid(c61f4646fbac8804e81df3282af80c62) Importer(815301076,1909f56bfc062723c751e8b465ee728b)
Start importing Assets/Sprites/Monk/Elementals_ground_monk_FREE_v1.3/png/sp_atk/sp_atk_12.png using Guid(c61f4646fbac8804e81df3282af80c62) Importer(815301076,1909f56bfc062723c751e8b465ee728b) [PhysX] Initialized MultithreadedTaskDispatcher with 24 workers.
[PhysX] Initialized MultithreadedTaskDispatcher with 24 workers.
 -> (artifact id: 'dc35bf6fe7da8bf5ad9ec459098b082e') in 0.006871 seconds
Number of updated asset objects reloaded before import = 0
Number of asset objects unloaded after import = 4
========================================================================
Received Import Request.
  Time since last request: 23.574838 seconds.
  path: Assets/Sprites/Monk/Elementals_ground_monk_FREE_v1.3/png/sp_atk/sp_atk_13.png
  artifactKey: Guid(6918608142c68fb4aa98313544a91ca3) Importer(815301076,1909f56bfc062723c751e8b465ee728b)
Start importing Assets/Sprites/Monk/Elementals_ground_monk_FREE_v1.3/png/sp_atk/sp_atk_13.png using Guid(6918608142c68fb4aa98313544a91ca3) Importer(815301076,1909f56bfc062723c751e8b465ee728b) [PhysX] Initialized MultithreadedTaskDispatcher with 24 workers.
[PhysX] Initialized MultithreadedTaskDispatcher with 24 workers.
 -> (artifact id: 'ed60688c25350129b5bf04871d1963bf') in 0.006773 seconds
Number of updated asset objects reloaded before import = 0
Number of asset objects unloaded after import = 4
========================================================================
Received Import Request.
  Time since last request: 21.466040 seconds.
  path: Assets/Sprites/Monk/Elementals_ground_monk_FREE_v1.3/png/sp_atk/sp_atk_14.png
  artifactKey: Guid(d6fea9207ddae1a4d9e9bc177de661c7) Importer(815301076,1909f56bfc062723c751e8b465ee728b)
Start importing Assets/Sprites/Monk/Elementals_ground_monk_FREE_v1.3/png/sp_atk/sp_atk_14.png using Guid(d6fea9207ddae1a4d9e9bc177de661c7) Importer(815301076,1909f56bfc062723c751e8b465ee728b) [PhysX] Initialized MultithreadedTaskDispatcher with 24 workers.
[PhysX] Initialized MultithreadedTaskDispatcher with 24 workers.
 -> (artifact id: '88d30f58ec078a2916d50f22a875a6f3') in 0.017592 seconds
Number of updated asset objects reloaded before import = 0
Number of asset objects unloaded after import = 4
========================================================================
Received Import Request.
  Time since last request: 25.746597 seconds.
  path: Assets/Sprites/Monk/Elementals_ground_monk_FREE_v1.3/png/sp_atk/sp_atk_15.png
  artifactKey: Guid(0d25a37b78d7c874b9a4381bd1477957) Importer(815301076,1909f56bfc062723c751e8b465ee728b)
Start importing Assets/Sprites/Monk/Elementals_ground_monk_FREE_v1.3/png/sp_atk/sp_atk_15.png using Guid(0d25a37b78d7c874b9a4381bd1477957) Importer(815301076,1909f56bfc062723c751e8b465ee728b) [PhysX] Initialized MultithreadedTaskDispatcher with 24 workers.
[PhysX] Initialized MultithreadedTaskDispatcher with 24 workers.
 -> (artifact id: 'b001e0e7deaee65a79ca19a81161259f') in 0.011852 seconds
Number of updated asset objects reloaded before import = 0
Number of asset objects unloaded after import = 4
========================================================================
Received Import Request.
  Time since last request: 40.821562 seconds.
  path: Assets/Sprites/Monk/Elementals_ground_monk_FREE_v1.3/png/sp_atk/sp_atk_16.png
  artifactKey: Guid(b415a8fbbe021d5409e113f64f33c9ad) Importer(815301076,1909f56bfc062723c751e8b465ee728b)
Start importing Assets/Sprites/Monk/Elementals_ground_monk_FREE_v1.3/png/sp_atk/sp_atk_16.png using Guid(b415a8fbbe021d5409e113f64f33c9ad) Importer(815301076,1909f56bfc062723c751e8b465ee728b) [PhysX] Initialized MultithreadedTaskDispatcher with 24 workers.
[PhysX] Initialized MultithreadedTaskDispatcher with 24 workers.
 -> (artifact id: 'd6ede918789a83aa6ff171f777c05909') in 0.030036 seconds
Number of updated asset objects reloaded before import = 0
Number of asset objects unloaded after import = 4
========================================================================
Received Import Request.
  Time since last request: 25.783781 seconds.
  path: Assets/Sprites/Monk/Elementals_ground_monk_FREE_v1.3/png/sp_atk/sp_atk_17.png
  artifactKey: Guid(3fd5ee6b7c7a4754fb31a896a9d4f8f1) Importer(815301076,1909f56bfc062723c751e8b465ee728b)
Start importing Assets/Sprites/Monk/Elementals_ground_monk_FREE_v1.3/png/sp_atk/sp_atk_17.png using Guid(3fd5ee6b7c7a4754fb31a896a9d4f8f1) Importer(815301076,1909f56bfc062723c751e8b465ee728b) [PhysX] Initialized MultithreadedTaskDispatcher with 24 workers.
[PhysX] Initialized MultithreadedTaskDispatcher with 24 workers.
 -> (artifact id: 'e23d54acb309dc0f142c3e25b2d769bb') in 0.010909 seconds
Number of updated asset objects reloaded before import = 0
Number of asset objects unloaded after import = 4
========================================================================
Received Import Request.
  Time since last request: 35.062729 seconds.
  path: Assets/Sprites/Monk/Elementals_ground_monk_FREE_v1.3/png/sp_atk/sp_atk_18.png
  artifactKey: Guid(a24b5d23e6f6e704ba5a959fa908d218) Importer(815301076,1909f56bfc062723c751e8b465ee728b)
Start importing Assets/Sprites/Monk/Elementals_ground_monk_FREE_v1.3/png/sp_atk/sp_atk_18.png using Guid(a24b5d23e6f6e704ba5a959fa908d218) Importer(815301076,1909f56bfc062723c751e8b465ee728b) [PhysX] Initialized MultithreadedTaskDispatcher with 24 workers.
[PhysX] Initialized MultithreadedTaskDispatcher with 24 workers.
 -> (artifact id: 'f13074e5cddb0b3116ad345e9466e35b') in 0.029743 seconds
Number of updated asset objects reloaded before import = 0
Number of asset objects unloaded after import = 4
========================================================================
Received Import Request.
  Time since last request: 27.152307 seconds.
  path: Assets/Sprites/Monk/Elementals_ground_monk_FREE_v1.3/png/sp_atk/sp_atk_19.png
  artifactKey: Guid(e4647227aab06134ba88abd24b954657) Importer(815301076,1909f56bfc062723c751e8b465ee728b)
Start importing Assets/Sprites/Monk/Elementals_ground_monk_FREE_v1.3/png/sp_atk/sp_atk_19.png using Guid(e4647227aab06134ba88abd24b954657) Importer(815301076,1909f56bfc062723c751e8b465ee728b) [PhysX] Initialized MultithreadedTaskDispatcher with 24 workers.
[PhysX] Initialized MultithreadedTaskDispatcher with 24 workers.
 -> (artifact id: 'e6cb76bc8b1e5a66d7e2cc3f889bea23') in 0.025824 seconds
Number of updated asset objects reloaded before import = 0
Number of asset objects unloaded after import = 4
========================================================================
Received Import Request.
  Time since last request: 51.587931 seconds.
  path: Assets/Sprites/Monk/Elementals_ground_monk_FREE_v1.3/png/sp_atk/sp_atk_20.png
  artifactKey: Guid(37f2a724494a6704a926b578b2636de2) Importer(815301076,1909f56bfc062723c751e8b465ee728b)
Start importing Assets/Sprites/Monk/Elementals_ground_monk_FREE_v1.3/png/sp_atk/sp_atk_20.png using Guid(37f2a724494a6704a926b578b2636de2) Importer(815301076,1909f56bfc062723c751e8b465ee728b) [PhysX] Initialized MultithreadedTaskDispatcher with 24 workers.
[PhysX] Initialized MultithreadedTaskDispatcher with 24 workers.
 -> (artifact id: 'f29103cebbfac4d163330297c5e6753b') in 0.021239 seconds
Number of updated asset objects reloaded before import = 0
Number of asset objects unloaded after import = 4
========================================================================
Received Import Request.
  Time since last request: 29.862167 seconds.
  path: Assets/Sprites/Monk/Elementals_ground_monk_FREE_v1.3/png/sp_atk/sp_atk_21.png
  artifactKey: Guid(9965a5066ce5a0148877e16bbdd2aece) Importer(815301076,1909f56bfc062723c751e8b465ee728b)
Start importing Assets/Sprites/Monk/Elementals_ground_monk_FREE_v1.3/png/sp_atk/sp_atk_21.png using Guid(9965a5066ce5a0148877e16bbdd2aece) Importer(815301076,1909f56bfc062723c751e8b465ee728b) [PhysX] Initialized MultithreadedTaskDispatcher with 24 workers.
[PhysX] Initialized MultithreadedTaskDispatcher with 24 workers.
 -> (artifact id: '4a42d842f1ce1da7e64147e268841b38') in 0.030978 seconds
Number of updated asset objects reloaded before import = 0
Number of asset objects unloaded after import = 4
========================================================================
Received Import Request.
  Time since last request: 15.163305 seconds.
  path: Assets/Sprites/Monk/Elementals_ground_monk_FREE_v1.3/png/sp_atk/sp_atk_22.png
  artifactKey: Guid(273d8741b794fc24498362391d344cf0) Importer(815301076,1909f56bfc062723c751e8b465ee728b)
Start importing Assets/Sprites/Monk/Elementals_ground_monk_FREE_v1.3/png/sp_atk/sp_atk_22.png using Guid(273d8741b794fc24498362391d344cf0) Importer(815301076,1909f56bfc062723c751e8b465ee728b) [PhysX] Initialized MultithreadedTaskDispatcher with 24 workers.
[PhysX] Initialized MultithreadedTaskDispatcher with 24 workers.
 -> (artifact id: 'a7449c138becb4d248de3487822a30b1') in 0.028338 seconds
Number of updated asset objects reloaded before import = 0
Number of asset objects unloaded after import = 4
========================================================================
Received Import Request.
  Time since last request: 12.766537 seconds.
  path: Assets/Sprites/Monk/Elementals_ground_monk_FREE_v1.3/png/sp_atk/sp_atk_22.png
  artifactKey: Guid(273d8741b794fc24498362391d344cf0) Importer(815301076,1909f56bfc062723c751e8b465ee728b)
Start importing Assets/Sprites/Monk/Elementals_ground_monk_FREE_v1.3/png/sp_atk/sp_atk_22.png using Guid(273d8741b794fc24498362391d344cf0) Importer(815301076,1909f56bfc062723c751e8b465ee728b) [PhysX] Initialized MultithreadedTaskDispatcher with 24 workers.
[PhysX] Initialized MultithreadedTaskDispatcher with 24 workers.
 -> (artifact id: 'ca60b3f0d493770f71fe7e8f1c81c6a2') in 0.018819 seconds
Number of updated asset objects reloaded before import = 0
Number of asset objects unloaded after import = 4
========================================================================
Received Import Request.
  Time since last request: 18.442829 seconds.
  path: Assets/Sprites/Monk/Elementals_ground_monk_FREE_v1.3/png/sp_atk/sp_atk_23.png
  artifactKey: Guid(9832ef936846ce94fb0b30b9dc4ba72d) Importer(815301076,1909f56bfc062723c751e8b465ee728b)
Start importing Assets/Sprites/Monk/Elementals_ground_monk_FREE_v1.3/png/sp_atk/sp_atk_23.png using Guid(9832ef936846ce94fb0b30b9dc4ba72d) Importer(815301076,1909f56bfc062723c751e8b465ee728b) [PhysX] Initialized MultithreadedTaskDispatcher with 24 workers.
[PhysX] Initialized MultithreadedTaskDispatcher with 24 workers.
 -> (artifact id: 'cb5c745844ed44b93bdbd6d6dfe7ff14') in 0.016995 seconds
Number of updated asset objects reloaded before import = 0
Number of asset objects unloaded after import = 4
========================================================================
Received Import Request.
  Time since last request: 20.201997 seconds.
  path: Assets/Sprites/Monk/Elementals_ground_monk_FREE_v1.3/png/sp_atk/sp_atk_24.png
  artifactKey: Guid(625851b14c73e894d8f65e7f41a920c9) Importer(815301076,1909f56bfc062723c751e8b465ee728b)
Start importing Assets/Sprites/Monk/Elementals_ground_monk_FREE_v1.3/png/sp_atk/sp_atk_24.png using Guid(625851b14c73e894d8f65e7f41a920c9) Importer(815301076,1909f56bfc062723c751e8b465ee728b) [PhysX] Initialized MultithreadedTaskDispatcher with 24 workers.
[PhysX] Initialized MultithreadedTaskDispatcher with 24 workers.
 -> (artifact id: '44c656c3c271cbde789c4fdee4ac8b44') in 0.011652 seconds
Number of updated asset objects reloaded before import = 0
Number of asset objects unloaded after import = 4
========================================================================
Received Import Request.
  Time since last request: 22.058134 seconds.
  path: Assets/Sprites/Monk/Elementals_ground_monk_FREE_v1.3/png/sp_atk/sp_atk_25.png
  artifactKey: Guid(a5a6fa76fb41f9e45ac3bd274ca2baba) Importer(815301076,1909f56bfc062723c751e8b465ee728b)
Start importing Assets/Sprites/Monk/Elementals_ground_monk_FREE_v1.3/png/sp_atk/sp_atk_25.png using Guid(a5a6fa76fb41f9e45ac3bd274ca2baba) Importer(815301076,1909f56bfc062723c751e8b465ee728b) [PhysX] Initialized MultithreadedTaskDispatcher with 24 workers.
[PhysX] Initialized MultithreadedTaskDispatcher with 24 workers.
 -> (artifact id: '3bef4e35345a465534748c495b09082b') in 0.004913 seconds
Number of updated asset objects reloaded before import = 0
Number of asset objects unloaded after import = 3
========================================================================
Received Prepare
Caller must complete domain reload
Begin MonoManager ReloadAssembly
- Loaded All Assemblies, in  0.301 seconds
Native extension for WindowsStandalone target not found
Mono: successfully reloaded assembly
- Finished resetting the current domain, in  0.781 seconds
Domain Reload Profiling: 1079ms
	BeginReloadAssembly (109ms)
		ExecutionOrderSort (0ms)
		DisableScriptedObjects (4ms)
		BackupInstance (0ms)
		ReleaseScriptingObjects (0ms)
		CreateAndSetChildDomain (25ms)
	RebuildCommonClasses (20ms)
	RebuildNativeTypeToScriptingClass (6ms)
	initialDomainReloadingComplete (18ms)
	LoadAllAssembliesAndSetupDomain (145ms)
		LoadAssemblies (191ms)
		RebuildTransferFunctionScriptingTraits (0ms)
		AnalyzeDomain (9ms)
			TypeCache.Refresh (4ms)
				TypeCache.ScanAssembly (0ms)
			ScanForSourceGeneratedMonoScriptInfo (0ms)
			ResolveRequiredComponents (3ms)
	FinalizeReload (781ms)
		ReleaseScriptCaches (0ms)
		RebuildScriptCaches (0ms)
		SetupLoadedEditorAssemblies (429ms)
			LogAssemblyErrors (0ms)
			InitializePlatformSupportModulesInManaged (5ms)
			SetLoadedEditorAssemblies (2ms)
			RefreshPlugins (0ms)
			BeforeProcessingInitializeOnLoad (41ms)
			ProcessInitializeOnLoadAttributes (357ms)
			ProcessInitializeOnLoadMethodAttributes (19ms)
			AfterProcessingInitializeOnLoad (5ms)
			EditorAssembliesLoaded (0ms)
		ExecutionOrderSort2 (0ms)
		AwakeInstancesAfterBackupRestoration (6ms)
Refreshing native plugins compatible for Editor in 2.15 ms, found 3 plugins.
Preloading 0 native plugins for Editor in 0.00 ms.
Unloading 3739 Unused Serialized files (Serialized files now loaded: 0)
Unloading 14 unused Assets / (28.6 KB). Loaded Objects now: 4360.
Memory consumption went from 137.3 MB to 137.3 MB.
Total: 2.684200 ms (FindLiveObjects: 0.206500 ms CreateObjectMapping: 0.093700 ms MarkObjects: 2.350300 ms  DeleteObjects: 0.033100 ms)

Prepare: number of updated asset objects reloaded= 0
AssetImportParameters requested are different than current active one (requested -> active):
  custom:container-demuxer-ogg: 62fdf1f143b41e24485cea50d1cbac27 -> 
  custom:video-codec-MediaFoundation-h265: 746d11721c4dcdbdad8f713fa42b33f4 -> 
  custom:video-decoder-ogg-theora: a1e56fd34408186e4bbccfd4996cb3dc -> 
  custom:framework-win-MediaFoundation: 216162199b28c13a410421893ffa2e32 -> 
  custom:CustomObjectIndexerAttribute: 9a22284fe3817be447336de3de66b15e -> 
  custom:container-demuxer-webm: 4f35f7cbe854078d1ac9338744f61a02 -> 
  custom:container-muxer-webm: aa71ff27fc2769a1b78a27578f13a17b -> 
  custom:video-decoder-webm-vp8: 9c59270c3fd7afecdb556c50c9e8de78 -> 
  custom:SearchIndexIgnoredProperties: e643bd26f0fe6173181afceb89e7c659 -> 
  custom:AudioImporter_EditorPlatform: d09bf68614088b80899f8185d706f6e7 -> 
  custom:video-encoder-webm-vp8: eb34c28f22e8b96e1ab97ce403110664 -> 
  custom:audio-decoder-ogg-vorbis: bf7c407c2cedff20999df2af8eb42d56 -> 
  custom:audio-encoder-webm-vorbis: bf7c407c2cedff20999df2af8eb42d56 -> 
========================================================================
Received Import Request.
  Time since last request: 248.811343 seconds.
  path: Assets/Sprites/Monk/Elementals_ground_monk_FREE_v1.3/png/3_atk/3_atk_1.png
  artifactKey: Guid(f222f17f61a9b434fb86259fd2e6e413) Importer(815301076,1909f56bfc062723c751e8b465ee728b)
Start importing Assets/Sprites/Monk/Elementals_ground_monk_FREE_v1.3/png/3_atk/3_atk_1.png using Guid(f222f17f61a9b434fb86259fd2e6e413) Importer(815301076,1909f56bfc062723c751e8b465ee728b) [PhysX] Initialized MultithreadedTaskDispatcher with 24 workers.
[PhysX] Initialized MultithreadedTaskDispatcher with 24 workers.
 -> (artifact id: 'd409f0ef7d5e8cd0132bf95cd869ac1e') in 0.036850 seconds
Number of updated asset objects reloaded before import = 0
Number of asset objects unloaded after import = 2
========================================================================
Received Import Request.
  Time since last request: 0.000928 seconds.
  path: Assets/Sprites/Monk/Elementals_ground_monk_FREE_v1.3/png/3_atk/3_atk_15.png
  artifactKey: Guid(a6e7f2a6fa9175841b91497a13486da0) Importer(815301076,1909f56bfc062723c751e8b465ee728b)
Start importing Assets/Sprites/Monk/Elementals_ground_monk_FREE_v1.3/png/3_atk/3_atk_15.png using Guid(a6e7f2a6fa9175841b91497a13486da0) Importer(815301076,1909f56bfc062723c751e8b465ee728b) [PhysX] Initialized MultithreadedTaskDispatcher with 24 workers.
[PhysX] Initialized MultithreadedTaskDispatcher with 24 workers.
 -> (artifact id: '23019d0d604787988ac9f22468caf697') in 0.010477 seconds
Number of updated asset objects reloaded before import = 0
Number of asset objects unloaded after import = 2
========================================================================
Received Import Request.
  Time since last request: 0.000016 seconds.
  path: Assets/Sprites/Monk/Elementals_ground_monk_FREE_v1.3/png/3_atk/3_atk_19.png
  artifactKey: Guid(0d98d4e9899ca734e94dc1f47b0d6676) Importer(815301076,1909f56bfc062723c751e8b465ee728b)
Start importing Assets/Sprites/Monk/Elementals_ground_monk_FREE_v1.3/png/3_atk/3_atk_19.png using Guid(0d98d4e9899ca734e94dc1f47b0d6676) Importer(815301076,1909f56bfc062723c751e8b465ee728b) [PhysX] Initialized MultithreadedTaskDispatcher with 24 workers.
[PhysX] Initialized MultithreadedTaskDispatcher with 24 workers.
 -> (artifact id: '12bfb875418fd14f015ab5ce2f642f2d') in 0.011399 seconds
Number of updated asset objects reloaded before import = 0
Number of asset objects unloaded after import = 2
========================================================================
Received Import Request.
  Time since last request: 0.000036 seconds.
  path: Assets/Sprites/Monk/Elementals_ground_monk_FREE_v1.3/png/3_atk/3_atk_21.png
  artifactKey: Guid(e41d80401a3c1c44b937fdaa467da627) Importer(815301076,1909f56bfc062723c751e8b465ee728b)
Start importing Assets/Sprites/Monk/Elementals_ground_monk_FREE_v1.3/png/3_atk/3_atk_21.png using Guid(e41d80401a3c1c44b937fdaa467da627) Importer(815301076,1909f56bfc062723c751e8b465ee728b) [PhysX] Initialized MultithreadedTaskDispatcher with 24 workers.
[PhysX] Initialized MultithreadedTaskDispatcher with 24 workers.
 -> (artifact id: 'de62eaacfe3eb14b38f7047d2a5318a1') in 0.011209 seconds
Number of updated asset objects reloaded before import = 0
Number of asset objects unloaded after import = 2
========================================================================
Received Import Request.
  Time since last request: 0.000019 seconds.
  path: Assets/Sprites/Monk/Elementals_ground_monk_FREE_v1.3/png/3_atk/3_atk_17.png
  artifactKey: Guid(bfe372517216b9645af2e7da4e1c0249) Importer(815301076,1909f56bfc062723c751e8b465ee728b)
Start importing Assets/Sprites/Monk/Elementals_ground_monk_FREE_v1.3/png/3_atk/3_atk_17.png using Guid(bfe372517216b9645af2e7da4e1c0249) Importer(815301076,1909f56bfc062723c751e8b465ee728b) [PhysX] Initialized MultithreadedTaskDispatcher with 24 workers.
[PhysX] Initialized MultithreadedTaskDispatcher with 24 workers.
 -> (artifact id: '6042b8b2a6a7f9e9ba3af56b4a21931b') in 0.015372 seconds
Number of updated asset objects reloaded before import = 0
Number of asset objects unloaded after import = 2
========================================================================
Received Import Request.
  Time since last request: 0.000209 seconds.
  path: Assets/Sprites/Monk/Elementals_ground_monk_FREE_v1.3/png/3_atk/3_atk_22.png
  artifactKey: Guid(1856d6009a6a1a045bc50e60d8aefd7e) Importer(815301076,1909f56bfc062723c751e8b465ee728b)
Start importing Assets/Sprites/Monk/Elementals_ground_monk_FREE_v1.3/png/3_atk/3_atk_22.png using Guid(1856d6009a6a1a045bc50e60d8aefd7e) Importer(815301076,1909f56bfc062723c751e8b465ee728b) [PhysX] Initialized MultithreadedTaskDispatcher with 24 workers.
[PhysX] Initialized MultithreadedTaskDispatcher with 24 workers.
 -> (artifact id: '29bb98cb541c8279d87080f9575eebf1') in 0.012692 seconds
Number of updated asset objects reloaded before import = 0
Number of asset objects unloaded after import = 2
========================================================================
Received Import Request.
  Time since last request: 0.000014 seconds.
  path: Assets/Sprites/Monk/Elementals_ground_monk_FREE_v1.3/png/3_atk/3_atk_18.png
  artifactKey: Guid(22007f0c5f193004eb7d6fa694c83438) Importer(815301076,1909f56bfc062723c751e8b465ee728b)
Start importing Assets/Sprites/Monk/Elementals_ground_monk_FREE_v1.3/png/3_atk/3_atk_18.png using Guid(22007f0c5f193004eb7d6fa694c83438) Importer(815301076,1909f56bfc062723c751e8b465ee728b) [PhysX] Initialized MultithreadedTaskDispatcher with 24 workers.
[PhysX] Initialized MultithreadedTaskDispatcher with 24 workers.
 -> (artifact id: '5de522d6cf641534458adccb41a3a9e7') in 0.022925 seconds
Number of updated asset objects reloaded before import = 0
Number of asset objects unloaded after import = 2
========================================================================
Received Import Request.
  Time since last request: 1.357741 seconds.
  path: Assets/Sprites/Monk/Elementals_ground_monk_FREE_v1.3/png/3_atk/3_atk_13.png
  artifactKey: Guid(e68ceb97c1b3f6b43bf31e15683ed569) Importer(815301076,1909f56bfc062723c751e8b465ee728b)
Start importing Assets/Sprites/Monk/Elementals_ground_monk_FREE_v1.3/png/3_atk/3_atk_13.png using Guid(e68ceb97c1b3f6b43bf31e15683ed569) Importer(815301076,1909f56bfc062723c751e8b465ee728b) [PhysX] Initialized MultithreadedTaskDispatcher with 24 workers.
[PhysX] Initialized MultithreadedTaskDispatcher with 24 workers.
 -> (artifact id: '03a561f8fe7d3c7380b470338f3e7907') in 0.004605 seconds
Number of updated asset objects reloaded before import = 0
Number of asset objects unloaded after import = 2
========================================================================
Received Import Request.
  Time since last request: 0.022716 seconds.
  path: Assets/Sprites/Monk/Elementals_ground_monk_FREE_v1.3/png/3_atk/3_atk_12.png
  artifactKey: Guid(79c3cba96d2ece54ca4ae9805b904b4e) Importer(815301076,1909f56bfc062723c751e8b465ee728b)
Start importing Assets/Sprites/Monk/Elementals_ground_monk_FREE_v1.3/png/3_atk/3_atk_12.png using Guid(79c3cba96d2ece54ca4ae9805b904b4e) Importer(815301076,1909f56bfc062723c751e8b465ee728b) [PhysX] Initialized MultithreadedTaskDispatcher with 24 workers.
[PhysX] Initialized MultithreadedTaskDispatcher with 24 workers.
 -> (artifact id: 'bd2b7bf563a15b5bd9ae547c14bfdfb2') in 0.003577 seconds
Number of updated asset objects reloaded before import = 0
Number of asset objects unloaded after import = 2
========================================================================
Received Import Request.
  Time since last request: 0.024693 seconds.
  path: Assets/Sprites/Monk/Elementals_ground_monk_FREE_v1.3/png/3_atk/3_atk_11.png
  artifactKey: Guid(5f97bc7d3172e1d4b9127b35ca660695) Importer(815301076,1909f56bfc062723c751e8b465ee728b)
Start importing Assets/Sprites/Monk/Elementals_ground_monk_FREE_v1.3/png/3_atk/3_atk_11.png using Guid(5f97bc7d3172e1d4b9127b35ca660695) Importer(815301076,1909f56bfc062723c751e8b465ee728b) [PhysX] Initialized MultithreadedTaskDispatcher with 24 workers.
[PhysX] Initialized MultithreadedTaskDispatcher with 24 workers.
 -> (artifact id: '40c444aa99f69f48f87bfbb5e69846ce') in 0.004645 seconds
Number of updated asset objects reloaded before import = 0
Number of asset objects unloaded after import = 2
========================================================================
Received Import Request.
  Time since last request: 0.001294 seconds.
  path: Assets/Sprites/Monk/Elementals_ground_monk_FREE_v1.3/png/3_atk/3_atk_10.png
  artifactKey: Guid(d2bd6c85a773ce44d8ee3e018e1d86c2) Importer(815301076,1909f56bfc062723c751e8b465ee728b)
Start importing Assets/Sprites/Monk/Elementals_ground_monk_FREE_v1.3/png/3_atk/3_atk_10.png using Guid(d2bd6c85a773ce44d8ee3e018e1d86c2) Importer(815301076,1909f56bfc062723c751e8b465ee728b) [PhysX] Initialized MultithreadedTaskDispatcher with 24 workers.
[PhysX] Initialized MultithreadedTaskDispatcher with 24 workers.
 -> (artifact id: 'f29b1f7749c259bd39908de46389e835') in 0.004823 seconds
Number of updated asset objects reloaded before import = 0
Number of asset objects unloaded after import = 2
========================================================================
Received Import Request.
  Time since last request: 0.257623 seconds.
  path: Assets/Sprites/Monk/Elementals_ground_monk_FREE_v1.3/png/3_atk/3_atk_9.png
  artifactKey: Guid(d55c4c4baaa03bf45ab499a19e1e8850) Importer(815301076,1909f56bfc062723c751e8b465ee728b)
Start importing Assets/Sprites/Monk/Elementals_ground_monk_FREE_v1.3/png/3_atk/3_atk_9.png using Guid(d55c4c4baaa03bf45ab499a19e1e8850) Importer(815301076,1909f56bfc062723c751e8b465ee728b) [PhysX] Initialized MultithreadedTaskDispatcher with 24 workers.
[PhysX] Initialized MultithreadedTaskDispatcher with 24 workers.
 -> (artifact id: 'b9f7c365ba8cf4aa9714f2ca0efcb0d5') in 0.004167 seconds
Number of updated asset objects reloaded before import = 0
Number of asset objects unloaded after import = 2
========================================================================
Received Import Request.
  Time since last request: 0.020947 seconds.
  path: Assets/Sprites/Monk/Elementals_ground_monk_FREE_v1.3/png/3_atk/3_atk_8.png
  artifactKey: Guid(316ce494355b908448ce76586937c94e) Importer(815301076,1909f56bfc062723c751e8b465ee728b)
Start importing Assets/Sprites/Monk/Elementals_ground_monk_FREE_v1.3/png/3_atk/3_atk_8.png using Guid(316ce494355b908448ce76586937c94e) Importer(815301076,1909f56bfc062723c751e8b465ee728b) [PhysX] Initialized MultithreadedTaskDispatcher with 24 workers.
[PhysX] Initialized MultithreadedTaskDispatcher with 24 workers.
 -> (artifact id: '1fdeada18c88c4109ab2a89f864138b1') in 0.004826 seconds
Number of updated asset objects reloaded before import = 0
Number of asset objects unloaded after import = 2
========================================================================
Received Import Request.
  Time since last request: 0.023121 seconds.
  path: Assets/Sprites/Monk/Elementals_ground_monk_FREE_v1.3/png/3_atk/3_atk_7.png
  artifactKey: Guid(0dfc1e2c704923e40a329f54c72e4932) Importer(815301076,1909f56bfc062723c751e8b465ee728b)
Start importing Assets/Sprites/Monk/Elementals_ground_monk_FREE_v1.3/png/3_atk/3_atk_7.png using Guid(0dfc1e2c704923e40a329f54c72e4932) Importer(815301076,1909f56bfc062723c751e8b465ee728b) [PhysX] Initialized MultithreadedTaskDispatcher with 24 workers.
[PhysX] Initialized MultithreadedTaskDispatcher with 24 workers.
 -> (artifact id: '278dfab45e22099e18fdcf4319960c72') in 0.004508 seconds
Number of updated asset objects reloaded before import = 0
Number of asset objects unloaded after import = 2
========================================================================
Received Import Request.
  Time since last request: 0.253222 seconds.
  path: Assets/Sprites/Monk/Elementals_ground_monk_FREE_v1.3/png/3_atk/3_atk_6.png
  artifactKey: Guid(cc3fe314a07b8634583f9d232e70865a) Importer(815301076,1909f56bfc062723c751e8b465ee728b)
Start importing Assets/Sprites/Monk/Elementals_ground_monk_FREE_v1.3/png/3_atk/3_atk_6.png using Guid(cc3fe314a07b8634583f9d232e70865a) Importer(815301076,1909f56bfc062723c751e8b465ee728b) [PhysX] Initialized MultithreadedTaskDispatcher with 24 workers.
[PhysX] Initialized MultithreadedTaskDispatcher with 24 workers.
 -> (artifact id: '53f777fb7be130000f2216ab9160bf77') in 0.004156 seconds
Number of updated asset objects reloaded before import = 0
Number of asset objects unloaded after import = 2
========================================================================
Received Import Request.
  Time since last request: 0.024366 seconds.
  path: Assets/Sprites/Monk/Elementals_ground_monk_FREE_v1.3/png/3_atk/3_atk_5.png
  artifactKey: Guid(139ee7ef38f7b474796f6b38af87d4d8) Importer(815301076,1909f56bfc062723c751e8b465ee728b)
Start importing Assets/Sprites/Monk/Elementals_ground_monk_FREE_v1.3/png/3_atk/3_atk_5.png using Guid(139ee7ef38f7b474796f6b38af87d4d8) Importer(815301076,1909f56bfc062723c751e8b465ee728b) [PhysX] Initialized MultithreadedTaskDispatcher with 24 workers.
[PhysX] Initialized MultithreadedTaskDispatcher with 24 workers.
 -> (artifact id: '3afea7367a8f691531d6b1f07a41df90') in 0.004034 seconds
Number of updated asset objects reloaded before import = 0
Number of asset objects unloaded after import = 2
========================================================================
Received Import Request.
  Time since last request: 0.036596 seconds.
  path: Assets/Sprites/Monk/Elementals_ground_monk_FREE_v1.3/png/3_atk/3_atk_3.png
  artifactKey: Guid(15edc62a761453b49870ef4c626990fd) Importer(815301076,1909f56bfc062723c751e8b465ee728b)
Start importing Assets/Sprites/Monk/Elementals_ground_monk_FREE_v1.3/png/3_atk/3_atk_3.png using Guid(15edc62a761453b49870ef4c626990fd) Importer(815301076,1909f56bfc062723c751e8b465ee728b) [PhysX] Initialized MultithreadedTaskDispatcher with 24 workers.
[PhysX] Initialized MultithreadedTaskDispatcher with 24 workers.
 -> (artifact id: '3c0d0f737a8dd7b73eff0b2d7b15223f') in 0.003915 seconds
Number of updated asset objects reloaded before import = 0
Number of asset objects unloaded after import = 2
========================================================================
Received Import Request.
  Time since last request: 0.018162 seconds.
  path: Assets/Sprites/Monk/Elementals_ground_monk_FREE_v1.3/png/3_atk/3_atk_2.png
  artifactKey: Guid(3df18e87dc749174ea3ea9b9ccb7a71a) Importer(815301076,1909f56bfc062723c751e8b465ee728b)
Start importing Assets/Sprites/Monk/Elementals_ground_monk_FREE_v1.3/png/3_atk/3_atk_2.png using Guid(3df18e87dc749174ea3ea9b9ccb7a71a) Importer(815301076,1909f56bfc062723c751e8b465ee728b) [PhysX] Initialized MultithreadedTaskDispatcher with 24 workers.
[PhysX] Initialized MultithreadedTaskDispatcher with 24 workers.
 -> (artifact id: '023122ff89ed9572bb98804aab502ac1') in 0.004266 seconds
Number of updated asset objects reloaded before import = 0
Number of asset objects unloaded after import = 2
========================================================================
Received Import Request.
  Time since last request: 5.787979 seconds.
  path: Assets/Sprites/Monk/Elementals_ground_monk_FREE_v1.3/png/3_atk/3_atk_1.png
  artifactKey: Guid(f222f17f61a9b434fb86259fd2e6e413) Importer(815301076,1909f56bfc062723c751e8b465ee728b)
Start importing Assets/Sprites/Monk/Elementals_ground_monk_FREE_v1.3/png/3_atk/3_atk_1.png using Guid(f222f17f61a9b434fb86259fd2e6e413) Importer(815301076,1909f56bfc062723c751e8b465ee728b) [PhysX] Initialized MultithreadedTaskDispatcher with 24 workers.
[PhysX] Initialized MultithreadedTaskDispatcher with 24 workers.
 -> (artifact id: '562c1dc1d06ba54334e77661fdb4b99d') in 0.035745 seconds
Number of updated asset objects reloaded before import = 0
Number of asset objects unloaded after import = 3
========================================================================
Received Import Request.
  Time since last request: 13.710841 seconds.
  path: Assets/Sprites/Monk/Elementals_ground_monk_FREE_v1.3/png/3_atk/3_atk_2.png
  artifactKey: Guid(3df18e87dc749174ea3ea9b9ccb7a71a) Importer(815301076,1909f56bfc062723c751e8b465ee728b)
Start importing Assets/Sprites/Monk/Elementals_ground_monk_FREE_v1.3/png/3_atk/3_atk_2.png using Guid(3df18e87dc749174ea3ea9b9ccb7a71a) Importer(815301076,1909f56bfc062723c751e8b465ee728b) [PhysX] Initialized MultithreadedTaskDispatcher with 24 workers.
[PhysX] Initialized MultithreadedTaskDispatcher with 24 workers.
 -> (artifact id: 'fd4cd57556b709de0843262bb637feae') in 0.017813 seconds
Number of updated asset objects reloaded before import = 0
Number of asset objects unloaded after import = 3
========================================================================
Received Import Request.
  Time since last request: 12.501740 seconds.
  path: Assets/Sprites/Monk/Elementals_ground_monk_FREE_v1.3/png/3_atk/3_atk_3.png
  artifactKey: Guid(15edc62a761453b49870ef4c626990fd) Importer(815301076,1909f56bfc062723c751e8b465ee728b)
Start importing Assets/Sprites/Monk/Elementals_ground_monk_FREE_v1.3/png/3_atk/3_atk_3.png using Guid(15edc62a761453b49870ef4c626990fd) Importer(815301076,1909f56bfc062723c751e8b465ee728b) [PhysX] Initialized MultithreadedTaskDispatcher with 24 workers.
[PhysX] Initialized MultithreadedTaskDispatcher with 24 workers.
 -> (artifact id: '2011ff751c48fe7f3df326f05116ba3a') in 0.022056 seconds
Number of updated asset objects reloaded before import = 0
Number of asset objects unloaded after import = 3
========================================================================
Received Import Request.
  Time since last request: 14.326115 seconds.
  path: Assets/Sprites/Monk/Elementals_ground_monk_FREE_v1.3/png/3_atk/3_atk_4.png
  artifactKey: Guid(17e18caf21acb9f4bbd921156d51f97e) Importer(815301076,1909f56bfc062723c751e8b465ee728b)
Start importing Assets/Sprites/Monk/Elementals_ground_monk_FREE_v1.3/png/3_atk/3_atk_4.png using Guid(17e18caf21acb9f4bbd921156d51f97e) Importer(815301076,1909f56bfc062723c751e8b465ee728b) [PhysX] Initialized MultithreadedTaskDispatcher with 24 workers.
[PhysX] Initialized MultithreadedTaskDispatcher with 24 workers.
 -> (artifact id: '725132f66d1fea1a06a2ed3cd6af2dc7') in 0.015504 seconds
Number of updated asset objects reloaded before import = 0
Number of asset objects unloaded after import = 3
========================================================================
Received Import Request.
  Time since last request: 17.602533 seconds.
  path: Assets/Sprites/Monk/Elementals_ground_monk_FREE_v1.3/png/3_atk/3_atk_5.png
  artifactKey: Guid(139ee7ef38f7b474796f6b38af87d4d8) Importer(815301076,1909f56bfc062723c751e8b465ee728b)
Start importing Assets/Sprites/Monk/Elementals_ground_monk_FREE_v1.3/png/3_atk/3_atk_5.png using Guid(139ee7ef38f7b474796f6b38af87d4d8) Importer(815301076,1909f56bfc062723c751e8b465ee728b) [PhysX] Initialized MultithreadedTaskDispatcher with 24 workers.
[PhysX] Initialized MultithreadedTaskDispatcher with 24 workers.
 -> (artifact id: '817e380ba3205ff5e62caf7a792a5c2b') in 0.015954 seconds
Number of updated asset objects reloaded before import = 0
Number of asset objects unloaded after import = 3
========================================================================
Received Import Request.
  Time since last request: 27.215347 seconds.
  path: Assets/Sprites/Monk/Elementals_ground_monk_FREE_v1.3/png/3_atk/3_atk_6.png
  artifactKey: Guid(cc3fe314a07b8634583f9d232e70865a) Importer(815301076,1909f56bfc062723c751e8b465ee728b)
Start importing Assets/Sprites/Monk/Elementals_ground_monk_FREE_v1.3/png/3_atk/3_atk_6.png using Guid(cc3fe314a07b8634583f9d232e70865a) Importer(815301076,1909f56bfc062723c751e8b465ee728b) [PhysX] Initialized MultithreadedTaskDispatcher with 24 workers.
[PhysX] Initialized MultithreadedTaskDispatcher with 24 workers.
 -> (artifact id: 'a1ef98f47e57cc9d950741d106665fa0') in 0.030134 seconds
Number of updated asset objects reloaded before import = 0
Number of asset objects unloaded after import = 4
========================================================================
Received Import Request.
  Time since last request: 25.659063 seconds.
  path: Assets/Sprites/Monk/Elementals_ground_monk_FREE_v1.3/png/3_atk/3_atk_7.png
  artifactKey: Guid(0dfc1e2c704923e40a329f54c72e4932) Importer(815301076,1909f56bfc062723c751e8b465ee728b)
Start importing Assets/Sprites/Monk/Elementals_ground_monk_FREE_v1.3/png/3_atk/3_atk_7.png using Guid(0dfc1e2c704923e40a329f54c72e4932) Importer(815301076,1909f56bfc062723c751e8b465ee728b) [PhysX] Initialized MultithreadedTaskDispatcher with 24 workers.
[PhysX] Initialized MultithreadedTaskDispatcher with 24 workers.
 -> (artifact id: 'ce774d3f7a65db4473fae581c5f1611d') in 0.019659 seconds
Number of updated asset objects reloaded before import = 0
Number of asset objects unloaded after import = 3
========================================================================
Received Import Request.
  Time since last request: 12.313048 seconds.
  path: Assets/Sprites/Monk/Elementals_ground_monk_FREE_v1.3/png/3_atk/3_atk_8.png
  artifactKey: Guid(316ce494355b908448ce76586937c94e) Importer(815301076,1909f56bfc062723c751e8b465ee728b)
Start importing Assets/Sprites/Monk/Elementals_ground_monk_FREE_v1.3/png/3_atk/3_atk_8.png using Guid(316ce494355b908448ce76586937c94e) Importer(815301076,1909f56bfc062723c751e8b465ee728b) [PhysX] Initialized MultithreadedTaskDispatcher with 24 workers.
[PhysX] Initialized MultithreadedTaskDispatcher with 24 workers.
 -> (artifact id: 'd2766a971b9e57d0b103778ac2dfccf4') in 0.012277 seconds
Number of updated asset objects reloaded before import = 0
Number of asset objects unloaded after import = 3
========================================================================
Received Import Request.
  Time since last request: 20.483823 seconds.
  path: Assets/Sprites/Monk/Elementals_ground_monk_FREE_v1.3/png/3_atk/3_atk_9.png
  artifactKey: Guid(d55c4c4baaa03bf45ab499a19e1e8850) Importer(815301076,1909f56bfc062723c751e8b465ee728b)
Start importing Assets/Sprites/Monk/Elementals_ground_monk_FREE_v1.3/png/3_atk/3_atk_9.png using Guid(d55c4c4baaa03bf45ab499a19e1e8850) Importer(815301076,1909f56bfc062723c751e8b465ee728b) [PhysX] Initialized MultithreadedTaskDispatcher with 24 workers.
[PhysX] Initialized MultithreadedTaskDispatcher with 24 workers.
 -> (artifact id: '18d6691b5d42be1d781f390e162ccd5d') in 0.024639 seconds
Number of updated asset objects reloaded before import = 0
Number of asset objects unloaded after import = 4
========================================================================
Received Import Request.
  Time since last request: 51.542621 seconds.
  path: Assets/Sprites/Monk/Elementals_ground_monk_FREE_v1.3/png/3_atk/3_atk_10.png
  artifactKey: Guid(d2bd6c85a773ce44d8ee3e018e1d86c2) Importer(815301076,1909f56bfc062723c751e8b465ee728b)
Start importing Assets/Sprites/Monk/Elementals_ground_monk_FREE_v1.3/png/3_atk/3_atk_10.png using Guid(d2bd6c85a773ce44d8ee3e018e1d86c2) Importer(815301076,1909f56bfc062723c751e8b465ee728b) [PhysX] Initialized MultithreadedTaskDispatcher with 24 workers.
[PhysX] Initialized MultithreadedTaskDispatcher with 24 workers.
 -> (artifact id: '60b247a9376036d949c9d163407f2bfa') in 0.006226 seconds
Number of updated asset objects reloaded before import = 0
Number of asset objects unloaded after import = 3
========================================================================
Received Import Request.
  Time since last request: 16.513614 seconds.
  path: Assets/Sprites/Monk/Elementals_ground_monk_FREE_v1.3/png/3_atk/3_atk_11.png
  artifactKey: Guid(5f97bc7d3172e1d4b9127b35ca660695) Importer(815301076,1909f56bfc062723c751e8b465ee728b)
Start importing Assets/Sprites/Monk/Elementals_ground_monk_FREE_v1.3/png/3_atk/3_atk_11.png using Guid(5f97bc7d3172e1d4b9127b35ca660695) Importer(815301076,1909f56bfc062723c751e8b465ee728b) [PhysX] Initialized MultithreadedTaskDispatcher with 24 workers.
[PhysX] Initialized MultithreadedTaskDispatcher with 24 workers.
 -> (artifact id: 'c0031670f66fa635d5dfd9790099b21b') in 0.011919 seconds
Number of updated asset objects reloaded before import = 0
Number of asset objects unloaded after import = 3
========================================================================
Received Import Request.
  Time since last request: 15.808560 seconds.
  path: Assets/Sprites/Monk/Elementals_ground_monk_FREE_v1.3/png/3_atk/3_atk_12.png
  artifactKey: Guid(79c3cba96d2ece54ca4ae9805b904b4e) Importer(815301076,1909f56bfc062723c751e8b465ee728b)
Start importing Assets/Sprites/Monk/Elementals_ground_monk_FREE_v1.3/png/3_atk/3_atk_12.png using Guid(79c3cba96d2ece54ca4ae9805b904b4e) Importer(815301076,1909f56bfc062723c751e8b465ee728b) [PhysX] Initialized MultithreadedTaskDispatcher with 24 workers.
[PhysX] Initialized MultithreadedTaskDispatcher with 24 workers.
 -> (artifact id: '1cc2c752c8b778e32631d87b161e95d4') in 0.010786 seconds
Number of updated asset objects reloaded before import = 0
Number of asset objects unloaded after import = 3
========================================================================
Received Import Request.
  Time since last request: 24.426559 seconds.
  path: Assets/Sprites/Monk/Elementals_ground_monk_FREE_v1.3/png/3_atk/3_atk_13.png
  artifactKey: Guid(e68ceb97c1b3f6b43bf31e15683ed569) Importer(815301076,1909f56bfc062723c751e8b465ee728b)
Start importing Assets/Sprites/Monk/Elementals_ground_monk_FREE_v1.3/png/3_atk/3_atk_13.png using Guid(e68ceb97c1b3f6b43bf31e15683ed569) Importer(815301076,1909f56bfc062723c751e8b465ee728b) [PhysX] Initialized MultithreadedTaskDispatcher with 24 workers.
[PhysX] Initialized MultithreadedTaskDispatcher with 24 workers.
 -> (artifact id: '350515b7ff352405cca3126f28fd3143') in 0.005881 seconds
Number of updated asset objects reloaded before import = 0
Number of asset objects unloaded after import = 3
========================================================================
Received Import Request.
  Time since last request: 25.519540 seconds.
  path: Assets/Sprites/Monk/Elementals_ground_monk_FREE_v1.3/png/3_atk/3_atk_14.png
  artifactKey: Guid(a4a6b56c54ce5cc48b7cbe72f9317be0) Importer(815301076,1909f56bfc062723c751e8b465ee728b)
Start importing Assets/Sprites/Monk/Elementals_ground_monk_FREE_v1.3/png/3_atk/3_atk_14.png using Guid(a4a6b56c54ce5cc48b7cbe72f9317be0) Importer(815301076,1909f56bfc062723c751e8b465ee728b) [PhysX] Initialized MultithreadedTaskDispatcher with 24 workers.
[PhysX] Initialized MultithreadedTaskDispatcher with 24 workers.
 -> (artifact id: 'eafab77921fee7abf0bca5f9ffaf2c76') in 0.014098 seconds
Number of updated asset objects reloaded before import = 0
Number of asset objects unloaded after import = 3
========================================================================
Received Import Request.
  Time since last request: 16.784855 seconds.
  path: Assets/Sprites/Monk/Elementals_ground_monk_FREE_v1.3/png/3_atk/3_atk_15.png
  artifactKey: Guid(a6e7f2a6fa9175841b91497a13486da0) Importer(815301076,1909f56bfc062723c751e8b465ee728b)
Start importing Assets/Sprites/Monk/Elementals_ground_monk_FREE_v1.3/png/3_atk/3_atk_15.png using Guid(a6e7f2a6fa9175841b91497a13486da0) Importer(815301076,1909f56bfc062723c751e8b465ee728b) [PhysX] Initialized MultithreadedTaskDispatcher with 24 workers.
[PhysX] Initialized MultithreadedTaskDispatcher with 24 workers.
 -> (artifact id: '285631bf7528475ae4e585dfec379277') in 0.019384 seconds
Number of updated asset objects reloaded before import = 0
Number of asset objects unloaded after import = 3
========================================================================
Received Import Request.
  Time since last request: 13.347705 seconds.
  path: Assets/Sprites/Monk/Elementals_ground_monk_FREE_v1.3/png/3_atk/3_atk_16.png
  artifactKey: Guid(384a5d8162f641f45afece92d8ff33a9) Importer(815301076,1909f56bfc062723c751e8b465ee728b)
Start importing Assets/Sprites/Monk/Elementals_ground_monk_FREE_v1.3/png/3_atk/3_atk_16.png using Guid(384a5d8162f641f45afece92d8ff33a9) Importer(815301076,1909f56bfc062723c751e8b465ee728b) [PhysX] Initialized MultithreadedTaskDispatcher with 24 workers.
[PhysX] Initialized MultithreadedTaskDispatcher with 24 workers.
 -> (artifact id: 'ea3095d76b096542983643fc2212fd28') in 0.022625 seconds
Number of updated asset objects reloaded before import = 0
Number of asset objects unloaded after import = 3
========================================================================
Received Import Request.
  Time since last request: 14.196153 seconds.
  path: Assets/Sprites/Monk/Elementals_ground_monk_FREE_v1.3/png/3_atk/3_atk_17.png
  artifactKey: Guid(bfe372517216b9645af2e7da4e1c0249) Importer(815301076,1909f56bfc062723c751e8b465ee728b)
Start importing Assets/Sprites/Monk/Elementals_ground_monk_FREE_v1.3/png/3_atk/3_atk_17.png using Guid(bfe372517216b9645af2e7da4e1c0249) Importer(815301076,1909f56bfc062723c751e8b465ee728b) [PhysX] Initialized MultithreadedTaskDispatcher with 24 workers.
[PhysX] Initialized MultithreadedTaskDispatcher with 24 workers.
 -> (artifact id: 'dd1a7ec3555ad1352bef656ebced3d4c') in 0.019335 seconds
Number of updated asset objects reloaded before import = 0
Number of asset objects unloaded after import = 3
========================================================================
Received Import Request.
  Time since last request: 12.618271 seconds.
  path: Assets/Sprites/Monk/Elementals_ground_monk_FREE_v1.3/png/3_atk/3_atk_18.png
  artifactKey: Guid(22007f0c5f193004eb7d6fa694c83438) Importer(815301076,1909f56bfc062723c751e8b465ee728b)
Start importing Assets/Sprites/Monk/Elementals_ground_monk_FREE_v1.3/png/3_atk/3_atk_18.png using Guid(22007f0c5f193004eb7d6fa694c83438) Importer(815301076,1909f56bfc062723c751e8b465ee728b) [PhysX] Initialized MultithreadedTaskDispatcher with 24 workers.
[PhysX] Initialized MultithreadedTaskDispatcher with 24 workers.
 -> (artifact id: 'da414532047333c25790d8d31e510f1d') in 0.012060 seconds
Number of updated asset objects reloaded before import = 0
Number of asset objects unloaded after import = 3
========================================================================
Received Import Request.
  Time since last request: 15.158940 seconds.
  path: Assets/Sprites/Monk/Elementals_ground_monk_FREE_v1.3/png/3_atk/3_atk_19.png
  artifactKey: Guid(0d98d4e9899ca734e94dc1f47b0d6676) Importer(815301076,1909f56bfc062723c751e8b465ee728b)
Start importing Assets/Sprites/Monk/Elementals_ground_monk_FREE_v1.3/png/3_atk/3_atk_19.png using Guid(0d98d4e9899ca734e94dc1f47b0d6676) Importer(815301076,1909f56bfc062723c751e8b465ee728b) [PhysX] Initialized MultithreadedTaskDispatcher with 24 workers.
[PhysX] Initialized MultithreadedTaskDispatcher with 24 workers.
 -> (artifact id: '3d4fa33ccdbfad76ca19113b2f25369f') in 0.008801 seconds
Number of updated asset objects reloaded before import = 0
Number of asset objects unloaded after import = 3
========================================================================
Received Import Request.
  Time since last request: 17.701705 seconds.
  path: Assets/Sprites/Monk/Elementals_ground_monk_FREE_v1.3/png/3_atk/3_atk_20.png
  artifactKey: Guid(bf00e577c6b3a004faf492deab276d5a) Importer(815301076,1909f56bfc062723c751e8b465ee728b)
Start importing Assets/Sprites/Monk/Elementals_ground_monk_FREE_v1.3/png/3_atk/3_atk_20.png using Guid(bf00e577c6b3a004faf492deab276d5a) Importer(815301076,1909f56bfc062723c751e8b465ee728b) [PhysX] Initialized MultithreadedTaskDispatcher with 24 workers.
[PhysX] Initialized MultithreadedTaskDispatcher with 24 workers.
 -> (artifact id: '5203b31519c7e8285b15339695ab9843') in 0.028217 seconds
Number of updated asset objects reloaded before import = 0
Number of asset objects unloaded after import = 3
========================================================================
Received Import Request.
  Time since last request: 34.505612 seconds.
  path: Assets/Sprites/Monk/Elementals_ground_monk_FREE_v1.3/png/3_atk/3_atk_21.png
  artifactKey: Guid(e41d80401a3c1c44b937fdaa467da627) Importer(815301076,1909f56bfc062723c751e8b465ee728b)
Start importing Assets/Sprites/Monk/Elementals_ground_monk_FREE_v1.3/png/3_atk/3_atk_21.png using Guid(e41d80401a3c1c44b937fdaa467da627) Importer(815301076,1909f56bfc062723c751e8b465ee728b) [PhysX] Initialized MultithreadedTaskDispatcher with 24 workers.
[PhysX] Initialized MultithreadedTaskDispatcher with 24 workers.
 -> (artifact id: '8057654eb33e4a444ce1796d0997d142') in 0.029875 seconds
Number of updated asset objects reloaded before import = 0
Number of asset objects unloaded after import = 4
========================================================================
Received Import Request.
  Time since last request: 21.954711 seconds.
  path: Assets/Sprites/Monk/Elementals_ground_monk_FREE_v1.3/png/3_atk/3_atk_22.png
  artifactKey: Guid(1856d6009a6a1a045bc50e60d8aefd7e) Importer(815301076,1909f56bfc062723c751e8b465ee728b)
Start importing Assets/Sprites/Monk/Elementals_ground_monk_FREE_v1.3/png/3_atk/3_atk_22.png using Guid(1856d6009a6a1a045bc50e60d8aefd7e) Importer(815301076,1909f56bfc062723c751e8b465ee728b) [PhysX] Initialized MultithreadedTaskDispatcher with 24 workers.
[PhysX] Initialized MultithreadedTaskDispatcher with 24 workers.
 -> (artifact id: 'e74df92c4c90b0700d9915ff4d691358') in 0.025136 seconds
Number of updated asset objects reloaded before import = 0
Number of asset objects unloaded after import = 4
========================================================================
Received Import Request.
  Time since last request: 22.353939 seconds.
  path: Assets/Sprites/Monk/Elementals_ground_monk_FREE_v1.3/png/3_atk/3_atk_23.png
  artifactKey: Guid(d896b5cb84479d943a0269aecaace7f8) Importer(815301076,1909f56bfc062723c751e8b465ee728b)
Start importing Assets/Sprites/Monk/Elementals_ground_monk_FREE_v1.3/png/3_atk/3_atk_23.png using Guid(d896b5cb84479d943a0269aecaace7f8) Importer(815301076,1909f56bfc062723c751e8b465ee728b) [PhysX] Initialized MultithreadedTaskDispatcher with 24 workers.
[PhysX] Initialized MultithreadedTaskDispatcher with 24 workers.
 -> (artifact id: 'dc79a97e52697f745157bde0cf1dd3d9') in 0.019853 seconds
Number of updated asset objects reloaded before import = 0
Number of asset objects unloaded after import = 3
========================================================================
Received Prepare
Caller must complete domain reload
Begin MonoManager ReloadAssembly
- Loaded All Assemblies, in  0.300 seconds
Native extension for WindowsStandalone target not found
Mono: successfully reloaded assembly
- Finished resetting the current domain, in  0.821 seconds
Domain Reload Profiling: 1120ms
	BeginReloadAssembly (108ms)
		ExecutionOrderSort (0ms)
		DisableScriptedObjects (4ms)
		BackupInstance (0ms)
		ReleaseScriptingObjects (0ms)
		CreateAndSetChildDomain (22ms)
	RebuildCommonClasses (19ms)
	RebuildNativeTypeToScriptingClass (6ms)
	initialDomainReloadingComplete (19ms)
	LoadAllAssembliesAndSetupDomain (146ms)
		LoadAssemblies (195ms)
		RebuildTransferFunctionScriptingTraits (0ms)
		AnalyzeDomain (8ms)
			TypeCache.Refresh (4ms)
				TypeCache.ScanAssembly (0ms)
			ScanForSourceGeneratedMonoScriptInfo (0ms)
			ResolveRequiredComponents (3ms)
	FinalizeReload (822ms)
		ReleaseScriptCaches (0ms)
		RebuildScriptCaches (0ms)
		SetupLoadedEditorAssemblies (456ms)
			LogAssemblyErrors (0ms)
			InitializePlatformSupportModulesInManaged (5ms)
			SetLoadedEditorAssemblies (2ms)
			RefreshPlugins (0ms)
			BeforeProcessingInitializeOnLoad (48ms)
			ProcessInitializeOnLoadAttributes (375ms)
			ProcessInitializeOnLoadMethodAttributes (19ms)
			AfterProcessingInitializeOnLoad (6ms)
			EditorAssembliesLoaded (0ms)
		ExecutionOrderSort2 (0ms)
		AwakeInstancesAfterBackupRestoration (6ms)
Refreshing native plugins compatible for Editor in 4.17 ms, found 3 plugins.
Preloading 0 native plugins for Editor in 0.00 ms.
Unloading 3739 Unused Serialized files (Serialized files now loaded: 0)
Unloading 14 unused Assets / (28.6 KB). Loaded Objects now: 4406.
Memory consumption went from 137.4 MB to 137.4 MB.
Total: 2.465400 ms (FindLiveObjects: 0.172300 ms CreateObjectMapping: 0.057700 ms MarkObjects: 2.203100 ms  DeleteObjects: 0.031500 ms)

Prepare: number of updated asset objects reloaded= 0
AssetImportParameters requested are different than current active one (requested -> active):
  custom:container-demuxer-ogg: 62fdf1f143b41e24485cea50d1cbac27 -> 
  custom:video-codec-MediaFoundation-h265: 746d11721c4dcdbdad8f713fa42b33f4 -> 
  custom:video-decoder-ogg-theora: a1e56fd34408186e4bbccfd4996cb3dc -> 
  custom:framework-win-MediaFoundation: 216162199b28c13a410421893ffa2e32 -> 
  custom:CustomObjectIndexerAttribute: 9a22284fe3817be447336de3de66b15e -> 
  custom:container-demuxer-webm: 4f35f7cbe854078d1ac9338744f61a02 -> 
  custom:container-muxer-webm: aa71ff27fc2769a1b78a27578f13a17b -> 
  custom:video-decoder-webm-vp8: 9c59270c3fd7afecdb556c50c9e8de78 -> 
  custom:SearchIndexIgnoredProperties: e643bd26f0fe6173181afceb89e7c659 -> 
  custom:AudioImporter_EditorPlatform: d09bf68614088b80899f8185d706f6e7 -> 
  custom:video-encoder-webm-vp8: eb34c28f22e8b96e1ab97ce403110664 -> 
  custom:audio-decoder-ogg-vorbis: bf7c407c2cedff20999df2af8eb42d56 -> 
  custom:audio-encoder-webm-vorbis: bf7c407c2cedff20999df2af8eb42d56 -> 
========================================================================
Received Prepare
Caller must complete domain reload
Begin MonoManager ReloadAssembly
- Loaded All Assemblies, in  0.288 seconds
Native extension for WindowsStandalone target not found
Mono: successfully reloaded assembly
- Finished resetting the current domain, in  0.746 seconds
Domain Reload Profiling: 1032ms
	BeginReloadAssembly (105ms)
		ExecutionOrderSort (0ms)
		DisableScriptedObjects (4ms)
		BackupInstance (0ms)
		ReleaseScriptingObjects (0ms)
		CreateAndSetChildDomain (20ms)
	RebuildCommonClasses (20ms)
	RebuildNativeTypeToScriptingClass (6ms)
	initialDomainReloadingComplete (19ms)
	LoadAllAssembliesAndSetupDomain (135ms)
		LoadAssemblies (181ms)
		RebuildTransferFunctionScriptingTraits (0ms)
		AnalyzeDomain (9ms)
			TypeCache.Refresh (4ms)
				TypeCache.ScanAssembly (0ms)
			ScanForSourceGeneratedMonoScriptInfo (0ms)
			ResolveRequiredComponents (3ms)
	FinalizeReload (746ms)
		ReleaseScriptCaches (0ms)
		RebuildScriptCaches (0ms)
		SetupLoadedEditorAssemblies (418ms)
			LogAssemblyErrors (0ms)
			InitializePlatformSupportModulesInManaged (4ms)
			SetLoadedEditorAssemblies (2ms)
			RefreshPlugins (0ms)
			BeforeProcessingInitializeOnLoad (46ms)
			ProcessInitializeOnLoadAttributes (341ms)
			ProcessInitializeOnLoadMethodAttributes (19ms)
			AfterProcessingInitializeOnLoad (6ms)
			EditorAssembliesLoaded (0ms)
		ExecutionOrderSort2 (0ms)
		AwakeInstancesAfterBackupRestoration (6ms)
Refreshing native plugins compatible for Editor in 2.88 ms, found 3 plugins.
Preloading 0 native plugins for Editor in 0.00 ms.
Unloading 3740 Unused Serialized files (Serialized files now loaded: 0)
Unloading 14 unused Assets / (28.6 KB). Loaded Objects now: 4410.
Memory consumption went from 137.7 MB to 137.7 MB.
Total: 2.458000 ms (FindLiveObjects: 0.159400 ms CreateObjectMapping: 0.053300 ms MarkObjects: 2.216400 ms  DeleteObjects: 0.028400 ms)

Prepare: number of updated asset objects reloaded= 0
AssetImportParameters requested are different than current active one (requested -> active):
  custom:container-demuxer-ogg: 62fdf1f143b41e24485cea50d1cbac27 -> 
  custom:video-codec-MediaFoundation-h265: 746d11721c4dcdbdad8f713fa42b33f4 -> 
  custom:video-decoder-ogg-theora: a1e56fd34408186e4bbccfd4996cb3dc -> 
  custom:framework-win-MediaFoundation: 216162199b28c13a410421893ffa2e32 -> 
  custom:CustomObjectIndexerAttribute: 9a22284fe3817be447336de3de66b15e -> 
  custom:container-demuxer-webm: 4f35f7cbe854078d1ac9338744f61a02 -> 
  custom:container-muxer-webm: aa71ff27fc2769a1b78a27578f13a17b -> 
  custom:video-decoder-webm-vp8: 9c59270c3fd7afecdb556c50c9e8de78 -> 
  custom:SearchIndexIgnoredProperties: e643bd26f0fe6173181afceb89e7c659 -> 
  custom:AudioImporter_EditorPlatform: d09bf68614088b80899f8185d706f6e7 -> 
  custom:video-encoder-webm-vp8: eb34c28f22e8b96e1ab97ce403110664 -> 
  custom:audio-decoder-ogg-vorbis: bf7c407c2cedff20999df2af8eb42d56 -> 
  custom:audio-encoder-webm-vorbis: bf7c407c2cedff20999df2af8eb42d56 -> 
========================================================================
Received Prepare
Caller must complete domain reload
Begin MonoManager ReloadAssembly
- Loaded All Assemblies, in  0.296 seconds
Native extension for WindowsStandalone target not found
Mono: successfully reloaded assembly
- Finished resetting the current domain, in  0.794 seconds
Domain Reload Profiling: 1088ms
	BeginReloadAssembly (109ms)
		ExecutionOrderSort (0ms)
		DisableScriptedObjects (4ms)
		BackupInstance (0ms)
		ReleaseScriptingObjects (0ms)
		CreateAndSetChildDomain (20ms)
	RebuildCommonClasses (20ms)
	RebuildNativeTypeToScriptingClass (7ms)
	initialDomainReloadingComplete (20ms)
	LoadAllAssembliesAndSetupDomain (137ms)
		LoadAssemblies (190ms)
		RebuildTransferFunctionScriptingTraits (0ms)
		AnalyzeDomain (8ms)
			TypeCache.Refresh (4ms)
				TypeCache.ScanAssembly (0ms)
			ScanForSourceGeneratedMonoScriptInfo (0ms)
			ResolveRequiredComponents (3ms)
	FinalizeReload (794ms)
		ReleaseScriptCaches (0ms)
		RebuildScriptCaches (0ms)
		SetupLoadedEditorAssemblies (448ms)
			LogAssemblyErrors (0ms)
			InitializePlatformSupportModulesInManaged (6ms)
			SetLoadedEditorAssemblies (2ms)
			RefreshPlugins (0ms)
			BeforeProcessingInitializeOnLoad (49ms)
			ProcessInitializeOnLoadAttributes (364ms)
			ProcessInitializeOnLoadMethodAttributes (19ms)
			AfterProcessingInitializeOnLoad (6ms)
			EditorAssembliesLoaded (0ms)
		ExecutionOrderSort2 (0ms)
		AwakeInstancesAfterBackupRestoration (6ms)
Refreshing native plugins compatible for Editor in 2.56 ms, found 3 plugins.
Preloading 0 native plugins for Editor in 0.00 ms.
Unloading 3740 Unused Serialized files (Serialized files now loaded: 0)
Unloading 14 unused Assets / (28.6 KB). Loaded Objects now: 4414.
Memory consumption went from 137.7 MB to 137.7 MB.
Total: 3.159700 ms (FindLiveObjects: 0.165700 ms CreateObjectMapping: 0.053300 ms MarkObjects: 2.874500 ms  DeleteObjects: 0.065500 ms)

Prepare: number of updated asset objects reloaded= 0
AssetImportParameters requested are different than current active one (requested -> active):
  custom:container-demuxer-ogg: 62fdf1f143b41e24485cea50d1cbac27 -> 
  custom:video-codec-MediaFoundation-h265: 746d11721c4dcdbdad8f713fa42b33f4 -> 
  custom:video-decoder-ogg-theora: a1e56fd34408186e4bbccfd4996cb3dc -> 
  custom:framework-win-MediaFoundation: 216162199b28c13a410421893ffa2e32 -> 
  custom:CustomObjectIndexerAttribute: 9a22284fe3817be447336de3de66b15e -> 
  custom:container-demuxer-webm: 4f35f7cbe854078d1ac9338744f61a02 -> 
  custom:container-muxer-webm: aa71ff27fc2769a1b78a27578f13a17b -> 
  custom:video-decoder-webm-vp8: 9c59270c3fd7afecdb556c50c9e8de78 -> 
  custom:SearchIndexIgnoredProperties: e643bd26f0fe6173181afceb89e7c659 -> 
  custom:AudioImporter_EditorPlatform: d09bf68614088b80899f8185d706f6e7 -> 
  custom:video-encoder-webm-vp8: eb34c28f22e8b96e1ab97ce403110664 -> 
  custom:audio-decoder-ogg-vorbis: bf7c407c2cedff20999df2af8eb42d56 -> 
  custom:audio-encoder-webm-vorbis: bf7c407c2cedff20999df2af8eb42d56 -> 
========================================================================
Received Prepare
Caller must complete domain reload
Begin MonoManager ReloadAssembly
- Loaded All Assemblies, in  0.281 seconds
Native extension for WindowsStandalone target not found
Mono: successfully reloaded assembly
- Finished resetting the current domain, in  0.784 seconds
Domain Reload Profiling: 1063ms
	BeginReloadAssembly (100ms)
		ExecutionOrderSort (0ms)
		DisableScriptedObjects (4ms)
		BackupInstance (0ms)
		ReleaseScriptingObjects (0ms)
		CreateAndSetChildDomain (19ms)
	RebuildCommonClasses (19ms)
	RebuildNativeTypeToScriptingClass (6ms)
	initialDomainReloadingComplete (18ms)
	LoadAllAssembliesAndSetupDomain (135ms)
		LoadAssemblies (179ms)
		RebuildTransferFunctionScriptingTraits (0ms)
		AnalyzeDomain (10ms)
			TypeCache.Refresh (5ms)
				TypeCache.ScanAssembly (0ms)
			ScanForSourceGeneratedMonoScriptInfo (0ms)
			ResolveRequiredComponents (3ms)
	FinalizeReload (784ms)
		ReleaseScriptCaches (0ms)
		RebuildScriptCaches (0ms)
		SetupLoadedEditorAssemblies (457ms)
			LogAssemblyErrors (0ms)
			InitializePlatformSupportModulesInManaged (6ms)
			SetLoadedEditorAssemblies (2ms)
			RefreshPlugins (0ms)
			BeforeProcessingInitializeOnLoad (49ms)
			ProcessInitializeOnLoadAttributes (374ms)
			ProcessInitializeOnLoadMethodAttributes (19ms)
			AfterProcessingInitializeOnLoad (6ms)
			EditorAssembliesLoaded (0ms)
		ExecutionOrderSort2 (0ms)
		AwakeInstancesAfterBackupRestoration (6ms)
Refreshing native plugins compatible for Editor in 2.55 ms, found 3 plugins.
Preloading 0 native plugins for Editor in 0.00 ms.
Unloading 3740 Unused Serialized files (Serialized files now loaded: 0)
Unloading 14 unused Assets / (28.6 KB). Loaded Objects now: 4418.
Memory consumption went from 137.7 MB to 137.7 MB.
Total: 2.412800 ms (FindLiveObjects: 0.194700 ms CreateObjectMapping: 0.051900 ms MarkObjects: 2.130900 ms  DeleteObjects: 0.034500 ms)

Prepare: number of updated asset objects reloaded= 0
AssetImportParameters requested are different than current active one (requested -> active):
  custom:container-demuxer-ogg: 62fdf1f143b41e24485cea50d1cbac27 -> 
  custom:video-codec-MediaFoundation-h265: 746d11721c4dcdbdad8f713fa42b33f4 -> 
  custom:video-decoder-ogg-theora: a1e56fd34408186e4bbccfd4996cb3dc -> 
  custom:framework-win-MediaFoundation: 216162199b28c13a410421893ffa2e32 -> 
  custom:CustomObjectIndexerAttribute: 9a22284fe3817be447336de3de66b15e -> 
  custom:container-demuxer-webm: 4f35f7cbe854078d1ac9338744f61a02 -> 
  custom:container-muxer-webm: aa71ff27fc2769a1b78a27578f13a17b -> 
  custom:video-decoder-webm-vp8: 9c59270c3fd7afecdb556c50c9e8de78 -> 
  custom:SearchIndexIgnoredProperties: e643bd26f0fe6173181afceb89e7c659 -> 
  custom:AudioImporter_EditorPlatform: d09bf68614088b80899f8185d706f6e7 -> 
  custom:video-encoder-webm-vp8: eb34c28f22e8b96e1ab97ce403110664 -> 
  custom:audio-decoder-ogg-vorbis: bf7c407c2cedff20999df2af8eb42d56 -> 
  custom:audio-encoder-webm-vorbis: bf7c407c2cedff20999df2af8eb42d56 -> 
========================================================================
Received Import Request.
  Time since last request: 541.342997 seconds.
  path: Assets/Player1Controls.inputactions
  artifactKey: Guid(d44f01259228c594e87edc5511cc8833) Importer(815301076,1909f56bfc062723c751e8b465ee728b)
Start importing Assets/Player1Controls.inputactions using Guid(d44f01259228c594e87edc5511cc8833) Importer(815301076,1909f56bfc062723c751e8b465ee728b) [PhysX] Initialized MultithreadedTaskDispatcher with 24 workers.
 -> (artifact id: 'ba0ce2a04295b67e37835b617830780c') in 0.002932 seconds
Number of updated asset objects reloaded before import = 0
Number of asset objects unloaded after import = 0
========================================================================
Received Import Request.
  Time since last request: 11.435715 seconds.
  path: Assets/Animations/Monk/MonkDefend.anim
  artifactKey: Guid(0ddc7eee432baef4b9136f765215c11f) Importer(815301076,1909f56bfc062723c751e8b465ee728b)
Start importing Assets/Animations/Monk/MonkDefend.anim using Guid(0ddc7eee432baef4b9136f765215c11f) Importer(815301076,1909f56bfc062723c751e8b465ee728b) [PhysX] Initialized MultithreadedTaskDispatcher with 24 workers.
 -> (artifact id: '9b216f089c69884134a25cc7577e2606') in 0.006486 seconds
Number of updated asset objects reloaded before import = 0
Number of asset objects unloaded after import = 1
========================================================================
Received Import Request.
  Time since last request: 59.014867 seconds.
  path: Assets/Animations/Monk/MonkAttack1.anim
  artifactKey: Guid(8049beb9dc71be446af2b94819542bb3) Importer(815301076,1909f56bfc062723c751e8b465ee728b)
Start importing Assets/Animations/Monk/MonkAttack1.anim using Guid(8049beb9dc71be446af2b94819542bb3) Importer(815301076,1909f56bfc062723c751e8b465ee728b) [PhysX] Initialized MultithreadedTaskDispatcher with 24 workers.
 -> (artifact id: '0865718ed0fdef6de6b7bf29950414db') in 0.001026 seconds
Number of updated asset objects reloaded before import = 0
Number of asset objects unloaded after import = 1
========================================================================
Received Prepare
Caller must complete domain reload
Begin MonoManager ReloadAssembly
- Loaded All Assemblies, in  0.297 seconds
Native extension for WindowsStandalone target not found
Mono: successfully reloaded assembly
- Finished resetting the current domain, in  0.776 seconds
Domain Reload Profiling: 1072ms
	BeginReloadAssembly (102ms)
		ExecutionOrderSort (0ms)
		DisableScriptedObjects (4ms)
		BackupInstance (0ms)
		ReleaseScriptingObjects (0ms)
		CreateAndSetChildDomain (20ms)
	RebuildCommonClasses (20ms)
	RebuildNativeTypeToScriptingClass (6ms)
	initialDomainReloadingComplete (19ms)
	LoadAllAssembliesAndSetupDomain (148ms)
		LoadAssemblies (191ms)
		RebuildTransferFunctionScriptingTraits (0ms)
		AnalyzeDomain (11ms)
			TypeCache.Refresh (5ms)
				TypeCache.ScanAssembly (0ms)
			ScanForSourceGeneratedMonoScriptInfo (0ms)
			ResolveRequiredComponents (5ms)
	FinalizeReload (777ms)
		ReleaseScriptCaches (0ms)
		RebuildScriptCaches (0ms)
		SetupLoadedEditorAssemblies (432ms)
			LogAssemblyErrors (0ms)
			InitializePlatformSupportModulesInManaged (6ms)
			SetLoadedEditorAssemblies (2ms)
			RefreshPlugins (0ms)
			BeforeProcessingInitializeOnLoad (44ms)
			ProcessInitializeOnLoadAttributes (356ms)
			ProcessInitializeOnLoadMethodAttributes (18ms)
			AfterProcessingInitializeOnLoad (6ms)
			EditorAssembliesLoaded (0ms)
		ExecutionOrderSort2 (0ms)
		AwakeInstancesAfterBackupRestoration (6ms)
Refreshing native plugins compatible for Editor in 2.87 ms, found 3 plugins.
Preloading 0 native plugins for Editor in 0.00 ms.
Unloading 3739 Unused Serialized files (Serialized files now loaded: 0)
Unloading 14 unused Assets / (28.7 KB). Loaded Objects now: 4422.
Memory consumption went from 137.5 MB to 137.4 MB.
Total: 2.599900 ms (FindLiveObjects: 0.201200 ms CreateObjectMapping: 0.060400 ms MarkObjects: 2.301500 ms  DeleteObjects: 0.035900 ms)

Prepare: number of updated asset objects reloaded= 0
AssetImportParameters requested are different than current active one (requested -> active):
  custom:container-demuxer-ogg: 62fdf1f143b41e24485cea50d1cbac27 -> 
  custom:video-codec-MediaFoundation-h265: 746d11721c4dcdbdad8f713fa42b33f4 -> 
  custom:video-decoder-ogg-theora: a1e56fd34408186e4bbccfd4996cb3dc -> 
  custom:framework-win-MediaFoundation: 216162199b28c13a410421893ffa2e32 -> 
  custom:CustomObjectIndexerAttribute: 9a22284fe3817be447336de3de66b15e -> 
  custom:container-demuxer-webm: 4f35f7cbe854078d1ac9338744f61a02 -> 
  custom:container-muxer-webm: aa71ff27fc2769a1b78a27578f13a17b -> 
  custom:video-decoder-webm-vp8: 9c59270c3fd7afecdb556c50c9e8de78 -> 
  custom:SearchIndexIgnoredProperties: e643bd26f0fe6173181afceb89e7c659 -> 
  custom:AudioImporter_EditorPlatform: d09bf68614088b80899f8185d706f6e7 -> 
  custom:video-encoder-webm-vp8: eb34c28f22e8b96e1ab97ce403110664 -> 
  custom:audio-decoder-ogg-vorbis: bf7c407c2cedff20999df2af8eb42d56 -> 
  custom:audio-encoder-webm-vorbis: bf7c407c2cedff20999df2af8eb42d56 -> 
========================================================================
Received Prepare
Caller must complete domain reload
Begin MonoManager ReloadAssembly
- Loaded All Assemblies, in  0.302 seconds
Native extension for WindowsStandalone target not found
Mono: successfully reloaded assembly
- Finished resetting the current domain, in  0.772 seconds
Domain Reload Profiling: 1072ms
	BeginReloadAssembly (107ms)
		ExecutionOrderSort (0ms)
		DisableScriptedObjects (4ms)
		BackupInstance (0ms)
		ReleaseScriptingObjects (0ms)
		CreateAndSetChildDomain (20ms)
	RebuildCommonClasses (20ms)
	RebuildNativeTypeToScriptingClass (6ms)
	initialDomainReloadingComplete (20ms)
	LoadAllAssembliesAndSetupDomain (146ms)
		LoadAssemblies (194ms)
		RebuildTransferFunctionScriptingTraits (0ms)
		AnalyzeDomain (9ms)
			TypeCache.Refresh (5ms)
				TypeCache.ScanAssembly (0ms)
			ScanForSourceGeneratedMonoScriptInfo (0ms)
			ResolveRequiredComponents (3ms)
	FinalizeReload (773ms)
		ReleaseScriptCaches (0ms)
		RebuildScriptCaches (0ms)
		SetupLoadedEditorAssemblies (431ms)
			LogAssemblyErrors (0ms)
			InitializePlatformSupportModulesInManaged (5ms)
			SetLoadedEditorAssemblies (2ms)
			RefreshPlugins (0ms)
			BeforeProcessingInitializeOnLoad (47ms)
			ProcessInitializeOnLoadAttributes (354ms)
			ProcessInitializeOnLoadMethodAttributes (17ms)
			AfterProcessingInitializeOnLoad (5ms)
			EditorAssembliesLoaded (0ms)
		ExecutionOrderSort2 (0ms)
		AwakeInstancesAfterBackupRestoration (5ms)
Refreshing native plugins compatible for Editor in 2.71 ms, found 3 plugins.
Preloading 0 native plugins for Editor in 0.00 ms.
Unloading 3740 Unused Serialized files (Serialized files now loaded: 0)
Unloading 14 unused Assets / (28.7 KB). Loaded Objects now: 4426.
Memory consumption went from 137.7 MB to 137.7 MB.
Total: 2.454400 ms (FindLiveObjects: 0.222100 ms CreateObjectMapping: 0.099700 ms MarkObjects: 2.101700 ms  DeleteObjects: 0.030100 ms)

Prepare: number of updated asset objects reloaded= 0
AssetImportParameters requested are different than current active one (requested -> active):
  custom:container-demuxer-ogg: 62fdf1f143b41e24485cea50d1cbac27 -> 
  custom:video-codec-MediaFoundation-h265: 746d11721c4dcdbdad8f713fa42b33f4 -> 
  custom:video-decoder-ogg-theora: a1e56fd34408186e4bbccfd4996cb3dc -> 
  custom:framework-win-MediaFoundation: 216162199b28c13a410421893ffa2e32 -> 
  custom:CustomObjectIndexerAttribute: 9a22284fe3817be447336de3de66b15e -> 
  custom:container-demuxer-webm: 4f35f7cbe854078d1ac9338744f61a02 -> 
  custom:container-muxer-webm: aa71ff27fc2769a1b78a27578f13a17b -> 
  custom:video-decoder-webm-vp8: 9c59270c3fd7afecdb556c50c9e8de78 -> 
  custom:SearchIndexIgnoredProperties: e643bd26f0fe6173181afceb89e7c659 -> 
  custom:AudioImporter_EditorPlatform: d09bf68614088b80899f8185d706f6e7 -> 
  custom:video-encoder-webm-vp8: eb34c28f22e8b96e1ab97ce403110664 -> 
  custom:audio-decoder-ogg-vorbis: bf7c407c2cedff20999df2af8eb42d56 -> 
  custom:audio-encoder-webm-vorbis: bf7c407c2cedff20999df2af8eb42d56 -> 
========================================================================
Received Prepare
Caller must complete domain reload
Begin MonoManager ReloadAssembly
- Loaded All Assemblies, in  0.296 seconds
Native extension for WindowsStandalone target not found
Mono: successfully reloaded assembly
- Finished resetting the current domain, in  0.784 seconds
Domain Reload Profiling: 1078ms
	BeginReloadAssembly (105ms)
		ExecutionOrderSort (0ms)
		DisableScriptedObjects (4ms)
		BackupInstance (0ms)
		ReleaseScriptingObjects (0ms)
		CreateAndSetChildDomain (20ms)
	RebuildCommonClasses (22ms)
	RebuildNativeTypeToScriptingClass (7ms)
	initialDomainReloadingComplete (18ms)
	LoadAllAssembliesAndSetupDomain (141ms)
		LoadAssemblies (189ms)
		RebuildTransferFunctionScriptingTraits (0ms)
		AnalyzeDomain (9ms)
			TypeCache.Refresh (4ms)
				TypeCache.ScanAssembly (0ms)
			ScanForSourceGeneratedMonoScriptInfo (0ms)
			ResolveRequiredComponents (4ms)
	FinalizeReload (784ms)
		ReleaseScriptCaches (0ms)
		RebuildScriptCaches (0ms)
		SetupLoadedEditorAssemblies (436ms)
			LogAssemblyErrors (0ms)
			InitializePlatformSupportModulesInManaged (5ms)
			SetLoadedEditorAssemblies (2ms)
			RefreshPlugins (0ms)
			BeforeProcessingInitializeOnLoad (48ms)
			ProcessInitializeOnLoadAttributes (356ms)
			ProcessInitializeOnLoadMethodAttributes (20ms)
			AfterProcessingInitializeOnLoad (5ms)
			EditorAssembliesLoaded (0ms)
		ExecutionOrderSort2 (0ms)
		AwakeInstancesAfterBackupRestoration (6ms)
Refreshing native plugins compatible for Editor in 2.52 ms, found 3 plugins.
Preloading 0 native plugins for Editor in 0.00 ms.
Unloading 3740 Unused Serialized files (Serialized files now loaded: 0)
Unloading 14 unused Assets / (28.7 KB). Loaded Objects now: 4430.
Memory consumption went from 137.7 MB to 137.7 MB.
Total: 2.457500 ms (FindLiveObjects: 0.212500 ms CreateObjectMapping: 0.070400 ms MarkObjects: 2.146800 ms  DeleteObjects: 0.027100 ms)

Prepare: number of updated asset objects reloaded= 0
AssetImportParameters requested are different than current active one (requested -> active):
  custom:container-demuxer-ogg: 62fdf1f143b41e24485cea50d1cbac27 -> 
  custom:video-codec-MediaFoundation-h265: 746d11721c4dcdbdad8f713fa42b33f4 -> 
  custom:video-decoder-ogg-theora: a1e56fd34408186e4bbccfd4996cb3dc -> 
  custom:framework-win-MediaFoundation: 216162199b28c13a410421893ffa2e32 -> 
  custom:CustomObjectIndexerAttribute: 9a22284fe3817be447336de3de66b15e -> 
  custom:container-demuxer-webm: 4f35f7cbe854078d1ac9338744f61a02 -> 
  custom:container-muxer-webm: aa71ff27fc2769a1b78a27578f13a17b -> 
  custom:video-decoder-webm-vp8: 9c59270c3fd7afecdb556c50c9e8de78 -> 
  custom:SearchIndexIgnoredProperties: e643bd26f0fe6173181afceb89e7c659 -> 
  custom:AudioImporter_EditorPlatform: d09bf68614088b80899f8185d706f6e7 -> 
  custom:video-encoder-webm-vp8: eb34c28f22e8b96e1ab97ce403110664 -> 
  custom:audio-decoder-ogg-vorbis: bf7c407c2cedff20999df2af8eb42d56 -> 
  custom:audio-encoder-webm-vorbis: bf7c407c2cedff20999df2af8eb42d56 -> 
========================================================================
Received Import Request.
  Time since last request: 508.103613 seconds.
  path: Assets/Animations/Monk/MonkHurt.anim
  artifactKey: Guid(18a96e85b933fa8408cc20ee32cad6c3) Importer(815301076,1909f56bfc062723c751e8b465ee728b)
Start importing Assets/Animations/Monk/MonkHurt.anim using Guid(18a96e85b933fa8408cc20ee32cad6c3) Importer(815301076,1909f56bfc062723c751e8b465ee728b) [PhysX] Initialized MultithreadedTaskDispatcher with 24 workers.
 -> (artifact id: '31ddfb75ecf6e04f2f9c59e6b3a31d00') in 0.009642 seconds
Number of updated asset objects reloaded before import = 0
Number of asset objects unloaded after import = 1
========================================================================
Received Import Request.
  Time since last request: 12.000578 seconds.
  path: Assets/Animations/Monk/MonkDead.anim
  artifactKey: Guid(16b7de4ddd9159248b8f3b4e5ed9f9f5) Importer(815301076,1909f56bfc062723c751e8b465ee728b)
Start importing Assets/Animations/Monk/MonkDead.anim using Guid(16b7de4ddd9159248b8f3b4e5ed9f9f5) Importer(815301076,1909f56bfc062723c751e8b465ee728b) [PhysX] Initialized MultithreadedTaskDispatcher with 24 workers.
 -> (artifact id: '78a28c9c76d05f489f5e7f5a0a342b97') in 0.000950 seconds
Number of updated asset objects reloaded before import = 0
Number of asset objects unloaded after import = 1
========================================================================
Received Import Request.
  Time since last request: 26.429579 seconds.
  path: Assets/Animations/Monk/MonkAnimator.controller
  artifactKey: Guid(b2649c20e6d17d84da58f4df86af840d) Importer(815301076,1909f56bfc062723c751e8b465ee728b)
Start importing Assets/Animations/Monk/MonkAnimator.controller using Guid(b2649c20e6d17d84da58f4df86af840d) Importer(815301076,1909f56bfc062723c751e8b465ee728b) [PhysX] Initialized MultithreadedTaskDispatcher with 24 workers.
 -> (artifact id: '58f5cdc3d126679ed9fc06641dcd67a2') in 0.004530 seconds
Number of updated asset objects reloaded before import = 0
Number of asset objects unloaded after import = 70
========================================================================
Received Import Request.
  Time since last request: 99.716849 seconds.
  path: Assets/Sprites/Monk/Elementals_ground_monk_FREE_v1.3/png/take_hit/take_hit_1.png
  artifactKey: Guid(e0d6f6dafd441b346878d2b5607fddae) Importer(815301076,1909f56bfc062723c751e8b465ee728b)
Start importing Assets/Sprites/Monk/Elementals_ground_monk_FREE_v1.3/png/take_hit/take_hit_1.png using Guid(e0d6f6dafd441b346878d2b5607fddae) Importer(815301076,1909f56bfc062723c751e8b465ee728b) [PhysX] Initialized MultithreadedTaskDispatcher with 24 workers.
[PhysX] Initialized MultithreadedTaskDispatcher with 24 workers.
 -> (artifact id: 'ce6b8538df0a3279dd339436d29e3a8d') in 0.018780 seconds
Number of updated asset objects reloaded before import = 0
Number of asset objects unloaded after import = 2
========================================================================
Received Import Request.
  Time since last request: 0.004563 seconds.
  path: Assets/Sprites/Monk/Elementals_ground_monk_FREE_v1.3/png/take_hit/take_hit_5.png
  artifactKey: Guid(04f0f2eb16484894ca4420618de40a25) Importer(815301076,1909f56bfc062723c751e8b465ee728b)
Start importing Assets/Sprites/Monk/Elementals_ground_monk_FREE_v1.3/png/take_hit/take_hit_5.png using Guid(04f0f2eb16484894ca4420618de40a25) Importer(815301076,1909f56bfc062723c751e8b465ee728b) [PhysX] Initialized MultithreadedTaskDispatcher with 24 workers.
[PhysX] Initialized MultithreadedTaskDispatcher with 24 workers.
 -> (artifact id: 'a426a50cafe257fd93692dd35b9f957d') in 0.004434 seconds
Number of updated asset objects reloaded before import = 0
Number of asset objects unloaded after import = 2
========================================================================
Received Import Request.
  Time since last request: 0.000085 seconds.
  path: Assets/Sprites/Monk/Elementals_ground_monk_FREE_v1.3/png/take_hit/take_hit_6.png
  artifactKey: Guid(79cc0cd460f1cd740a511f2e23ce130c) Importer(815301076,1909f56bfc062723c751e8b465ee728b)
Start importing Assets/Sprites/Monk/Elementals_ground_monk_FREE_v1.3/png/take_hit/take_hit_6.png using Guid(79cc0cd460f1cd740a511f2e23ce130c) Importer(815301076,1909f56bfc062723c751e8b465ee728b) [PhysX] Initialized MultithreadedTaskDispatcher with 24 workers.
[PhysX] Initialized MultithreadedTaskDispatcher with 24 workers.
 -> (artifact id: 'a77361a8f3cd674ff3d66ce945a2b3d4') in 0.003193 seconds
Number of updated asset objects reloaded before import = 0
Number of asset objects unloaded after import = 2
========================================================================
Received Import Request.
  Time since last request: 0.000049 seconds.
  path: Assets/Sprites/Monk/Elementals_ground_monk_FREE_v1.3/png/take_hit/take_hit_4.png
  artifactKey: Guid(63080636b9a00e841b0ae1bc326f3067) Importer(815301076,1909f56bfc062723c751e8b465ee728b)
Start importing Assets/Sprites/Monk/Elementals_ground_monk_FREE_v1.3/png/take_hit/take_hit_4.png using Guid(63080636b9a00e841b0ae1bc326f3067) Importer(815301076,1909f56bfc062723c751e8b465ee728b) [PhysX] Initialized MultithreadedTaskDispatcher with 24 workers.
[PhysX] Initialized MultithreadedTaskDispatcher with 24 workers.
 -> (artifact id: '03d2e06c964d71095eb229b459da8956') in 0.003586 seconds
Number of updated asset objects reloaded before import = 0
Number of asset objects unloaded after import = 2
========================================================================
Received Import Request.
  Time since last request: 0.000170 seconds.
  path: Assets/Sprites/Monk/Elementals_ground_monk_FREE_v1.3/png/take_hit/take_hit_3.png
  artifactKey: Guid(4d23f1525d6e95d49a05db0faeeb997a) Importer(815301076,1909f56bfc062723c751e8b465ee728b)
Start importing Assets/Sprites/Monk/Elementals_ground_monk_FREE_v1.3/png/take_hit/take_hit_3.png using Guid(4d23f1525d6e95d49a05db0faeeb997a) Importer(815301076,1909f56bfc062723c751e8b465ee728b) [PhysX] Initialized MultithreadedTaskDispatcher with 24 workers.
[PhysX] Initialized MultithreadedTaskDispatcher with 24 workers.
 -> (artifact id: '13e839692d2876b593891de35a2f9ac6') in 0.004233 seconds
Number of updated asset objects reloaded before import = 0
Number of asset objects unloaded after import = 2
========================================================================
Received Import Request.
  Time since last request: 11.937768 seconds.
  path: Assets/Sprites/Monk/Elementals_ground_monk_FREE_v1.3/png/take_hit/take_hit_1.png
  artifactKey: Guid(e0d6f6dafd441b346878d2b5607fddae) Importer(815301076,1909f56bfc062723c751e8b465ee728b)
Start importing Assets/Sprites/Monk/Elementals_ground_monk_FREE_v1.3/png/take_hit/take_hit_1.png using Guid(e0d6f6dafd441b346878d2b5607fddae) Importer(815301076,1909f56bfc062723c751e8b465ee728b) [PhysX] Initialized MultithreadedTaskDispatcher with 24 workers.
[PhysX] Initialized MultithreadedTaskDispatcher with 24 workers.
 -> (artifact id: 'b6e9bbd6b079f06ece3e6612d3a4888b') in 0.018837 seconds
Number of updated asset objects reloaded before import = 0
Number of asset objects unloaded after import = 5
========================================================================
Received Import Request.
  Time since last request: 6.240673 seconds.
  path: Assets/Sprites/Monk/Elementals_ground_monk_FREE_v1.3/png/take_hit/take_hit_1.png
  artifactKey: Guid(e0d6f6dafd441b346878d2b5607fddae) Importer(815301076,1909f56bfc062723c751e8b465ee728b)
Start importing Assets/Sprites/Monk/Elementals_ground_monk_FREE_v1.3/png/take_hit/take_hit_1.png using Guid(e0d6f6dafd441b346878d2b5607fddae) Importer(815301076,1909f56bfc062723c751e8b465ee728b) [PhysX] Initialized MultithreadedTaskDispatcher with 24 workers.
[PhysX] Initialized MultithreadedTaskDispatcher with 24 workers.
 -> (artifact id: '789d9fdcf2e37ca85b0064510ec46a52') in 0.007350 seconds
Number of updated asset objects reloaded before import = 0
Number of asset objects unloaded after import = 5
========================================================================
Received Import Request.
  Time since last request: 9.837333 seconds.
  path: Assets/Sprites/Monk/Elementals_ground_monk_FREE_v1.3/png/take_hit/take_hit_2.png
  artifactKey: Guid(f5eb340ddf7df24439b3cde65dbee439) Importer(815301076,1909f56bfc062723c751e8b465ee728b)
Start importing Assets/Sprites/Monk/Elementals_ground_monk_FREE_v1.3/png/take_hit/take_hit_2.png using Guid(f5eb340ddf7df24439b3cde65dbee439) Importer(815301076,1909f56bfc062723c751e8b465ee728b) [PhysX] Initialized MultithreadedTaskDispatcher with 24 workers.
[PhysX] Initialized MultithreadedTaskDispatcher with 24 workers.
 -> (artifact id: '1a085167758b4c49f56d1b96b4d89503') in 0.006358 seconds
Number of updated asset objects reloaded before import = 0
Number of asset objects unloaded after import = 4
========================================================================
Received Import Request.
  Time since last request: 6.104776 seconds.
  path: Assets/Sprites/Monk/Elementals_ground_monk_FREE_v1.3/png/take_hit/take_hit_2.png
  artifactKey: Guid(f5eb340ddf7df24439b3cde65dbee439) Importer(815301076,1909f56bfc062723c751e8b465ee728b)
Start importing Assets/Sprites/Monk/Elementals_ground_monk_FREE_v1.3/png/take_hit/take_hit_2.png using Guid(f5eb340ddf7df24439b3cde65dbee439) Importer(815301076,1909f56bfc062723c751e8b465ee728b) [PhysX] Initialized MultithreadedTaskDispatcher with 24 workers.
[PhysX] Initialized MultithreadedTaskDispatcher with 24 workers.
 -> (artifact id: '5e5d58ff28edad0085923e4fb91f584e') in 0.006899 seconds
Number of updated asset objects reloaded before import = 0
Number of asset objects unloaded after import = 4
========================================================================
Received Import Request.
  Time since last request: 28.376975 seconds.
  path: Assets/Sprites/Monk/Elementals_ground_monk_FREE_v1.3/png/take_hit/take_hit_3.png
  artifactKey: Guid(4d23f1525d6e95d49a05db0faeeb997a) Importer(815301076,1909f56bfc062723c751e8b465ee728b)
Start importing Assets/Sprites/Monk/Elementals_ground_monk_FREE_v1.3/png/take_hit/take_hit_3.png using Guid(4d23f1525d6e95d49a05db0faeeb997a) Importer(815301076,1909f56bfc062723c751e8b465ee728b) [PhysX] Initialized MultithreadedTaskDispatcher with 24 workers.
[PhysX] Initialized MultithreadedTaskDispatcher with 24 workers.
 -> (artifact id: 'a47d7628b28cdba3679ac476fc68c494') in 0.005800 seconds
Number of updated asset objects reloaded before import = 0
Number of asset objects unloaded after import = 3
========================================================================
Received Import Request.
  Time since last request: 7.320980 seconds.
  path: Assets/Sprites/Monk/Elementals_ground_monk_FREE_v1.3/png/take_hit/take_hit_4.png
  artifactKey: Guid(63080636b9a00e841b0ae1bc326f3067) Importer(815301076,1909f56bfc062723c751e8b465ee728b)
Start importing Assets/Sprites/Monk/Elementals_ground_monk_FREE_v1.3/png/take_hit/take_hit_4.png using Guid(63080636b9a00e841b0ae1bc326f3067) Importer(815301076,1909f56bfc062723c751e8b465ee728b) [PhysX] Initialized MultithreadedTaskDispatcher with 24 workers.
[PhysX] Initialized MultithreadedTaskDispatcher with 24 workers.
 -> (artifact id: 'b9ab9d0f5a1b9b110a4223b09ff806c6') in 0.007502 seconds
Number of updated asset objects reloaded before import = 0
Number of asset objects unloaded after import = 3
========================================================================
Received Import Request.
  Time since last request: 23.059497 seconds.
  path: Assets/Sprites/Monk/Elementals_ground_monk_FREE_v1.3/png/take_hit/take_hit_5.png
  artifactKey: Guid(04f0f2eb16484894ca4420618de40a25) Importer(815301076,1909f56bfc062723c751e8b465ee728b)
Start importing Assets/Sprites/Monk/Elementals_ground_monk_FREE_v1.3/png/take_hit/take_hit_5.png using Guid(04f0f2eb16484894ca4420618de40a25) Importer(815301076,1909f56bfc062723c751e8b465ee728b) [PhysX] Initialized MultithreadedTaskDispatcher with 24 workers.
[PhysX] Initialized MultithreadedTaskDispatcher with 24 workers.
 -> (artifact id: '7f4543a8eab1613d558d5878ffcdfd72') in 0.005835 seconds
Number of updated asset objects reloaded before import = 0
Number of asset objects unloaded after import = 3
========================================================================
Received Import Request.
  Time since last request: 7.649085 seconds.
  path: Assets/Sprites/Monk/Elementals_ground_monk_FREE_v1.3/png/take_hit/take_hit_6.png
  artifactKey: Guid(79cc0cd460f1cd740a511f2e23ce130c) Importer(815301076,1909f56bfc062723c751e8b465ee728b)
Start importing Assets/Sprites/Monk/Elementals_ground_monk_FREE_v1.3/png/take_hit/take_hit_6.png using Guid(79cc0cd460f1cd740a511f2e23ce130c) Importer(815301076,1909f56bfc062723c751e8b465ee728b) [PhysX] Initialized MultithreadedTaskDispatcher with 24 workers.
[PhysX] Initialized MultithreadedTaskDispatcher with 24 workers.
 -> (artifact id: 'f4cb40c3c5b8d38e241c30adeca3f9e4') in 0.005155 seconds
Number of updated asset objects reloaded before import = 0
Number of asset objects unloaded after import = 3
========================================================================
Received Import Request.
  Time since last request: 137.912984 seconds.
  path: Assets/Sprites/Monk/Elementals_ground_monk_FREE_v1.3/png/death/death_13.png
  artifactKey: Guid(7e46f9563aebea24b8b4a372cee515d2) Importer(815301076,1909f56bfc062723c751e8b465ee728b)
Start importing Assets/Sprites/Monk/Elementals_ground_monk_FREE_v1.3/png/death/death_13.png using Guid(7e46f9563aebea24b8b4a372cee515d2) Importer(815301076,1909f56bfc062723c751e8b465ee728b) [PhysX] Initialized MultithreadedTaskDispatcher with 24 workers.
[PhysX] Initialized MultithreadedTaskDispatcher with 24 workers.
 -> (artifact id: '85eb09489b4b47a816822319b3bc5df1') in 0.005166 seconds
Number of updated asset objects reloaded before import = 0
Number of asset objects unloaded after import = 2
========================================================================
Received Import Request.
  Time since last request: 0.004474 seconds.
  path: Assets/Sprites/Monk/Elementals_ground_monk_FREE_v1.3/png/death/death_17.png
  artifactKey: Guid(5121fe05297e6c2488fcb8f01c1c9bb1) Importer(815301076,1909f56bfc062723c751e8b465ee728b)
Start importing Assets/Sprites/Monk/Elementals_ground_monk_FREE_v1.3/png/death/death_17.png using Guid(5121fe05297e6c2488fcb8f01c1c9bb1) Importer(815301076,1909f56bfc062723c751e8b465ee728b) [PhysX] Initialized MultithreadedTaskDispatcher with 24 workers.
[PhysX] Initialized MultithreadedTaskDispatcher with 24 workers.
 -> (artifact id: '4cbcd60ee364fc82a514147284e5789d') in 0.004088 seconds
Number of updated asset objects reloaded before import = 0
Number of asset objects unloaded after import = 2
========================================================================
Received Import Request.
  Time since last request: 0.000048 seconds.
  path: Assets/Sprites/Monk/Elementals_ground_monk_FREE_v1.3/png/death/death_16.png
  artifactKey: Guid(b2207466eeb5dd24d8e4317b105371cf) Importer(815301076,1909f56bfc062723c751e8b465ee728b)
Start importing Assets/Sprites/Monk/Elementals_ground_monk_FREE_v1.3/png/death/death_16.png using Guid(b2207466eeb5dd24d8e4317b105371cf) Importer(815301076,1909f56bfc062723c751e8b465ee728b) [PhysX] Initialized MultithreadedTaskDispatcher with 24 workers.
[PhysX] Initialized MultithreadedTaskDispatcher with 24 workers.
 -> (artifact id: '4e900d7da99c50b14e9dca1172bb186f') in 0.003993 seconds
Number of updated asset objects reloaded before import = 0
Number of asset objects unloaded after import = 2
========================================================================
Received Import Request.
  Time since last request: 0.000011 seconds.
  path: Assets/Sprites/Monk/Elementals_ground_monk_FREE_v1.3/png/death/death_15.png
  artifactKey: Guid(47bcda85890876b44a09705f8e29d32e) Importer(815301076,1909f56bfc062723c751e8b465ee728b)
Start importing Assets/Sprites/Monk/Elementals_ground_monk_FREE_v1.3/png/death/death_15.png using Guid(47bcda85890876b44a09705f8e29d32e) Importer(815301076,1909f56bfc062723c751e8b465ee728b) [PhysX] Initialized MultithreadedTaskDispatcher with 24 workers.
[PhysX] Initialized MultithreadedTaskDispatcher with 24 workers.
 -> (artifact id: 'eff2767f87c6f49b766ad11b5e3499a5') in 0.003611 seconds
Number of updated asset objects reloaded before import = 0
Number of asset objects unloaded after import = 2
========================================================================
Received Import Request.
  Time since last request: 1.272702 seconds.
  path: Assets/Sprites/Monk/Elementals_ground_monk_FREE_v1.3/png/death/death_18.png
  artifactKey: Guid(08081965e87e7be4a972f3b000496bb2) Importer(815301076,1909f56bfc062723c751e8b465ee728b)
Start importing Assets/Sprites/Monk/Elementals_ground_monk_FREE_v1.3/png/death/death_18.png using Guid(08081965e87e7be4a972f3b000496bb2) Importer(815301076,1909f56bfc062723c751e8b465ee728b) [PhysX] Initialized MultithreadedTaskDispatcher with 24 workers.
[PhysX] Initialized MultithreadedTaskDispatcher with 24 workers.
 -> (artifact id: '61065170aa6acba99a5fb220cd7cd5e9') in 0.005009 seconds
Number of updated asset objects reloaded before import = 0
Number of asset objects unloaded after import = 2
========================================================================
Received Import Request.
  Time since last request: 21.961124 seconds.
  path: Assets/Sprites/Monk/Elementals_ground_monk_FREE_v1.3/png/death/death_1.png
  artifactKey: Guid(f73a2be8f02d296458033fa549476a1c) Importer(815301076,1909f56bfc062723c751e8b465ee728b)
Start importing Assets/Sprites/Monk/Elementals_ground_monk_FREE_v1.3/png/death/death_1.png using Guid(f73a2be8f02d296458033fa549476a1c) Importer(815301076,1909f56bfc062723c751e8b465ee728b) [PhysX] Initialized MultithreadedTaskDispatcher with 24 workers.
[PhysX] Initialized MultithreadedTaskDispatcher with 24 workers.
 -> (artifact id: '443d763231df4de60a5c07a52dcb7673') in 0.003732 seconds
Number of updated asset objects reloaded before import = 0
Number of asset objects unloaded after import = 2
========================================================================
Received Import Request.
  Time since last request: 0.012145 seconds.
  path: Assets/Sprites/Monk/Elementals_ground_monk_FREE_v1.3/png/death/death_9.png
  artifactKey: Guid(b1924a2742887ff4c9aaa73363615545) Importer(815301076,1909f56bfc062723c751e8b465ee728b)
Start importing Assets/Sprites/Monk/Elementals_ground_monk_FREE_v1.3/png/death/death_9.png using Guid(b1924a2742887ff4c9aaa73363615545) Importer(815301076,1909f56bfc062723c751e8b465ee728b) [PhysX] Initialized MultithreadedTaskDispatcher with 24 workers.
[PhysX] Initialized MultithreadedTaskDispatcher with 24 workers.
 -> (artifact id: '917acdd8d1d9a09910ae0e44dcecd4a7') in 0.004032 seconds
Number of updated asset objects reloaded before import = 0
Number of asset objects unloaded after import = 2
========================================================================
Received Import Request.
  Time since last request: 0.003458 seconds.
  path: Assets/Sprites/Monk/Elementals_ground_monk_FREE_v1.3/png/death/death_14.png
  artifactKey: Guid(6c71cebc241de594489268d21488da79) Importer(815301076,1909f56bfc062723c751e8b465ee728b)
Start importing Assets/Sprites/Monk/Elementals_ground_monk_FREE_v1.3/png/death/death_14.png using Guid(6c71cebc241de594489268d21488da79) Importer(815301076,1909f56bfc062723c751e8b465ee728b) [PhysX] Initialized MultithreadedTaskDispatcher with 24 workers.
[PhysX] Initialized MultithreadedTaskDispatcher with 24 workers.
 -> (artifact id: '20fd740dbbfefd9235f3afd36c3fc880') in 0.004560 seconds
Number of updated asset objects reloaded before import = 0
Number of asset objects unloaded after import = 2
========================================================================
Received Import Request.
  Time since last request: 0.000011 seconds.
  path: Assets/Sprites/Monk/Elementals_ground_monk_FREE_v1.3/png/death/death_18.png
  artifactKey: Guid(08081965e87e7be4a972f3b000496bb2) Importer(815301076,1909f56bfc062723c751e8b465ee728b)
Start importing Assets/Sprites/Monk/Elementals_ground_monk_FREE_v1.3/png/death/death_18.png using Guid(08081965e87e7be4a972f3b000496bb2) Importer(815301076,1909f56bfc062723c751e8b465ee728b) [PhysX] Initialized MultithreadedTaskDispatcher with 24 workers.
[PhysX] Initialized MultithreadedTaskDispatcher with 24 workers.
 -> (artifact id: 'bbb7d0e38c2c35e24540d7c83e382af6') in 0.003514 seconds
Number of updated asset objects reloaded before import = 0
Number of asset objects unloaded after import = 2
========================================================================
Received Import Request.
  Time since last request: 0.000012 seconds.
  path: Assets/Sprites/Monk/Elementals_ground_monk_FREE_v1.3/png/death/death_16.png
  artifactKey: Guid(b2207466eeb5dd24d8e4317b105371cf) Importer(815301076,1909f56bfc062723c751e8b465ee728b)
Start importing Assets/Sprites/Monk/Elementals_ground_monk_FREE_v1.3/png/death/death_16.png using Guid(b2207466eeb5dd24d8e4317b105371cf) Importer(815301076,1909f56bfc062723c751e8b465ee728b) [PhysX] Initialized MultithreadedTaskDispatcher with 24 workers.
[PhysX] Initialized MultithreadedTaskDispatcher with 24 workers.
 -> (artifact id: '7b591d47961d748f2e1014afb249a6a6') in 0.003163 seconds
Number of updated asset objects reloaded before import = 0
Number of asset objects unloaded after import = 2
========================================================================
Received Import Request.
  Time since last request: 0.000031 seconds.
  path: Assets/Sprites/Monk/Elementals_ground_monk_FREE_v1.3/png/death/death_12.png
  artifactKey: Guid(6df6cdc75fc03844c8359b03092f78df) Importer(815301076,1909f56bfc062723c751e8b465ee728b)
Start importing Assets/Sprites/Monk/Elementals_ground_monk_FREE_v1.3/png/death/death_12.png using Guid(6df6cdc75fc03844c8359b03092f78df) Importer(815301076,1909f56bfc062723c751e8b465ee728b) [PhysX] Initialized MultithreadedTaskDispatcher with 24 workers.
[PhysX] Initialized MultithreadedTaskDispatcher with 24 workers.
 -> (artifact id: '2099324da0c6ddfa5da8b2b946b63fb2') in 0.004156 seconds
Number of updated asset objects reloaded before import = 0
Number of asset objects unloaded after import = 2
========================================================================
Received Import Request.
  Time since last request: 1.063548 seconds.
  path: Assets/Sprites/Monk/Elementals_ground_monk_FREE_v1.3/png/death/death_8.png
  artifactKey: Guid(1b6f54b64e519dd4797c7dce1a381cef) Importer(815301076,1909f56bfc062723c751e8b465ee728b)
Start importing Assets/Sprites/Monk/Elementals_ground_monk_FREE_v1.3/png/death/death_8.png using Guid(1b6f54b64e519dd4797c7dce1a381cef) Importer(815301076,1909f56bfc062723c751e8b465ee728b) [PhysX] Initialized MultithreadedTaskDispatcher with 24 workers.
[PhysX] Initialized MultithreadedTaskDispatcher with 24 workers.
 -> (artifact id: 'ca2bb71e20ba8ddd9e983bfd4ac4ea39') in 0.004695 seconds
Number of updated asset objects reloaded before import = 0
Number of asset objects unloaded after import = 2
========================================================================
Received Import Request.
  Time since last request: 0.020256 seconds.
  path: Assets/Sprites/Monk/Elementals_ground_monk_FREE_v1.3/png/death/death_7.png
  artifactKey: Guid(e7bd571115aa5874aa797362a57c512a) Importer(815301076,1909f56bfc062723c751e8b465ee728b)
Start importing Assets/Sprites/Monk/Elementals_ground_monk_FREE_v1.3/png/death/death_7.png using Guid(e7bd571115aa5874aa797362a57c512a) Importer(815301076,1909f56bfc062723c751e8b465ee728b) [PhysX] Initialized MultithreadedTaskDispatcher with 24 workers.
[PhysX] Initialized MultithreadedTaskDispatcher with 24 workers.
 -> (artifact id: '3258224d946326a5f546c44e2df29fcd') in 0.004053 seconds
Number of updated asset objects reloaded before import = 0
Number of asset objects unloaded after import = 2
========================================================================
Received Import Request.
  Time since last request: 0.021779 seconds.
  path: Assets/Sprites/Monk/Elementals_ground_monk_FREE_v1.3/png/death/death_6.png
  artifactKey: Guid(436550bb255b7f64fb66b069cc854de7) Importer(815301076,1909f56bfc062723c751e8b465ee728b)
Start importing Assets/Sprites/Monk/Elementals_ground_monk_FREE_v1.3/png/death/death_6.png using Guid(436550bb255b7f64fb66b069cc854de7) Importer(815301076,1909f56bfc062723c751e8b465ee728b) [PhysX] Initialized MultithreadedTaskDispatcher with 24 workers.
[PhysX] Initialized MultithreadedTaskDispatcher with 24 workers.
 -> (artifact id: 'e29d29ce2dc6dcd70cfd0dbe3a7677e6') in 0.004087 seconds
Number of updated asset objects reloaded before import = 0
Number of asset objects unloaded after import = 2
========================================================================
Received Import Request.
  Time since last request: 0.007395 seconds.
  path: Assets/Sprites/Monk/Elementals_ground_monk_FREE_v1.3/png/death/death_5.png
  artifactKey: Guid(49ef32ab3e2feb140af80bc641a68af5) Importer(815301076,1909f56bfc062723c751e8b465ee728b)
Start importing Assets/Sprites/Monk/Elementals_ground_monk_FREE_v1.3/png/death/death_5.png using Guid(49ef32ab3e2feb140af80bc641a68af5) Importer(815301076,1909f56bfc062723c751e8b465ee728b) [PhysX] Initialized MultithreadedTaskDispatcher with 24 workers.
[PhysX] Initialized MultithreadedTaskDispatcher with 24 workers.
 -> (artifact id: '7f200b69ef6b27b8a906e2eeab1f4985') in 0.003762 seconds
Number of updated asset objects reloaded before import = 0
Number of asset objects unloaded after import = 2
========================================================================
Received Import Request.
  Time since last request: 0.261007 seconds.
  path: Assets/Sprites/Monk/Elementals_ground_monk_FREE_v1.3/png/death/death_4.png
  artifactKey: Guid(e825e31f608d6b94fae0cb2da2a723bf) Importer(815301076,1909f56bfc062723c751e8b465ee728b)
Start importing Assets/Sprites/Monk/Elementals_ground_monk_FREE_v1.3/png/death/death_4.png using Guid(e825e31f608d6b94fae0cb2da2a723bf) Importer(815301076,1909f56bfc062723c751e8b465ee728b) [PhysX] Initialized MultithreadedTaskDispatcher with 24 workers.
[PhysX] Initialized MultithreadedTaskDispatcher with 24 workers.
 -> (artifact id: '91c08d576f889d4a2ffe00bc96c0b110') in 0.004376 seconds
Number of updated asset objects reloaded before import = 0
Number of asset objects unloaded after import = 2
========================================================================
Received Import Request.
  Time since last request: 0.023040 seconds.
  path: Assets/Sprites/Monk/Elementals_ground_monk_FREE_v1.3/png/death/death_3.png
  artifactKey: Guid(f63a2bde7f18bdd4cb2114f145dff804) Importer(815301076,1909f56bfc062723c751e8b465ee728b)
Start importing Assets/Sprites/Monk/Elementals_ground_monk_FREE_v1.3/png/death/death_3.png using Guid(f63a2bde7f18bdd4cb2114f145dff804) Importer(815301076,1909f56bfc062723c751e8b465ee728b) [PhysX] Initialized MultithreadedTaskDispatcher with 24 workers.
[PhysX] Initialized MultithreadedTaskDispatcher with 24 workers.
 -> (artifact id: '380eb5b83f6ab34e168c191d68a154ce') in 0.004454 seconds
Number of updated asset objects reloaded before import = 0
Number of asset objects unloaded after import = 2
========================================================================
Received Import Request.
  Time since last request: 0.020724 seconds.
  path: Assets/Sprites/Monk/Elementals_ground_monk_FREE_v1.3/png/death/death_2.png
  artifactKey: Guid(5484120a68de9b9468ba9dcf33c017dd) Importer(815301076,1909f56bfc062723c751e8b465ee728b)
Start importing Assets/Sprites/Monk/Elementals_ground_monk_FREE_v1.3/png/death/death_2.png using Guid(5484120a68de9b9468ba9dcf33c017dd) Importer(815301076,1909f56bfc062723c751e8b465ee728b) [PhysX] Initialized MultithreadedTaskDispatcher with 24 workers.
[PhysX] Initialized MultithreadedTaskDispatcher with 24 workers.
 -> (artifact id: '00c8d13582cf697cd2e599a954ba6eba') in 0.005138 seconds
Number of updated asset objects reloaded before import = 0
Number of asset objects unloaded after import = 2
========================================================================
Received Import Request.
  Time since last request: 7.858299 seconds.
  path: Assets/Sprites/Monk/Elementals_ground_monk_FREE_v1.3/png/death/death_1.png
  artifactKey: Guid(f73a2be8f02d296458033fa549476a1c) Importer(815301076,1909f56bfc062723c751e8b465ee728b)
Start importing Assets/Sprites/Monk/Elementals_ground_monk_FREE_v1.3/png/death/death_1.png using Guid(f73a2be8f02d296458033fa549476a1c) Importer(815301076,1909f56bfc062723c751e8b465ee728b) [PhysX] Initialized MultithreadedTaskDispatcher with 24 workers.
[PhysX] Initialized MultithreadedTaskDispatcher with 24 workers.
 -> (artifact id: '9fdf5d5145d1f3a884d101f924d77e9e') in 0.005210 seconds
Number of updated asset objects reloaded before import = 0
Number of asset objects unloaded after import = 3
========================================================================
Received Import Request.
  Time since last request: 7.570135 seconds.
  path: Assets/Sprites/Monk/Elementals_ground_monk_FREE_v1.3/png/death/death_2.png
  artifactKey: Guid(5484120a68de9b9468ba9dcf33c017dd) Importer(815301076,1909f56bfc062723c751e8b465ee728b)
Start importing Assets/Sprites/Monk/Elementals_ground_monk_FREE_v1.3/png/death/death_2.png using Guid(5484120a68de9b9468ba9dcf33c017dd) Importer(815301076,1909f56bfc062723c751e8b465ee728b) [PhysX] Initialized MultithreadedTaskDispatcher with 24 workers.
[PhysX] Initialized MultithreadedTaskDispatcher with 24 workers.
 -> (artifact id: 'a3cc7061a1640b371112ae6d77ab51df') in 0.005100 seconds
Number of updated asset objects reloaded before import = 0
Number of asset objects unloaded after import = 3
========================================================================
Received Import Request.
  Time since last request: 10.855393 seconds.
  path: Assets/Sprites/Monk/Elementals_ground_monk_FREE_v1.3/png/death/death_3.png
  artifactKey: Guid(f63a2bde7f18bdd4cb2114f145dff804) Importer(815301076,1909f56bfc062723c751e8b465ee728b)
Start importing Assets/Sprites/Monk/Elementals_ground_monk_FREE_v1.3/png/death/death_3.png using Guid(f63a2bde7f18bdd4cb2114f145dff804) Importer(815301076,1909f56bfc062723c751e8b465ee728b) [PhysX] Initialized MultithreadedTaskDispatcher with 24 workers.
[PhysX] Initialized MultithreadedTaskDispatcher with 24 workers.
 -> (artifact id: '5c133b3f8bc61de22ae17b5ec21d7914') in 0.004964 seconds
Number of updated asset objects reloaded before import = 0
Number of asset objects unloaded after import = 3
========================================================================
Received Import Request.
  Time since last request: 7.361573 seconds.
  path: Assets/Sprites/Monk/Elementals_ground_monk_FREE_v1.3/png/death/death_4.png
  artifactKey: Guid(e825e31f608d6b94fae0cb2da2a723bf) Importer(815301076,1909f56bfc062723c751e8b465ee728b)
Start importing Assets/Sprites/Monk/Elementals_ground_monk_FREE_v1.3/png/death/death_4.png using Guid(e825e31f608d6b94fae0cb2da2a723bf) Importer(815301076,1909f56bfc062723c751e8b465ee728b) [PhysX] Initialized MultithreadedTaskDispatcher with 24 workers.
[PhysX] Initialized MultithreadedTaskDispatcher with 24 workers.
 -> (artifact id: '007b50fab99ffe5c0e38c8530e72784e') in 0.011434 seconds
Number of updated asset objects reloaded before import = 0
Number of asset objects unloaded after import = 3
========================================================================
Received Import Request.
  Time since last request: 31.919416 seconds.
  path: Assets/Sprites/Monk/Elementals_ground_monk_FREE_v1.3/png/death/death_5.png
  artifactKey: Guid(49ef32ab3e2feb140af80bc641a68af5) Importer(815301076,1909f56bfc062723c751e8b465ee728b)
Start importing Assets/Sprites/Monk/Elementals_ground_monk_FREE_v1.3/png/death/death_5.png using Guid(49ef32ab3e2feb140af80bc641a68af5) Importer(815301076,1909f56bfc062723c751e8b465ee728b) [PhysX] Initialized MultithreadedTaskDispatcher with 24 workers.
[PhysX] Initialized MultithreadedTaskDispatcher with 24 workers.
 -> (artifact id: 'fd1d5b9546ef90cf8f3051a98cc40103') in 0.005587 seconds
Number of updated asset objects reloaded before import = 0
Number of asset objects unloaded after import = 3
========================================================================
Received Import Request.
  Time since last request: 7.296184 seconds.
  path: Assets/Sprites/Monk/Elementals_ground_monk_FREE_v1.3/png/death/death_6.png
  artifactKey: Guid(436550bb255b7f64fb66b069cc854de7) Importer(815301076,1909f56bfc062723c751e8b465ee728b)
Start importing Assets/Sprites/Monk/Elementals_ground_monk_FREE_v1.3/png/death/death_6.png using Guid(436550bb255b7f64fb66b069cc854de7) Importer(815301076,1909f56bfc062723c751e8b465ee728b) [PhysX] Initialized MultithreadedTaskDispatcher with 24 workers.
[PhysX] Initialized MultithreadedTaskDispatcher with 24 workers.
 -> (artifact id: 'f76de1e37b88a21b224fb3ef4ae8fa46') in 0.004873 seconds
Number of updated asset objects reloaded before import = 0
Number of asset objects unloaded after import = 3
========================================================================
Received Import Request.
  Time since last request: 6.728486 seconds.
  path: Assets/Sprites/Monk/Elementals_ground_monk_FREE_v1.3/png/death/death_7.png
  artifactKey: Guid(e7bd571115aa5874aa797362a57c512a) Importer(815301076,1909f56bfc062723c751e8b465ee728b)
Start importing Assets/Sprites/Monk/Elementals_ground_monk_FREE_v1.3/png/death/death_7.png using Guid(e7bd571115aa5874aa797362a57c512a) Importer(815301076,1909f56bfc062723c751e8b465ee728b) [PhysX] Initialized MultithreadedTaskDispatcher with 24 workers.
[PhysX] Initialized MultithreadedTaskDispatcher with 24 workers.
 -> (artifact id: 'd1f5d4c96883d8fd8c461a751a89794f') in 0.005383 seconds
Number of updated asset objects reloaded before import = 0
Number of asset objects unloaded after import = 3
========================================================================
Received Import Request.
  Time since last request: 10.419769 seconds.
  path: Assets/Sprites/Monk/Elementals_ground_monk_FREE_v1.3/png/death/death_8.png
  artifactKey: Guid(1b6f54b64e519dd4797c7dce1a381cef) Importer(815301076,1909f56bfc062723c751e8b465ee728b)
Start importing Assets/Sprites/Monk/Elementals_ground_monk_FREE_v1.3/png/death/death_8.png using Guid(1b6f54b64e519dd4797c7dce1a381cef) Importer(815301076,1909f56bfc062723c751e8b465ee728b) [PhysX] Initialized MultithreadedTaskDispatcher with 24 workers.
[PhysX] Initialized MultithreadedTaskDispatcher with 24 workers.
 -> (artifact id: 'bfced21520cddb0da5f1dd7a11362bd5') in 0.004854 seconds
Number of updated asset objects reloaded before import = 0
Number of asset objects unloaded after import = 3
========================================================================
Received Import Request.
  Time since last request: 7.950444 seconds.
  path: Assets/Sprites/Monk/Elementals_ground_monk_FREE_v1.3/png/death/death_9.png
  artifactKey: Guid(b1924a2742887ff4c9aaa73363615545) Importer(815301076,1909f56bfc062723c751e8b465ee728b)
Start importing Assets/Sprites/Monk/Elementals_ground_monk_FREE_v1.3/png/death/death_9.png using Guid(b1924a2742887ff4c9aaa73363615545) Importer(815301076,1909f56bfc062723c751e8b465ee728b) [PhysX] Initialized MultithreadedTaskDispatcher with 24 workers.
[PhysX] Initialized MultithreadedTaskDispatcher with 24 workers.
 -> (artifact id: 'fef90296cb56e7e98f25027ad8278df0') in 0.005182 seconds
Number of updated asset objects reloaded before import = 0
Number of asset objects unloaded after import = 3
========================================================================
Received Import Request.
  Time since last request: 8.236188 seconds.
  path: Assets/Sprites/Monk/Elementals_ground_monk_FREE_v1.3/png/death/death_10.png
  artifactKey: Guid(78107456bb6cf53449d3ef3d1927eea5) Importer(815301076,1909f56bfc062723c751e8b465ee728b)
Start importing Assets/Sprites/Monk/Elementals_ground_monk_FREE_v1.3/png/death/death_10.png using Guid(78107456bb6cf53449d3ef3d1927eea5) Importer(815301076,1909f56bfc062723c751e8b465ee728b) [PhysX] Initialized MultithreadedTaskDispatcher with 24 workers.
[PhysX] Initialized MultithreadedTaskDispatcher with 24 workers.
 -> (artifact id: '049f9e272708718bfda9402c0e8f951b') in 0.004739 seconds
Number of updated asset objects reloaded before import = 0
Number of asset objects unloaded after import = 3
========================================================================
Received Import Request.
  Time since last request: 7.883446 seconds.
  path: Assets/Sprites/Monk/Elementals_ground_monk_FREE_v1.3/png/death/death_11.png
  artifactKey: Guid(3e3786f5600eb2e47acc1680a6dfc496) Importer(815301076,1909f56bfc062723c751e8b465ee728b)
Start importing Assets/Sprites/Monk/Elementals_ground_monk_FREE_v1.3/png/death/death_11.png using Guid(3e3786f5600eb2e47acc1680a6dfc496) Importer(815301076,1909f56bfc062723c751e8b465ee728b) [PhysX] Initialized MultithreadedTaskDispatcher with 24 workers.
[PhysX] Initialized MultithreadedTaskDispatcher with 24 workers.
 -> (artifact id: 'fc39891994eb1e250b3a15e0f15dbf3f') in 0.005110 seconds
Number of updated asset objects reloaded before import = 0
Number of asset objects unloaded after import = 3
========================================================================
Received Import Request.
  Time since last request: 7.524225 seconds.
  path: Assets/Sprites/Monk/Elementals_ground_monk_FREE_v1.3/png/death/death_12.png
  artifactKey: Guid(6df6cdc75fc03844c8359b03092f78df) Importer(815301076,1909f56bfc062723c751e8b465ee728b)
Start importing Assets/Sprites/Monk/Elementals_ground_monk_FREE_v1.3/png/death/death_12.png using Guid(6df6cdc75fc03844c8359b03092f78df) Importer(815301076,1909f56bfc062723c751e8b465ee728b) [PhysX] Initialized MultithreadedTaskDispatcher with 24 workers.
[PhysX] Initialized MultithreadedTaskDispatcher with 24 workers.
 -> (artifact id: 'fdf94f4056e7090da0d1517e5ed10e7e') in 0.005493 seconds
Number of updated asset objects reloaded before import = 0
Number of asset objects unloaded after import = 3
========================================================================
Received Import Request.
  Time since last request: 7.765891 seconds.
  path: Assets/Sprites/Monk/Elementals_ground_monk_FREE_v1.3/png/death/death_13.png
  artifactKey: Guid(7e46f9563aebea24b8b4a372cee515d2) Importer(815301076,1909f56bfc062723c751e8b465ee728b)
Start importing Assets/Sprites/Monk/Elementals_ground_monk_FREE_v1.3/png/death/death_13.png using Guid(7e46f9563aebea24b8b4a372cee515d2) Importer(815301076,1909f56bfc062723c751e8b465ee728b) [PhysX] Initialized MultithreadedTaskDispatcher with 24 workers.
[PhysX] Initialized MultithreadedTaskDispatcher with 24 workers.
 -> (artifact id: '49d685d51fca651a8bf0b4c6283bc769') in 0.005164 seconds
Number of updated asset objects reloaded before import = 0
Number of asset objects unloaded after import = 3
========================================================================
Received Import Request.
  Time since last request: 101.417506 seconds.
  path: Assets/Sprites/Monk/Elementals_ground_monk_FREE_v1.3/png/death/death_14.png
  artifactKey: Guid(6c71cebc241de594489268d21488da79) Importer(815301076,1909f56bfc062723c751e8b465ee728b)
Start importing Assets/Sprites/Monk/Elementals_ground_monk_FREE_v1.3/png/death/death_14.png using Guid(6c71cebc241de594489268d21488da79) Importer(815301076,1909f56bfc062723c751e8b465ee728b) [PhysX] Initialized MultithreadedTaskDispatcher with 24 workers.
[PhysX] Initialized MultithreadedTaskDispatcher with 24 workers.
 -> (artifact id: '227a40e0d6689ec0985bd41118b8b7ee') in 0.007413 seconds
Number of updated asset objects reloaded before import = 0
Number of asset objects unloaded after import = 3
========================================================================
Received Import Request.
  Time since last request: 21.780361 seconds.
  path: Assets/Sprites/Monk/Elementals_ground_monk_FREE_v1.3/png/death/death_15.png
  artifactKey: Guid(47bcda85890876b44a09705f8e29d32e) Importer(815301076,1909f56bfc062723c751e8b465ee728b)
Start importing Assets/Sprites/Monk/Elementals_ground_monk_FREE_v1.3/png/death/death_15.png using Guid(47bcda85890876b44a09705f8e29d32e) Importer(815301076,1909f56bfc062723c751e8b465ee728b) [PhysX] Initialized MultithreadedTaskDispatcher with 24 workers.
[PhysX] Initialized MultithreadedTaskDispatcher with 24 workers.
 -> (artifact id: 'f1757d34d001e8d56d01e48dbdfb4ae9') in 0.005624 seconds
Number of updated asset objects reloaded before import = 0
Number of asset objects unloaded after import = 3
========================================================================
Received Import Request.
  Time since last request: 22.843262 seconds.
  path: Assets/Sprites/Monk/Elementals_ground_monk_FREE_v1.3/png/death/death_16.png
  artifactKey: Guid(b2207466eeb5dd24d8e4317b105371cf) Importer(815301076,1909f56bfc062723c751e8b465ee728b)
Start importing Assets/Sprites/Monk/Elementals_ground_monk_FREE_v1.3/png/death/death_16.png using Guid(b2207466eeb5dd24d8e4317b105371cf) Importer(815301076,1909f56bfc062723c751e8b465ee728b) [PhysX] Initialized MultithreadedTaskDispatcher with 24 workers.
[PhysX] Initialized MultithreadedTaskDispatcher with 24 workers.
 -> (artifact id: '4d1cfbdfadf086f06c350a85ad75e1f0') in 0.003981 seconds
Number of updated asset objects reloaded before import = 0
Number of asset objects unloaded after import = 2
========================================================================
Received Import Request.
  Time since last request: 19.293043 seconds.
  path: Assets/Sprites/Monk/Elementals_ground_monk_FREE_v1.3/png/death/death_16.png
  artifactKey: Guid(b2207466eeb5dd24d8e4317b105371cf) Importer(815301076,1909f56bfc062723c751e8b465ee728b)
Start importing Assets/Sprites/Monk/Elementals_ground_monk_FREE_v1.3/png/death/death_16.png using Guid(b2207466eeb5dd24d8e4317b105371cf) Importer(815301076,1909f56bfc062723c751e8b465ee728b) [PhysX] Initialized MultithreadedTaskDispatcher with 24 workers.
[PhysX] Initialized MultithreadedTaskDispatcher with 24 workers.
 -> (artifact id: '97d6c1d48574c7399aa1d86cbd1f82df') in 0.007004 seconds
Number of updated asset objects reloaded before import = 0
Number of asset objects unloaded after import = 3
========================================================================
Received Import Request.
  Time since last request: 14.926477 seconds.
  path: Assets/Sprites/Monk/Elementals_ground_monk_FREE_v1.3/png/death/death_17.png
  artifactKey: Guid(5121fe05297e6c2488fcb8f01c1c9bb1) Importer(815301076,1909f56bfc062723c751e8b465ee728b)
Start importing Assets/Sprites/Monk/Elementals_ground_monk_FREE_v1.3/png/death/death_17.png using Guid(5121fe05297e6c2488fcb8f01c1c9bb1) Importer(815301076,1909f56bfc062723c751e8b465ee728b) [PhysX] Initialized MultithreadedTaskDispatcher with 24 workers.
[PhysX] Initialized MultithreadedTaskDispatcher with 24 workers.
 -> (artifact id: '52d710369c5bc605a4a2e6c17ee080b3') in 0.005791 seconds
Number of updated asset objects reloaded before import = 0
Number of asset objects unloaded after import = 3
========================================================================
Received Import Request.
  Time since last request: 19.391148 seconds.
  path: Assets/Sprites/Monk/Elementals_ground_monk_FREE_v1.3/png/death/death_18.png
  artifactKey: Guid(08081965e87e7be4a972f3b000496bb2) Importer(815301076,1909f56bfc062723c751e8b465ee728b)
Start importing Assets/Sprites/Monk/Elementals_ground_monk_FREE_v1.3/png/death/death_18.png using Guid(08081965e87e7be4a972f3b000496bb2) Importer(815301076,1909f56bfc062723c751e8b465ee728b) [PhysX] Initialized MultithreadedTaskDispatcher with 24 workers.
[PhysX] Initialized MultithreadedTaskDispatcher with 24 workers.
 -> (artifact id: 'eb47a4c3c631f1eded48b0d8d00f5d9a') in 0.005228 seconds
Number of updated asset objects reloaded before import = 0
Number of asset objects unloaded after import = 3
========================================================================
Received Prepare
Caller must complete domain reload
Begin MonoManager ReloadAssembly
- Loaded All Assemblies, in  0.302 seconds
Native extension for WindowsStandalone target not found
Mono: successfully reloaded assembly
- Finished resetting the current domain, in  0.752 seconds
Domain Reload Profiling: 1053ms
	BeginReloadAssembly (111ms)
		ExecutionOrderSort (0ms)
		DisableScriptedObjects (4ms)
		BackupInstance (0ms)
		ReleaseScriptingObjects (0ms)
		CreateAndSetChildDomain (27ms)
	RebuildCommonClasses (20ms)
	RebuildNativeTypeToScriptingClass (6ms)
	initialDomainReloadingComplete (19ms)
	LoadAllAssembliesAndSetupDomain (143ms)
		LoadAssemblies (190ms)
		RebuildTransferFunctionScriptingTraits (0ms)
		AnalyzeDomain (9ms)
			TypeCache.Refresh (4ms)
				TypeCache.ScanAssembly (0ms)
			ScanForSourceGeneratedMonoScriptInfo (0ms)
			ResolveRequiredComponents (3ms)
	FinalizeReload (753ms)
		ReleaseScriptCaches (0ms)
		RebuildScriptCaches (0ms)
		SetupLoadedEditorAssemblies (414ms)
			LogAssemblyErrors (0ms)
			InitializePlatformSupportModulesInManaged (4ms)
			SetLoadedEditorAssemblies (2ms)
			RefreshPlugins (0ms)
			BeforeProcessingInitializeOnLoad (44ms)
			ProcessInitializeOnLoadAttributes (339ms)
			ProcessInitializeOnLoadMethodAttributes (19ms)
			AfterProcessingInitializeOnLoad (5ms)
			EditorAssembliesLoaded (0ms)
		ExecutionOrderSort2 (0ms)
		AwakeInstancesAfterBackupRestoration (6ms)
Refreshing native plugins compatible for Editor in 2.64 ms, found 3 plugins.
Preloading 0 native plugins for Editor in 0.00 ms.
Unloading 3739 Unused Serialized files (Serialized files now loaded: 0)
Unloading 14 unused Assets / (28.7 KB). Loaded Objects now: 4468.
Memory consumption went from 137.6 MB to 137.5 MB.
Total: 2.652700 ms (FindLiveObjects: 0.180400 ms CreateObjectMapping: 0.053100 ms MarkObjects: 2.387400 ms  DeleteObjects: 0.030300 ms)

Prepare: number of updated asset objects reloaded= 0
AssetImportParameters requested are different than current active one (requested -> active):
  custom:container-demuxer-ogg: 62fdf1f143b41e24485cea50d1cbac27 -> 
  custom:video-codec-MediaFoundation-h265: 746d11721c4dcdbdad8f713fa42b33f4 -> 
  custom:video-decoder-ogg-theora: a1e56fd34408186e4bbccfd4996cb3dc -> 
  custom:framework-win-MediaFoundation: 216162199b28c13a410421893ffa2e32 -> 
  custom:CustomObjectIndexerAttribute: 9a22284fe3817be447336de3de66b15e -> 
  custom:container-demuxer-webm: 4f35f7cbe854078d1ac9338744f61a02 -> 
  custom:container-muxer-webm: aa71ff27fc2769a1b78a27578f13a17b -> 
  custom:video-decoder-webm-vp8: 9c59270c3fd7afecdb556c50c9e8de78 -> 
  custom:SearchIndexIgnoredProperties: e643bd26f0fe6173181afceb89e7c659 -> 
  custom:AudioImporter_EditorPlatform: d09bf68614088b80899f8185d706f6e7 -> 
  custom:video-encoder-webm-vp8: eb34c28f22e8b96e1ab97ce403110664 -> 
  custom:audio-decoder-ogg-vorbis: bf7c407c2cedff20999df2af8eb42d56 -> 
  custom:audio-encoder-webm-vorbis: bf7c407c2cedff20999df2af8eb42d56 -> 
========================================================================
Received Prepare
Caller must complete domain reload
Begin MonoManager ReloadAssembly
- Loaded All Assemblies, in  0.298 seconds
Native extension for WindowsStandalone target not found
Mono: successfully reloaded assembly
- Finished resetting the current domain, in  0.744 seconds
Domain Reload Profiling: 1041ms
	BeginReloadAssembly (111ms)
		ExecutionOrderSort (0ms)
		DisableScriptedObjects (4ms)
		BackupInstance (0ms)
		ReleaseScriptingObjects (0ms)
		CreateAndSetChildDomain (21ms)
	RebuildCommonClasses (21ms)
	RebuildNativeTypeToScriptingClass (7ms)
	initialDomainReloadingComplete (20ms)
	LoadAllAssembliesAndSetupDomain (138ms)
		LoadAssemblies (191ms)
		RebuildTransferFunctionScriptingTraits (0ms)
		AnalyzeDomain (8ms)
			TypeCache.Refresh (4ms)
				TypeCache.ScanAssembly (0ms)
			ScanForSourceGeneratedMonoScriptInfo (0ms)
			ResolveRequiredComponents (3ms)
	FinalizeReload (745ms)
		ReleaseScriptCaches (0ms)
		RebuildScriptCaches (0ms)
		SetupLoadedEditorAssemblies (421ms)
			LogAssemblyErrors (0ms)
			InitializePlatformSupportModulesInManaged (4ms)
			SetLoadedEditorAssemblies (3ms)
			RefreshPlugins (0ms)
			BeforeProcessingInitializeOnLoad (45ms)
			ProcessInitializeOnLoadAttributes (347ms)
			ProcessInitializeOnLoadMethodAttributes (17ms)
			AfterProcessingInitializeOnLoad (5ms)
			EditorAssembliesLoaded (0ms)
		ExecutionOrderSort2 (0ms)
		AwakeInstancesAfterBackupRestoration (5ms)
Refreshing native plugins compatible for Editor in 2.33 ms, found 3 plugins.
Preloading 0 native plugins for Editor in 0.00 ms.
Unloading 3740 Unused Serialized files (Serialized files now loaded: 0)
Unloading 14 unused Assets / (28.7 KB). Loaded Objects now: 4472.
Memory consumption went from 137.8 MB to 137.8 MB.
Total: 2.619500 ms (FindLiveObjects: 0.183800 ms CreateObjectMapping: 0.061700 ms MarkObjects: 2.338100 ms  DeleteObjects: 0.034800 ms)

Prepare: number of updated asset objects reloaded= 0
AssetImportParameters requested are different than current active one (requested -> active):
  custom:container-demuxer-ogg: 62fdf1f143b41e24485cea50d1cbac27 -> 
  custom:video-codec-MediaFoundation-h265: 746d11721c4dcdbdad8f713fa42b33f4 -> 
  custom:video-decoder-ogg-theora: a1e56fd34408186e4bbccfd4996cb3dc -> 
  custom:framework-win-MediaFoundation: 216162199b28c13a410421893ffa2e32 -> 
  custom:CustomObjectIndexerAttribute: 9a22284fe3817be447336de3de66b15e -> 
  custom:container-demuxer-webm: 4f35f7cbe854078d1ac9338744f61a02 -> 
  custom:container-muxer-webm: aa71ff27fc2769a1b78a27578f13a17b -> 
  custom:video-decoder-webm-vp8: 9c59270c3fd7afecdb556c50c9e8de78 -> 
  custom:SearchIndexIgnoredProperties: e643bd26f0fe6173181afceb89e7c659 -> 
  custom:AudioImporter_EditorPlatform: d09bf68614088b80899f8185d706f6e7 -> 
  custom:video-encoder-webm-vp8: eb34c28f22e8b96e1ab97ce403110664 -> 
  custom:audio-decoder-ogg-vorbis: bf7c407c2cedff20999df2af8eb42d56 -> 
  custom:audio-encoder-webm-vorbis: bf7c407c2cedff20999df2af8eb42d56 -> 
========================================================================
Received Import Request.
  Time since last request: 132.462639 seconds.
  path: Assets/Animations/Monk/MonkAnimator.controller
  artifactKey: Guid(b2649c20e6d17d84da58f4df86af840d) Importer(815301076,1909f56bfc062723c751e8b465ee728b)
Start importing Assets/Animations/Monk/MonkAnimator.controller using Guid(b2649c20e6d17d84da58f4df86af840d) Importer(815301076,1909f56bfc062723c751e8b465ee728b) [PhysX] Initialized MultithreadedTaskDispatcher with 24 workers.
 -> (artifact id: '752bfa9ca3159b8afb1f87e564939b39') in 0.011174 seconds
Number of updated asset objects reloaded before import = 0
Number of asset objects unloaded after import = 76
========================================================================
Received Prepare
Caller must complete domain reload
Begin MonoManager ReloadAssembly
- Loaded All Assemblies, in  0.289 seconds
Native extension for WindowsStandalone target not found
Mono: successfully reloaded assembly
- Finished resetting the current domain, in  0.745 seconds
Domain Reload Profiling: 1032ms
	BeginReloadAssembly (105ms)
		ExecutionOrderSort (0ms)
		DisableScriptedObjects (4ms)
		BackupInstance (0ms)
		ReleaseScriptingObjects (0ms)
		CreateAndSetChildDomain (22ms)
	RebuildCommonClasses (22ms)
	RebuildNativeTypeToScriptingClass (7ms)
	initialDomainReloadingComplete (19ms)
	LoadAllAssembliesAndSetupDomain (134ms)
		LoadAssemblies (179ms)
		RebuildTransferFunctionScriptingTraits (0ms)
		AnalyzeDomain (9ms)
			TypeCache.Refresh (4ms)
				TypeCache.ScanAssembly (0ms)
			ScanForSourceGeneratedMonoScriptInfo (0ms)
			ResolveRequiredComponents (3ms)
	FinalizeReload (745ms)
		ReleaseScriptCaches (0ms)
		RebuildScriptCaches (0ms)
		SetupLoadedEditorAssemblies (404ms)
			LogAssemblyErrors (0ms)
			InitializePlatformSupportModulesInManaged (5ms)
			SetLoadedEditorAssemblies (2ms)
			RefreshPlugins (0ms)
			BeforeProcessingInitializeOnLoad (43ms)
			ProcessInitializeOnLoadAttributes (331ms)
			ProcessInitializeOnLoadMethodAttributes (17ms)
			AfterProcessingInitializeOnLoad (5ms)
			EditorAssembliesLoaded (0ms)
		ExecutionOrderSort2 (0ms)
		AwakeInstancesAfterBackupRestoration (6ms)
Refreshing native plugins compatible for Editor in 2.51 ms, found 3 plugins.
Preloading 0 native plugins for Editor in 0.00 ms.
Unloading 3739 Unused Serialized files (Serialized files now loaded: 0)
Unloading 14 unused Assets / (28.6 KB). Loaded Objects now: 4476.
Memory consumption went from 137.6 MB to 137.5 MB.
Total: 2.705700 ms (FindLiveObjects: 0.293900 ms CreateObjectMapping: 0.071400 ms MarkObjects: 2.311800 ms  DeleteObjects: 0.027700 ms)

Prepare: number of updated asset objects reloaded= 0
AssetImportParameters requested are different than current active one (requested -> active):
  custom:container-demuxer-ogg: 62fdf1f143b41e24485cea50d1cbac27 -> 
  custom:video-codec-MediaFoundation-h265: 746d11721c4dcdbdad8f713fa42b33f4 -> 
  custom:video-decoder-ogg-theora: a1e56fd34408186e4bbccfd4996cb3dc -> 
  custom:framework-win-MediaFoundation: 216162199b28c13a410421893ffa2e32 -> 
  custom:CustomObjectIndexerAttribute: 9a22284fe3817be447336de3de66b15e -> 
  custom:container-demuxer-webm: 4f35f7cbe854078d1ac9338744f61a02 -> 
  custom:container-muxer-webm: aa71ff27fc2769a1b78a27578f13a17b -> 
  custom:video-decoder-webm-vp8: 9c59270c3fd7afecdb556c50c9e8de78 -> 
  custom:SearchIndexIgnoredProperties: e643bd26f0fe6173181afceb89e7c659 -> 
  custom:AudioImporter_EditorPlatform: d09bf68614088b80899f8185d706f6e7 -> 
  custom:video-encoder-webm-vp8: eb34c28f22e8b96e1ab97ce403110664 -> 
  custom:audio-decoder-ogg-vorbis: bf7c407c2cedff20999df2af8eb42d56 -> 
  custom:audio-encoder-webm-vorbis: bf7c407c2cedff20999df2af8eb42d56 -> 
========================================================================
Received Prepare
Caller must complete domain reload
Begin MonoManager ReloadAssembly
- Loaded All Assemblies, in  0.288 seconds
Native extension for WindowsStandalone target not found
Mono: successfully reloaded assembly
- Finished resetting the current domain, in  0.750 seconds
Domain Reload Profiling: 1036ms
	BeginReloadAssembly (101ms)
		ExecutionOrderSort (0ms)
		DisableScriptedObjects (5ms)
		BackupInstance (0ms)
		ReleaseScriptingObjects (0ms)
		CreateAndSetChildDomain (19ms)
	RebuildCommonClasses (20ms)
	RebuildNativeTypeToScriptingClass (6ms)
	initialDomainReloadingComplete (20ms)
	LoadAllAssembliesAndSetupDomain (138ms)
		LoadAssemblies (182ms)
		RebuildTransferFunctionScriptingTraits (0ms)
		AnalyzeDomain (9ms)
			TypeCache.Refresh (4ms)
				TypeCache.ScanAssembly (0ms)
			ScanForSourceGeneratedMonoScriptInfo (0ms)
			ResolveRequiredComponents (3ms)
	FinalizeReload (750ms)
		ReleaseScriptCaches (0ms)
		RebuildScriptCaches (0ms)
		SetupLoadedEditorAssemblies (408ms)
			LogAssemblyErrors (0ms)
			InitializePlatformSupportModulesInManaged (5ms)
			SetLoadedEditorAssemblies (2ms)
			RefreshPlugins (0ms)
			BeforeProcessingInitializeOnLoad (44ms)
			ProcessInitializeOnLoadAttributes (335ms)
			ProcessInitializeOnLoadMethodAttributes (17ms)
			AfterProcessingInitializeOnLoad (5ms)
			EditorAssembliesLoaded (0ms)
		ExecutionOrderSort2 (0ms)
		AwakeInstancesAfterBackupRestoration (5ms)
Refreshing native plugins compatible for Editor in 2.23 ms, found 3 plugins.
Preloading 0 native plugins for Editor in 0.00 ms.
Unloading 3740 Unused Serialized files (Serialized files now loaded: 0)
Unloading 14 unused Assets / (28.6 KB). Loaded Objects now: 4480.
Memory consumption went from 137.8 MB to 137.8 MB.
Total: 2.997900 ms (FindLiveObjects: 0.272400 ms CreateObjectMapping: 0.122100 ms MarkObjects: 2.567300 ms  DeleteObjects: 0.035000 ms)

Prepare: number of updated asset objects reloaded= 0
AssetImportParameters requested are different than current active one (requested -> active):
  custom:container-demuxer-ogg: 62fdf1f143b41e24485cea50d1cbac27 -> 
  custom:video-codec-MediaFoundation-h265: 746d11721c4dcdbdad8f713fa42b33f4 -> 
  custom:video-decoder-ogg-theora: a1e56fd34408186e4bbccfd4996cb3dc -> 
  custom:framework-win-MediaFoundation: 216162199b28c13a410421893ffa2e32 -> 
  custom:CustomObjectIndexerAttribute: 9a22284fe3817be447336de3de66b15e -> 
  custom:container-demuxer-webm: 4f35f7cbe854078d1ac9338744f61a02 -> 
  custom:container-muxer-webm: aa71ff27fc2769a1b78a27578f13a17b -> 
  custom:video-decoder-webm-vp8: 9c59270c3fd7afecdb556c50c9e8de78 -> 
  custom:SearchIndexIgnoredProperties: e643bd26f0fe6173181afceb89e7c659 -> 
  custom:AudioImporter_EditorPlatform: d09bf68614088b80899f8185d706f6e7 -> 
  custom:video-encoder-webm-vp8: eb34c28f22e8b96e1ab97ce403110664 -> 
  custom:audio-decoder-ogg-vorbis: bf7c407c2cedff20999df2af8eb42d56 -> 
  custom:audio-encoder-webm-vorbis: bf7c407c2cedff20999df2af8eb42d56 -> 
========================================================================
Received Prepare
Caller must complete domain reload
Begin MonoManager ReloadAssembly
- Loaded All Assemblies, in  0.299 seconds
Native extension for WindowsStandalone target not found
Mono: successfully reloaded assembly
- Finished resetting the current domain, in  0.743 seconds
Domain Reload Profiling: 1041ms
	BeginReloadAssembly (102ms)
		ExecutionOrderSort (0ms)
		DisableScriptedObjects (4ms)
		BackupInstance (0ms)
		ReleaseScriptingObjects (0ms)
		CreateAndSetChildDomain (19ms)
	RebuildCommonClasses (28ms)
	RebuildNativeTypeToScriptingClass (7ms)
	initialDomainReloadingComplete (20ms)
	LoadAllAssembliesAndSetupDomain (141ms)
		LoadAssemblies (186ms)
		RebuildTransferFunctionScriptingTraits (0ms)
		AnalyzeDomain (9ms)
			TypeCache.Refresh (4ms)
				TypeCache.ScanAssembly (0ms)
			ScanForSourceGeneratedMonoScriptInfo (0ms)
			ResolveRequiredComponents (3ms)
	FinalizeReload (744ms)
		ReleaseScriptCaches (0ms)
		RebuildScriptCaches (0ms)
		SetupLoadedEditorAssemblies (409ms)
			LogAssemblyErrors (0ms)
			InitializePlatformSupportModulesInManaged (6ms)
			SetLoadedEditorAssemblies (2ms)
			RefreshPlugins (0ms)
			BeforeProcessingInitializeOnLoad (44ms)
			ProcessInitializeOnLoadAttributes (334ms)
			ProcessInitializeOnLoadMethodAttributes (18ms)
			AfterProcessingInitializeOnLoad (5ms)
			EditorAssembliesLoaded (0ms)
		ExecutionOrderSort2 (0ms)
		AwakeInstancesAfterBackupRestoration (5ms)
Refreshing native plugins compatible for Editor in 2.76 ms, found 3 plugins.
Preloading 0 native plugins for Editor in 0.00 ms.
Unloading 3740 Unused Serialized files (Serialized files now loaded: 0)
Unloading 14 unused Assets / (28.7 KB). Loaded Objects now: 4484.
Memory consumption went from 137.8 MB to 137.8 MB.
Total: 2.450200 ms (FindLiveObjects: 0.180900 ms CreateObjectMapping: 0.097700 ms MarkObjects: 2.133200 ms  DeleteObjects: 0.036600 ms)

Prepare: number of updated asset objects reloaded= 0
AssetImportParameters requested are different than current active one (requested -> active):
  custom:container-demuxer-ogg: 62fdf1f143b41e24485cea50d1cbac27 -> 
  custom:video-codec-MediaFoundation-h265: 746d11721c4dcdbdad8f713fa42b33f4 -> 
  custom:video-decoder-ogg-theora: a1e56fd34408186e4bbccfd4996cb3dc -> 
  custom:framework-win-MediaFoundation: 216162199b28c13a410421893ffa2e32 -> 
  custom:CustomObjectIndexerAttribute: 9a22284fe3817be447336de3de66b15e -> 
  custom:container-demuxer-webm: 4f35f7cbe854078d1ac9338744f61a02 -> 
  custom:container-muxer-webm: aa71ff27fc2769a1b78a27578f13a17b -> 
  custom:video-decoder-webm-vp8: 9c59270c3fd7afecdb556c50c9e8de78 -> 
  custom:SearchIndexIgnoredProperties: e643bd26f0fe6173181afceb89e7c659 -> 
  custom:AudioImporter_EditorPlatform: d09bf68614088b80899f8185d706f6e7 -> 
  custom:video-encoder-webm-vp8: eb34c28f22e8b96e1ab97ce403110664 -> 
  custom:audio-decoder-ogg-vorbis: bf7c407c2cedff20999df2af8eb42d56 -> 
  custom:audio-encoder-webm-vorbis: bf7c407c2cedff20999df2af8eb42d56 -> 
========================================================================
Received Import Request.
  Time since last request: 156.115048 seconds.
  path: Assets/Animations/Monk/MonkAnimator.controller
  artifactKey: Guid(b2649c20e6d17d84da58f4df86af840d) Importer(815301076,1909f56bfc062723c751e8b465ee728b)
Start importing Assets/Animations/Monk/MonkAnimator.controller using Guid(b2649c20e6d17d84da58f4df86af840d) Importer(815301076,1909f56bfc062723c751e8b465ee728b) [PhysX] Initialized MultithreadedTaskDispatcher with 24 workers.
 -> (artifact id: '37db88e543f20d62f3cd127749bbe45e') in 0.012324 seconds
Number of updated asset objects reloaded before import = 0
Number of asset objects unloaded after import = 77
