Using pre-set license
Built from '2022.3/staging' branch; Version is '2022.3.46f1 (8e9b8558c41a) revision 9345925'; Using compiler version '192829333'; Build Type 'Release'
OS: 'Windows 11  (10.0.26100) 64bit Core' Language: 'en' Physical Memory: 32475 MB
BatchMode: 1, IsHumanControllingUs: 0, StartBugReporterOnCrash: 0, Is64bit: 1, IsPro: 1

COMMAND LINE ARGUMENTS:
C:\Program Files\Unity\Hub\Editor\2022.3.46f1\Editor\Unity.exe
-adb2
-batchMode
-noUpm
-name
AssetImportWorker2
-projectPath
C:/Users/40sst/clash-nexus/clash-nexus
-logFile
Logs/AssetImportWorker2.log
-srvPort
57639
Successfully changed project path to: C:/Users/40sst/clash-nexus/clash-nexus
C:/Users/40sst/clash-nexus/clash-nexus
[UnityMemory] Configuration Parameters - Can be set up in boot.config
    "memorysetup-bucket-allocator-granularity=16"
    "memorysetup-bucket-allocator-bucket-count=8"
    "memorysetup-bucket-allocator-block-size=33554432"
    "memorysetup-bucket-allocator-block-count=8"
    "memorysetup-main-allocator-block-size=16777216"
    "memorysetup-thread-allocator-block-size=16777216"
    "memorysetup-gfx-main-allocator-block-size=16777216"
    "memorysetup-gfx-thread-allocator-block-size=16777216"
    "memorysetup-cache-allocator-block-size=4194304"
    "memorysetup-typetree-allocator-block-size=2097152"
    "memorysetup-profiler-bucket-allocator-granularity=16"
    "memorysetup-profiler-bucket-allocator-bucket-count=8"
    "memorysetup-profiler-bucket-allocator-block-size=33554432"
    "memorysetup-profiler-bucket-allocator-block-count=8"
    "memorysetup-profiler-allocator-block-size=16777216"
    "memorysetup-profiler-editor-allocator-block-size=1048576"
    "memorysetup-temp-allocator-size-main=16777216"
    "memorysetup-job-temp-allocator-block-size=2097152"
    "memorysetup-job-temp-allocator-block-size-background=1048576"
    "memorysetup-job-temp-allocator-reduction-small-platforms=262144"
    "memorysetup-allocator-temp-initial-block-size-main=262144"
    "memorysetup-allocator-temp-initial-block-size-worker=262144"
    "memorysetup-temp-allocator-size-background-worker=32768"
    "memorysetup-temp-allocator-size-job-worker=262144"
    "memorysetup-temp-allocator-size-preload-manager=33554432"
    "memorysetup-temp-allocator-size-nav-mesh-worker=65536"
    "memorysetup-temp-allocator-size-audio-worker=65536"
    "memorysetup-temp-allocator-size-cloud-worker=32768"
    "memorysetup-temp-allocator-size-gi-baking-worker=262144"
    "memorysetup-temp-allocator-size-gfx=262144"
Player connection [5228]  Target information:

Player connection [5228]  * "[IP] 10.40.64.110 [Port] 0 [Flags] 2 [Guid] 2782431050 [EditorId] 2782431050 [Version] 1048832 [Id] WindowsEditor(7,ifwoctopi) [Debug] 1 [PackageName] WindowsEditor [ProjectName] Editor" 

Player connection [5228] Host joined multi-casting on [225.0.0.222:54997]...
Player connection [5228] Host joined alternative multi-casting on [225.0.0.222:34997]...
[PhysX] Initialized MultithreadedTaskDispatcher with 24 workers.
Refreshing native plugins compatible for Editor in 6.55 ms, found 3 plugins.
Preloading 0 native plugins for Editor in 0.00 ms.
Initialize engine version: 2022.3.46f1 (8e9b8558c41a)
[Subsystems] Discovering subsystems at path C:/Program Files/Unity/Hub/Editor/2022.3.46f1/Editor/Data/Resources/UnitySubsystems
[Subsystems] Discovering subsystems at path C:/Users/40sst/clash-nexus/clash-nexus/Assets
GfxDevice: creating device client; threaded=0; jobified=0
Direct3D:
    Version:  Direct3D 11.0 [level 11.1]
    Renderer: NVIDIA GeForce RTX 4070 Laptop GPU (ID=0x2860)
    Vendor:   NVIDIA
    VRAM:     7948 MB
    Driver:   32.0.15.6624
Initialize mono
Mono path[0] = 'C:/Program Files/Unity/Hub/Editor/2022.3.46f1/Editor/Data/Managed'
Mono path[1] = 'C:/Program Files/Unity/Hub/Editor/2022.3.46f1/Editor/Data/MonoBleedingEdge/lib/mono/unityjit-win32'
Mono config path = 'C:/Program Files/Unity/Hub/Editor/2022.3.46f1/Editor/Data/MonoBleedingEdge/etc'
Using monoOptions --debugger-agent=transport=dt_socket,embedding=1,server=y,suspend=n,address=127.0.0.1:56100
Begin MonoManager ReloadAssembly
Registering precompiled unity dll's ...
Register platform support module: C:/Program Files/Unity/Hub/Editor/2022.3.46f1/Editor/Data/PlaybackEngines/WindowsStandaloneSupport/UnityEditor.WindowsStandalone.Extensions.dll
Registered in 0.005084 seconds.
- Loaded All Assemblies, in  0.254 seconds
Native extension for WindowsStandalone target not found
Mono: successfully reloaded assembly
- Finished resetting the current domain, in  0.178 seconds
Domain Reload Profiling: 432ms
	BeginReloadAssembly (81ms)
		ExecutionOrderSort (0ms)
		DisableScriptedObjects (0ms)
		BackupInstance (0ms)
		ReleaseScriptingObjects (0ms)
		CreateAndSetChildDomain (1ms)
	RebuildCommonClasses (23ms)
	RebuildNativeTypeToScriptingClass (7ms)
	initialDomainReloadingComplete (40ms)
	LoadAllAssembliesAndSetupDomain (101ms)
		LoadAssemblies (79ms)
		RebuildTransferFunctionScriptingTraits (0ms)
		AnalyzeDomain (100ms)
			TypeCache.Refresh (99ms)
				TypeCache.ScanAssembly (90ms)
			ScanForSourceGeneratedMonoScriptInfo (0ms)
			ResolveRequiredComponents (0ms)
	FinalizeReload (179ms)
		ReleaseScriptCaches (0ms)
		RebuildScriptCaches (0ms)
		SetupLoadedEditorAssemblies (147ms)
			LogAssemblyErrors (0ms)
			InitializePlatformSupportModulesInManaged (7ms)
			SetLoadedEditorAssemblies (5ms)
			RefreshPlugins (0ms)
			BeforeProcessingInitializeOnLoad (1ms)
			ProcessInitializeOnLoadAttributes (99ms)
			ProcessInitializeOnLoadMethodAttributes (34ms)
			AfterProcessingInitializeOnLoad (0ms)
			EditorAssembliesLoaded (0ms)
		ExecutionOrderSort2 (0ms)
		AwakeInstancesAfterBackupRestoration (0ms)
========================================================================
Worker process is ready to serve import requests
Caller must complete domain reload
Begin MonoManager ReloadAssembly
- Loaded All Assemblies, in  0.490 seconds
Native extension for WindowsStandalone target not found
Mono: successfully reloaded assembly
- Finished resetting the current domain, in  0.565 seconds
Domain Reload Profiling: 1053ms
	BeginReloadAssembly (111ms)
		ExecutionOrderSort (0ms)
		DisableScriptedObjects (4ms)
		BackupInstance (0ms)
		ReleaseScriptingObjects (0ms)
		CreateAndSetChildDomain (15ms)
	RebuildCommonClasses (24ms)
	RebuildNativeTypeToScriptingClass (7ms)
	initialDomainReloadingComplete (32ms)
	LoadAllAssembliesAndSetupDomain (315ms)
		LoadAssemblies (243ms)
		RebuildTransferFunctionScriptingTraits (0ms)
		AnalyzeDomain (139ms)
			TypeCache.Refresh (121ms)
				TypeCache.ScanAssembly (111ms)
			ScanForSourceGeneratedMonoScriptInfo (12ms)
			ResolveRequiredComponents (3ms)
	FinalizeReload (565ms)
		ReleaseScriptCaches (0ms)
		RebuildScriptCaches (0ms)
		SetupLoadedEditorAssemblies (466ms)
			LogAssemblyErrors (0ms)
			InitializePlatformSupportModulesInManaged (5ms)
			SetLoadedEditorAssemblies (3ms)
			RefreshPlugins (0ms)
			BeforeProcessingInitializeOnLoad (47ms)
			ProcessInitializeOnLoadAttributes (386ms)
			ProcessInitializeOnLoadMethodAttributes (20ms)
			AfterProcessingInitializeOnLoad (5ms)
			EditorAssembliesLoaded (0ms)
		ExecutionOrderSort2 (0ms)
		AwakeInstancesAfterBackupRestoration (7ms)
Launched and connected shader compiler UnityShaderCompiler.exe after 0.04 seconds
Refreshing native plugins compatible for Editor in 4.88 ms, found 3 plugins.
Preloading 0 native plugins for Editor in 0.00 ms.
Unloading 3760 Unused Serialized files (Serialized files now loaded: 0)
Unloading 25 unused Assets / (54.8 KB). Loaded Objects now: 4234.
Memory consumption went from 134.4 MB to 134.3 MB.
Total: 2.854100 ms (FindLiveObjects: 0.194900 ms CreateObjectMapping: 0.058100 ms MarkObjects: 2.526700 ms  DeleteObjects: 0.073200 ms)

AssetImportParameters requested are different than current active one (requested -> active):
  custom:container-demuxer-ogg: 62fdf1f143b41e24485cea50d1cbac27 -> 
  custom:video-codec-MediaFoundation-h265: 746d11721c4dcdbdad8f713fa42b33f4 -> 
  custom:video-decoder-ogg-theora: a1e56fd34408186e4bbccfd4996cb3dc -> 
  custom:framework-win-MediaFoundation: 216162199b28c13a410421893ffa2e32 -> 
  custom:CustomObjectIndexerAttribute: 9a22284fe3817be447336de3de66b15e -> 
  custom:container-demuxer-webm: 4f35f7cbe854078d1ac9338744f61a02 -> 
  custom:container-muxer-webm: aa71ff27fc2769a1b78a27578f13a17b -> 
  custom:video-decoder-webm-vp8: 9c59270c3fd7afecdb556c50c9e8de78 -> 
  custom:SearchIndexIgnoredProperties: e643bd26f0fe6173181afceb89e7c659 -> 
  custom:AudioImporter_EditorPlatform: d09bf68614088b80899f8185d706f6e7 -> 
  custom:video-encoder-webm-vp8: eb34c28f22e8b96e1ab97ce403110664 -> 
  custom:audio-decoder-ogg-vorbis: bf7c407c2cedff20999df2af8eb42d56 -> 
  custom:audio-encoder-webm-vorbis: bf7c407c2cedff20999df2af8eb42d56 -> 
========================================================================
Received Import Request.
  Time since last request: 77832.918347 seconds.
  path: Assets/Tiles/00Atlas_57.asset
  artifactKey: Guid(759eeb765468505499cfdb80ddeb6932) Importer(2089858483,0ecaa5967403d082aa24f35e1b516d23)
Start importing Assets/Tiles/00Atlas_57.asset using Guid(759eeb765468505499cfdb80ddeb6932) Importer(2089858483,0ecaa5967403d082aa24f35e1b516d23) [PhysX] Initialized MultithreadedTaskDispatcher with 24 workers.
 -> (artifact id: 'de8e5aeaa000824ed3254122ab3ab064') in 0.069423 seconds
Number of updated asset objects reloaded before import = 0
Number of asset objects unloaded after import = 3
========================================================================
Received Import Request.
  Time since last request: 0.000018 seconds.
  path: Assets/Tiles/Mossy - FloatingPlatforms_105.asset
  artifactKey: Guid(ca1158e625ce0b24aa90bede9e38c5e3) Importer(2089858483,0ecaa5967403d082aa24f35e1b516d23)
Start importing Assets/Tiles/Mossy - FloatingPlatforms_105.asset using Guid(ca1158e625ce0b24aa90bede9e38c5e3) Importer(2089858483,0ecaa5967403d082aa24f35e1b516d23) [PhysX] Initialized MultithreadedTaskDispatcher with 24 workers.
 -> (artifact id: '25fdb380afb930880c11374401d871b8') in 0.005932 seconds
Number of updated asset objects reloaded before import = 0
Number of asset objects unloaded after import = 3
========================================================================
Received Import Request.
  Time since last request: 0.000016 seconds.
  path: Assets/Tiles/Mossy - FloatingPlatforms_110.asset
  artifactKey: Guid(45aa07cdaa76db545952b734bab5edf6) Importer(2089858483,0ecaa5967403d082aa24f35e1b516d23)
Start importing Assets/Tiles/Mossy - FloatingPlatforms_110.asset using Guid(45aa07cdaa76db545952b734bab5edf6) Importer(2089858483,0ecaa5967403d082aa24f35e1b516d23) [PhysX] Initialized MultithreadedTaskDispatcher with 24 workers.
 -> (artifact id: 'c5948f95dbfbf7c1a61fd86377cd8334') in 0.005036 seconds
Number of updated asset objects reloaded before import = 0
Number of asset objects unloaded after import = 3
========================================================================
Received Import Request.
  Time since last request: 0.000014 seconds.
  path: Assets/Tiles/Mossy - FloatingPlatforms_121.asset
  artifactKey: Guid(4552350d3a72dde468fb8ed6a3a9536a) Importer(2089858483,0ecaa5967403d082aa24f35e1b516d23)
Start importing Assets/Tiles/Mossy - FloatingPlatforms_121.asset using Guid(4552350d3a72dde468fb8ed6a3a9536a) Importer(2089858483,0ecaa5967403d082aa24f35e1b516d23) [PhysX] Initialized MultithreadedTaskDispatcher with 24 workers.
 -> (artifact id: '75187da6f4922354ae2612a0b486462c') in 0.004659 seconds
Number of updated asset objects reloaded before import = 0
Number of asset objects unloaded after import = 3
========================================================================
Received Import Request.
  Time since last request: 0.000014 seconds.
  path: Assets/Tiles/Mossy - FloatingPlatforms_140.asset
  artifactKey: Guid(edb7a61783f83e642a07b2c955503d17) Importer(2089858483,0ecaa5967403d082aa24f35e1b516d23)
Start importing Assets/Tiles/Mossy - FloatingPlatforms_140.asset using Guid(edb7a61783f83e642a07b2c955503d17) Importer(2089858483,0ecaa5967403d082aa24f35e1b516d23) [PhysX] Initialized MultithreadedTaskDispatcher with 24 workers.
 -> (artifact id: 'e08c2746b9340b6810179d153884f464') in 0.008257 seconds
Number of updated asset objects reloaded before import = 0
Number of asset objects unloaded after import = 3
========================================================================
Received Import Request.
  Time since last request: 0.000014 seconds.
  path: Assets/Tiles/Mossy - FloatingPlatforms_130.asset
  artifactKey: Guid(56b05745f97ecfa42b43ce37ceaac972) Importer(2089858483,0ecaa5967403d082aa24f35e1b516d23)
Start importing Assets/Tiles/Mossy - FloatingPlatforms_130.asset using Guid(56b05745f97ecfa42b43ce37ceaac972) Importer(2089858483,0ecaa5967403d082aa24f35e1b516d23) [PhysX] Initialized MultithreadedTaskDispatcher with 24 workers.
 -> (artifact id: '364d0291a366d252cebe5491c5164cf9') in 0.004658 seconds
Number of updated asset objects reloaded before import = 0
Number of asset objects unloaded after import = 3
========================================================================
Received Import Request.
  Time since last request: 0.000020 seconds.
  path: Assets/Tiles/00Atlas_70.asset
  artifactKey: Guid(fcda1f5c32babf64caa03471b5f42192) Importer(2089858483,0ecaa5967403d082aa24f35e1b516d23)
Start importing Assets/Tiles/00Atlas_70.asset using Guid(fcda1f5c32babf64caa03471b5f42192) Importer(2089858483,0ecaa5967403d082aa24f35e1b516d23) [PhysX] Initialized MultithreadedTaskDispatcher with 24 workers.
 -> (artifact id: '1a9afbe2ab055e6b37d12125cad19005') in 0.005554 seconds
Number of updated asset objects reloaded before import = 0
Number of asset objects unloaded after import = 3
========================================================================
Received Import Request.
  Time since last request: 0.000017 seconds.
  path: Assets/Tiles/00Atlas_71.asset
  artifactKey: Guid(ee58daf66db5c9a4c95e5ae75d05db98) Importer(2089858483,0ecaa5967403d082aa24f35e1b516d23)
Start importing Assets/Tiles/00Atlas_71.asset using Guid(ee58daf66db5c9a4c95e5ae75d05db98) Importer(2089858483,0ecaa5967403d082aa24f35e1b516d23) [PhysX] Initialized MultithreadedTaskDispatcher with 24 workers.
 -> (artifact id: 'f26774a8e56082198e7977c61318a94b') in 0.004803 seconds
Number of updated asset objects reloaded before import = 0
Number of asset objects unloaded after import = 3
========================================================================
Received Import Request.
  Time since last request: 0.000015 seconds.
  path: Assets/Tiles/00Atlas_84.asset
  artifactKey: Guid(266f0be13428a8d4689b870cb02df034) Importer(2089858483,0ecaa5967403d082aa24f35e1b516d23)
Start importing Assets/Tiles/00Atlas_84.asset using Guid(266f0be13428a8d4689b870cb02df034) Importer(2089858483,0ecaa5967403d082aa24f35e1b516d23) [PhysX] Initialized MultithreadedTaskDispatcher with 24 workers.
 -> (artifact id: '4f4bb3bf6d5488c2b94abeaf80e5de5b') in 0.004337 seconds
Number of updated asset objects reloaded before import = 0
Number of asset objects unloaded after import = 3
========================================================================
Received Import Request.
  Time since last request: 0.000014 seconds.
  path: Assets/Tiles/00Atlas_63.asset
  artifactKey: Guid(a975bd797785cf84298b113ec0af987e) Importer(2089858483,0ecaa5967403d082aa24f35e1b516d23)
Start importing Assets/Tiles/00Atlas_63.asset using Guid(a975bd797785cf84298b113ec0af987e) Importer(2089858483,0ecaa5967403d082aa24f35e1b516d23) [PhysX] Initialized MultithreadedTaskDispatcher with 24 workers.
 -> (artifact id: '19025eef79f1f3c50f5d9288873a80fe') in 0.005435 seconds
Number of updated asset objects reloaded before import = 0
Number of asset objects unloaded after import = 3
========================================================================
Received Import Request.
  Time since last request: 0.000012 seconds.
  path: Assets/Tiles/00Atlas_72.asset
  artifactKey: Guid(8ef89dee1b3c5db419efcf522e180f22) Importer(2089858483,0ecaa5967403d082aa24f35e1b516d23)
Start importing Assets/Tiles/00Atlas_72.asset using Guid(8ef89dee1b3c5db419efcf522e180f22) Importer(2089858483,0ecaa5967403d082aa24f35e1b516d23) [PhysX] Initialized MultithreadedTaskDispatcher with 24 workers.
 -> (artifact id: '029122a909f4e6e118ba85690b59a0e1') in 0.004882 seconds
Number of updated asset objects reloaded before import = 0
Number of asset objects unloaded after import = 3
========================================================================
Received Import Request.
  Time since last request: 0.000012 seconds.
  path: Assets/Tiles/00Atlas_67.asset
  artifactKey: Guid(a10058d4239b3af4cae144ec79c86cf4) Importer(2089858483,0ecaa5967403d082aa24f35e1b516d23)
Start importing Assets/Tiles/00Atlas_67.asset using Guid(a10058d4239b3af4cae144ec79c86cf4) Importer(2089858483,0ecaa5967403d082aa24f35e1b516d23) [PhysX] Initialized MultithreadedTaskDispatcher with 24 workers.
 -> (artifact id: 'f10b09fc82d265416bacbde5bd34f04a') in 0.005178 seconds
Number of updated asset objects reloaded before import = 0
Number of asset objects unloaded after import = 3
========================================================================
Received Import Request.
  Time since last request: 0.000013 seconds.
  path: Assets/Tiles/Mossy - FloatingPlatforms_125.asset
  artifactKey: Guid(5ddc08d922ee1af4da2bf7a341acaa74) Importer(2089858483,0ecaa5967403d082aa24f35e1b516d23)
Start importing Assets/Tiles/Mossy - FloatingPlatforms_125.asset using Guid(5ddc08d922ee1af4da2bf7a341acaa74) Importer(2089858483,0ecaa5967403d082aa24f35e1b516d23) [PhysX] Initialized MultithreadedTaskDispatcher with 24 workers.
 -> (artifact id: '934f5daead282b66a40c3f335fceac6c') in 0.004530 seconds
Number of updated asset objects reloaded before import = 0
Number of asset objects unloaded after import = 3
========================================================================
Received Import Request.
  Time since last request: 0.000030 seconds.
  path: Assets/Tiles/00Atlas_60.asset
  artifactKey: Guid(c8786afec9c9d1a4c8c998bb805d3481) Importer(2089858483,0ecaa5967403d082aa24f35e1b516d23)
Start importing Assets/Tiles/00Atlas_60.asset using Guid(c8786afec9c9d1a4c8c998bb805d3481) Importer(2089858483,0ecaa5967403d082aa24f35e1b516d23) [PhysX] Initialized MultithreadedTaskDispatcher with 24 workers.
 -> (artifact id: '1cfdcc8a8dfec0581505d5a7abfc6584') in 0.003888 seconds
Number of updated asset objects reloaded before import = 0
Number of asset objects unloaded after import = 3
========================================================================
Received Import Request.
  Time since last request: 2.613659 seconds.
  path: Assets/Tiles/Mossy - FloatingPlatforms_159.asset
  artifactKey: Guid(a5d6fd058b16c4248ad6ba3a03c1b6fa) Importer(2089858483,0ecaa5967403d082aa24f35e1b516d23)
Start importing Assets/Tiles/Mossy - FloatingPlatforms_159.asset using Guid(a5d6fd058b16c4248ad6ba3a03c1b6fa) Importer(2089858483,0ecaa5967403d082aa24f35e1b516d23) [PhysX] Initialized MultithreadedTaskDispatcher with 24 workers.
 -> (artifact id: '8894e9cdb85e80750456c8aad4f6e003') in 0.008595 seconds
Number of updated asset objects reloaded before import = 0
Number of asset objects unloaded after import = 3
========================================================================
Received Import Request.
  Time since last request: 0.000014 seconds.
  path: Assets/Tiles/Mossy - FloatingPlatforms_284.asset
  artifactKey: Guid(8340949916b87034180088948d786025) Importer(2089858483,0ecaa5967403d082aa24f35e1b516d23)
Start importing Assets/Tiles/Mossy - FloatingPlatforms_284.asset using Guid(8340949916b87034180088948d786025) Importer(2089858483,0ecaa5967403d082aa24f35e1b516d23) [PhysX] Initialized MultithreadedTaskDispatcher with 24 workers.
 -> (artifact id: 'c54e02677ee992df603ea67763cc7865') in 0.006812 seconds
Number of updated asset objects reloaded before import = 0
Number of asset objects unloaded after import = 3
========================================================================
Received Import Request.
  Time since last request: 0.000014 seconds.
  path: Assets/Tiles/Mossy - FloatingPlatforms_226.asset
  artifactKey: Guid(6cad45fc70f8e9740a0bddd8f39acdf5) Importer(2089858483,0ecaa5967403d082aa24f35e1b516d23)
Start importing Assets/Tiles/Mossy - FloatingPlatforms_226.asset using Guid(6cad45fc70f8e9740a0bddd8f39acdf5) Importer(2089858483,0ecaa5967403d082aa24f35e1b516d23) [PhysX] Initialized MultithreadedTaskDispatcher with 24 workers.
 -> (artifact id: '79609044b48fe4e78143835da40ccff8') in 0.004837 seconds
Number of updated asset objects reloaded before import = 0
Number of asset objects unloaded after import = 3
========================================================================
Received Import Request.
  Time since last request: 0.000016 seconds.
  path: Assets/Tiles/Mossy - FloatingPlatforms_220.asset
  artifactKey: Guid(71f0c0b43a609dd4ab91e4c9b664fae8) Importer(2089858483,0ecaa5967403d082aa24f35e1b516d23)
Start importing Assets/Tiles/Mossy - FloatingPlatforms_220.asset using Guid(71f0c0b43a609dd4ab91e4c9b664fae8) Importer(2089858483,0ecaa5967403d082aa24f35e1b516d23) [PhysX] Initialized MultithreadedTaskDispatcher with 24 workers.
 -> (artifact id: '90941047e5d3dbb5cbfa2442a4a4b964') in 0.004888 seconds
Number of updated asset objects reloaded before import = 0
Number of asset objects unloaded after import = 3
========================================================================
Received Import Request.
  Time since last request: 0.000014 seconds.
  path: Assets/Tiles/Mossy - FloatingPlatforms_202.asset
  artifactKey: Guid(bfb895f7fef9454429b4476075340f1e) Importer(2089858483,0ecaa5967403d082aa24f35e1b516d23)
Start importing Assets/Tiles/Mossy - FloatingPlatforms_202.asset using Guid(bfb895f7fef9454429b4476075340f1e) Importer(2089858483,0ecaa5967403d082aa24f35e1b516d23) [PhysX] Initialized MultithreadedTaskDispatcher with 24 workers.
 -> (artifact id: '897d921975a90b2de7d4bc05992c117a') in 0.005363 seconds
Number of updated asset objects reloaded before import = 0
Number of asset objects unloaded after import = 3
========================================================================
Received Import Request.
  Time since last request: 0.000016 seconds.
  path: Assets/Tiles/Mossy - FloatingPlatforms_194.asset
  artifactKey: Guid(5f60cc353a061614fac57b18612434b3) Importer(2089858483,0ecaa5967403d082aa24f35e1b516d23)
Start importing Assets/Tiles/Mossy - FloatingPlatforms_194.asset using Guid(5f60cc353a061614fac57b18612434b3) Importer(2089858483,0ecaa5967403d082aa24f35e1b516d23) [PhysX] Initialized MultithreadedTaskDispatcher with 24 workers.
 -> (artifact id: '111bed4c899e4b17f4ab9bc9aeb12853') in 0.005247 seconds
Number of updated asset objects reloaded before import = 0
Number of asset objects unloaded after import = 3
========================================================================
Received Import Request.
  Time since last request: 0.000018 seconds.
  path: Assets/Tiles/Mossy - FloatingPlatforms_199.asset
  artifactKey: Guid(c287bebe32827494285f853373426422) Importer(2089858483,0ecaa5967403d082aa24f35e1b516d23)
Start importing Assets/Tiles/Mossy - FloatingPlatforms_199.asset using Guid(c287bebe32827494285f853373426422) Importer(2089858483,0ecaa5967403d082aa24f35e1b516d23) [PhysX] Initialized MultithreadedTaskDispatcher with 24 workers.
 -> (artifact id: 'b6840de5c709cae949ce6715ca0a3408') in 0.004621 seconds
Number of updated asset objects reloaded before import = 0
Number of asset objects unloaded after import = 3
========================================================================
Received Import Request.
  Time since last request: 0.000015 seconds.
  path: Assets/Tiles/Mossy - FloatingPlatforms_179.asset
  artifactKey: Guid(2850a0c19bf5ee44a85ab3bcc3325084) Importer(2089858483,0ecaa5967403d082aa24f35e1b516d23)
Start importing Assets/Tiles/Mossy - FloatingPlatforms_179.asset using Guid(2850a0c19bf5ee44a85ab3bcc3325084) Importer(2089858483,0ecaa5967403d082aa24f35e1b516d23) [PhysX] Initialized MultithreadedTaskDispatcher with 24 workers.
 -> (artifact id: '64562ea656110d8bc6fd3fe16e042045') in 0.004641 seconds
Number of updated asset objects reloaded before import = 0
Number of asset objects unloaded after import = 3
========================================================================
Received Import Request.
  Time since last request: 0.000017 seconds.
  path: Assets/Tiles/Mossy - FloatingPlatforms_279.asset
  artifactKey: Guid(ecb6523e79cf3594cbf15130c92fa796) Importer(2089858483,0ecaa5967403d082aa24f35e1b516d23)
Start importing Assets/Tiles/Mossy - FloatingPlatforms_279.asset using Guid(ecb6523e79cf3594cbf15130c92fa796) Importer(2089858483,0ecaa5967403d082aa24f35e1b516d23) [PhysX] Initialized MultithreadedTaskDispatcher with 24 workers.
 -> (artifact id: 'b7e2163844427d9aa56ce6937146dd21') in 0.004388 seconds
Number of updated asset objects reloaded before import = 0
Number of asset objects unloaded after import = 3
========================================================================
Received Import Request.
  Time since last request: 0.000012 seconds.
  path: Assets/Tiles/Mossy - FloatingPlatforms_272.asset
  artifactKey: Guid(76450c92e501d4d49a3b74f5f0c9d73a) Importer(2089858483,0ecaa5967403d082aa24f35e1b516d23)
Start importing Assets/Tiles/Mossy - FloatingPlatforms_272.asset using Guid(76450c92e501d4d49a3b74f5f0c9d73a) Importer(2089858483,0ecaa5967403d082aa24f35e1b516d23) [PhysX] Initialized MultithreadedTaskDispatcher with 24 workers.
 -> (artifact id: 'c73072ac37aadb33aedb9e312d799f01') in 0.005019 seconds
Number of updated asset objects reloaded before import = 0
Number of asset objects unloaded after import = 3
========================================================================
Received Import Request.
  Time since last request: 0.000013 seconds.
  path: Assets/Tiles/Mossy - FloatingPlatforms_23.asset
  artifactKey: Guid(a376302a19cebab49a646d5efcf94c67) Importer(2089858483,0ecaa5967403d082aa24f35e1b516d23)
Start importing Assets/Tiles/Mossy - FloatingPlatforms_23.asset using Guid(a376302a19cebab49a646d5efcf94c67) Importer(2089858483,0ecaa5967403d082aa24f35e1b516d23) [PhysX] Initialized MultithreadedTaskDispatcher with 24 workers.
 -> (artifact id: 'fa99043c55b899cbffa45f4c2ab4332d') in 0.004626 seconds
Number of updated asset objects reloaded before import = 0
Number of asset objects unloaded after import = 3
========================================================================
Received Import Request.
  Time since last request: 0.000018 seconds.
  path: Assets/Tiles/Mossy - FloatingPlatforms_197.asset
  artifactKey: Guid(f5bc01e96b422044ca118c4df7f1ae92) Importer(2089858483,0ecaa5967403d082aa24f35e1b516d23)
Start importing Assets/Tiles/Mossy - FloatingPlatforms_197.asset using Guid(f5bc01e96b422044ca118c4df7f1ae92) Importer(2089858483,0ecaa5967403d082aa24f35e1b516d23) [PhysX] Initialized MultithreadedTaskDispatcher with 24 workers.
 -> (artifact id: 'c227700569417844b93551ad82bb3fde') in 0.005290 seconds
Number of updated asset objects reloaded before import = 0
Number of asset objects unloaded after import = 3
========================================================================
Received Import Request.
  Time since last request: 0.000022 seconds.
  path: Assets/Tiles/Mossy - FloatingPlatforms_216.asset
  artifactKey: Guid(5faefeb590afd274685f77f8d7aed06e) Importer(2089858483,0ecaa5967403d082aa24f35e1b516d23)
Start importing Assets/Tiles/Mossy - FloatingPlatforms_216.asset using Guid(5faefeb590afd274685f77f8d7aed06e) Importer(2089858483,0ecaa5967403d082aa24f35e1b516d23) [PhysX] Initialized MultithreadedTaskDispatcher with 24 workers.
 -> (artifact id: '3cc393a3ba617c04aa2aabd06e18f58c') in 0.006379 seconds
Number of updated asset objects reloaded before import = 0
Number of asset objects unloaded after import = 3
========================================================================
Received Import Request.
  Time since last request: 0.000013 seconds.
  path: Assets/Tiles/Mossy - FloatingPlatforms_212.asset
  artifactKey: Guid(56f53de33b8f7434f903cd22c96f2510) Importer(2089858483,0ecaa5967403d082aa24f35e1b516d23)
Start importing Assets/Tiles/Mossy - FloatingPlatforms_212.asset using Guid(56f53de33b8f7434f903cd22c96f2510) Importer(2089858483,0ecaa5967403d082aa24f35e1b516d23) [PhysX] Initialized MultithreadedTaskDispatcher with 24 workers.
 -> (artifact id: '88cb80697d70c53a9f8c12a75215b37e') in 0.004666 seconds
Number of updated asset objects reloaded before import = 0
Number of asset objects unloaded after import = 3
========================================================================
Received Import Request.
  Time since last request: 0.000012 seconds.
  path: Assets/Tiles/Mossy - FloatingPlatforms_21.asset
  artifactKey: Guid(5637c96b884d21846aedf03898edc427) Importer(2089858483,0ecaa5967403d082aa24f35e1b516d23)
Start importing Assets/Tiles/Mossy - FloatingPlatforms_21.asset using Guid(5637c96b884d21846aedf03898edc427) Importer(2089858483,0ecaa5967403d082aa24f35e1b516d23) [PhysX] Initialized MultithreadedTaskDispatcher with 24 workers.
 -> (artifact id: '4398918a3f2bb3de60da0542a611d55e') in 0.005294 seconds
Number of updated asset objects reloaded before import = 0
Number of asset objects unloaded after import = 3
========================================================================
Received Import Request.
  Time since last request: 0.000014 seconds.
  path: Assets/Tiles/Mossy - FloatingPlatforms_184.asset
  artifactKey: Guid(3fc5155e0087ad1419150f01481585e5) Importer(2089858483,0ecaa5967403d082aa24f35e1b516d23)
Start importing Assets/Tiles/Mossy - FloatingPlatforms_184.asset using Guid(3fc5155e0087ad1419150f01481585e5) Importer(2089858483,0ecaa5967403d082aa24f35e1b516d23) [PhysX] Initialized MultithreadedTaskDispatcher with 24 workers.
 -> (artifact id: 'd694ac0e3aa5ac47b9df62baad64c3e0') in 0.005133 seconds
Number of updated asset objects reloaded before import = 0
Number of asset objects unloaded after import = 3
========================================================================
Received Import Request.
  Time since last request: 0.000011 seconds.
  path: Assets/Tiles/Mossy - FloatingPlatforms_263.asset
  artifactKey: Guid(7da70d841352bd04ea5aea63bf1e0f48) Importer(2089858483,0ecaa5967403d082aa24f35e1b516d23)
Start importing Assets/Tiles/Mossy - FloatingPlatforms_263.asset using Guid(7da70d841352bd04ea5aea63bf1e0f48) Importer(2089858483,0ecaa5967403d082aa24f35e1b516d23) [PhysX] Initialized MultithreadedTaskDispatcher with 24 workers.
 -> (artifact id: '1584c5cec0b316c2b935197a38d512b4') in 0.004679 seconds
Number of updated asset objects reloaded before import = 0
Number of asset objects unloaded after import = 3
========================================================================
Received Import Request.
  Time since last request: 0.000012 seconds.
  path: Assets/Tiles/Mossy - FloatingPlatforms_274.asset
  artifactKey: Guid(a48df547107147b4d8e654daaab98883) Importer(2089858483,0ecaa5967403d082aa24f35e1b516d23)
Start importing Assets/Tiles/Mossy - FloatingPlatforms_274.asset using Guid(a48df547107147b4d8e654daaab98883) Importer(2089858483,0ecaa5967403d082aa24f35e1b516d23) [PhysX] Initialized MultithreadedTaskDispatcher with 24 workers.
 -> (artifact id: '416f811025b35e2019643d2b29dc417d') in 0.005065 seconds
Number of updated asset objects reloaded before import = 0
Number of asset objects unloaded after import = 3
========================================================================
Received Import Request.
  Time since last request: 0.000012 seconds.
  path: Assets/Tiles/Mossy - FloatingPlatforms_178.asset
  artifactKey: Guid(a5065981cd4644247a2a17ee45304a5a) Importer(2089858483,0ecaa5967403d082aa24f35e1b516d23)
Start importing Assets/Tiles/Mossy - FloatingPlatforms_178.asset using Guid(a5065981cd4644247a2a17ee45304a5a) Importer(2089858483,0ecaa5967403d082aa24f35e1b516d23) [PhysX] Initialized MultithreadedTaskDispatcher with 24 workers.
 -> (artifact id: 'f1de3e5ddff13defaa29493600223b68') in 0.004485 seconds
Number of updated asset objects reloaded before import = 0
Number of asset objects unloaded after import = 3
========================================================================
Received Import Request.
  Time since last request: 0.000012 seconds.
  path: Assets/Tiles/Mossy - FloatingPlatforms_20.asset
  artifactKey: Guid(2d808fa89ad2d734d84da54311491178) Importer(2089858483,0ecaa5967403d082aa24f35e1b516d23)
Start importing Assets/Tiles/Mossy - FloatingPlatforms_20.asset using Guid(2d808fa89ad2d734d84da54311491178) Importer(2089858483,0ecaa5967403d082aa24f35e1b516d23) [PhysX] Initialized MultithreadedTaskDispatcher with 24 workers.
 -> (artifact id: 'f25ef6205bd48b1597a4925a8389df5b') in 0.004164 seconds
Number of updated asset objects reloaded before import = 0
Number of asset objects unloaded after import = 3
========================================================================
Received Import Request.
  Time since last request: 0.000011 seconds.
  path: Assets/Tiles/Mossy - FloatingPlatforms_25.asset
  artifactKey: Guid(4dc2f6eeae5b06b4aa5e45f2ddb3170b) Importer(2089858483,0ecaa5967403d082aa24f35e1b516d23)
Start importing Assets/Tiles/Mossy - FloatingPlatforms_25.asset using Guid(4dc2f6eeae5b06b4aa5e45f2ddb3170b) Importer(2089858483,0ecaa5967403d082aa24f35e1b516d23) [PhysX] Initialized MultithreadedTaskDispatcher with 24 workers.
 -> (artifact id: '1d4d0eaac8782c41769100c9f6540452') in 0.006848 seconds
Number of updated asset objects reloaded before import = 0
Number of asset objects unloaded after import = 3
========================================================================
Received Import Request.
  Time since last request: 0.000013 seconds.
  path: Assets/Tiles/Mossy - FloatingPlatforms_168.asset
  artifactKey: Guid(2b2b1b8b563f91f4a8cd88724e57cc08) Importer(2089858483,0ecaa5967403d082aa24f35e1b516d23)
Start importing Assets/Tiles/Mossy - FloatingPlatforms_168.asset using Guid(2b2b1b8b563f91f4a8cd88724e57cc08) Importer(2089858483,0ecaa5967403d082aa24f35e1b516d23) [PhysX] Initialized MultithreadedTaskDispatcher with 24 workers.
 -> (artifact id: 'c20923b35e9cb6f492146200e0370f77') in 0.004198 seconds
Number of updated asset objects reloaded before import = 0
Number of asset objects unloaded after import = 3
========================================================================
Received Import Request.
  Time since last request: 0.000013 seconds.
  path: Assets/Tiles/Mossy - FloatingPlatforms_211.asset
  artifactKey: Guid(0a5163e41cbabfb408ecf04ba2048cde) Importer(2089858483,0ecaa5967403d082aa24f35e1b516d23)
Start importing Assets/Tiles/Mossy - FloatingPlatforms_211.asset using Guid(0a5163e41cbabfb408ecf04ba2048cde) Importer(2089858483,0ecaa5967403d082aa24f35e1b516d23) [PhysX] Initialized MultithreadedTaskDispatcher with 24 workers.
 -> (artifact id: '0a49e2f890b5c72460f64bb080ae5eb1') in 0.004528 seconds
Number of updated asset objects reloaded before import = 0
Number of asset objects unloaded after import = 3
========================================================================
Received Import Request.
  Time since last request: 0.000013 seconds.
  path: Assets/Tiles/Mossy - FloatingPlatforms_277.asset
  artifactKey: Guid(b2aea6b2ce67830418e4c31aad25065f) Importer(2089858483,0ecaa5967403d082aa24f35e1b516d23)
Start importing Assets/Tiles/Mossy - FloatingPlatforms_277.asset using Guid(b2aea6b2ce67830418e4c31aad25065f) Importer(2089858483,0ecaa5967403d082aa24f35e1b516d23) [PhysX] Initialized MultithreadedTaskDispatcher with 24 workers.
 -> (artifact id: '484415f4da9515be0e2b192b2a1c10c7') in 0.005028 seconds
Number of updated asset objects reloaded before import = 0
Number of asset objects unloaded after import = 3
========================================================================
Received Import Request.
  Time since last request: 0.000014 seconds.
  path: Assets/Tiles/Mossy - FloatingPlatforms_241.asset
  artifactKey: Guid(16dacd527c9b3394cbacee1fd6631496) Importer(2089858483,0ecaa5967403d082aa24f35e1b516d23)
Start importing Assets/Tiles/Mossy - FloatingPlatforms_241.asset using Guid(16dacd527c9b3394cbacee1fd6631496) Importer(2089858483,0ecaa5967403d082aa24f35e1b516d23) [PhysX] Initialized MultithreadedTaskDispatcher with 24 workers.
 -> (artifact id: 'c0be7e340c95a5c5570c0b6021f5512e') in 0.005054 seconds
Number of updated asset objects reloaded before import = 0
Number of asset objects unloaded after import = 3
========================================================================
Received Import Request.
  Time since last request: 2.513692 seconds.
  path: Assets/Tiles/Mossy - FloatingPlatforms_293.asset
  artifactKey: Guid(8ec80e28b69527f49ae1d0f925b16885) Importer(2089858483,0ecaa5967403d082aa24f35e1b516d23)
Start importing Assets/Tiles/Mossy - FloatingPlatforms_293.asset using Guid(8ec80e28b69527f49ae1d0f925b16885) Importer(2089858483,0ecaa5967403d082aa24f35e1b516d23) [PhysX] Initialized MultithreadedTaskDispatcher with 24 workers.
 -> (artifact id: 'f7efc4902bdc54084bd7fbfb3ab70899') in 0.009116 seconds
Number of updated asset objects reloaded before import = 0
Number of asset objects unloaded after import = 3
========================================================================
Received Import Request.
  Time since last request: 0.000013 seconds.
  path: Assets/Tiles/Mossy - FloatingPlatforms_424.asset
  artifactKey: Guid(5c8194182ba33374c95e839406cce960) Importer(2089858483,0ecaa5967403d082aa24f35e1b516d23)
Start importing Assets/Tiles/Mossy - FloatingPlatforms_424.asset using Guid(5c8194182ba33374c95e839406cce960) Importer(2089858483,0ecaa5967403d082aa24f35e1b516d23) [PhysX] Initialized MultithreadedTaskDispatcher with 24 workers.
 -> (artifact id: 'ef03b000f1bc818d77603c3a2710adab') in 0.006329 seconds
Number of updated asset objects reloaded before import = 0
Number of asset objects unloaded after import = 3
========================================================================
Received Import Request.
  Time since last request: 0.000014 seconds.
  path: Assets/Tiles/Mossy - FloatingPlatforms_406.asset
  artifactKey: Guid(e192017d4886f3e488b98bd712add24e) Importer(2089858483,0ecaa5967403d082aa24f35e1b516d23)
Start importing Assets/Tiles/Mossy - FloatingPlatforms_406.asset using Guid(e192017d4886f3e488b98bd712add24e) Importer(2089858483,0ecaa5967403d082aa24f35e1b516d23) [PhysX] Initialized MultithreadedTaskDispatcher with 24 workers.
 -> (artifact id: 'e43650d7dd18a7f7a83edc89115791b0') in 0.004800 seconds
Number of updated asset objects reloaded before import = 0
Number of asset objects unloaded after import = 3
========================================================================
Received Import Request.
  Time since last request: 0.000014 seconds.
  path: Assets/Tiles/Mossy - FloatingPlatforms_36.asset
  artifactKey: Guid(f520e42d7ec5cf74bacdf8bd58e1e3fa) Importer(2089858483,0ecaa5967403d082aa24f35e1b516d23)
Start importing Assets/Tiles/Mossy - FloatingPlatforms_36.asset using Guid(f520e42d7ec5cf74bacdf8bd58e1e3fa) Importer(2089858483,0ecaa5967403d082aa24f35e1b516d23) [PhysX] Initialized MultithreadedTaskDispatcher with 24 workers.
 -> (artifact id: 'f9c3d68f75514662c33d545abdab3af0') in 0.005986 seconds
Number of updated asset objects reloaded before import = 0
Number of asset objects unloaded after import = 3
========================================================================
Received Import Request.
  Time since last request: 0.000012 seconds.
  path: Assets/Tiles/Mossy - FloatingPlatforms_380.asset
  artifactKey: Guid(54d03962562a45046934a4492d4d2a10) Importer(2089858483,0ecaa5967403d082aa24f35e1b516d23)
Start importing Assets/Tiles/Mossy - FloatingPlatforms_380.asset using Guid(54d03962562a45046934a4492d4d2a10) Importer(2089858483,0ecaa5967403d082aa24f35e1b516d23) [PhysX] Initialized MultithreadedTaskDispatcher with 24 workers.
 -> (artifact id: '541939cfa7fc25560b150cfb43fec0b6') in 0.004791 seconds
Number of updated asset objects reloaded before import = 0
Number of asset objects unloaded after import = 3
========================================================================
Received Import Request.
  Time since last request: 0.000015 seconds.
  path: Assets/Tiles/Mossy - FloatingPlatforms_361.asset
  artifactKey: Guid(9267e5a6bbc739c4dbe6828959a4d28c) Importer(2089858483,0ecaa5967403d082aa24f35e1b516d23)
Start importing Assets/Tiles/Mossy - FloatingPlatforms_361.asset using Guid(9267e5a6bbc739c4dbe6828959a4d28c) Importer(2089858483,0ecaa5967403d082aa24f35e1b516d23) [PhysX] Initialized MultithreadedTaskDispatcher with 24 workers.
 -> (artifact id: 'cc68cb25c36dada7c5d94db7b7aa11c6') in 0.005065 seconds
Number of updated asset objects reloaded before import = 0
Number of asset objects unloaded after import = 3
========================================================================
Received Import Request.
  Time since last request: 0.000016 seconds.
  path: Assets/Tiles/Mossy - FloatingPlatforms_302.asset
  artifactKey: Guid(514c538d9c51cae47b16799a26e220dc) Importer(2089858483,0ecaa5967403d082aa24f35e1b516d23)
Start importing Assets/Tiles/Mossy - FloatingPlatforms_302.asset using Guid(514c538d9c51cae47b16799a26e220dc) Importer(2089858483,0ecaa5967403d082aa24f35e1b516d23) [PhysX] Initialized MultithreadedTaskDispatcher with 24 workers.
 -> (artifact id: '4369b1e111c412cb397a6bdb34155eb9') in 0.005159 seconds
Number of updated asset objects reloaded before import = 0
Number of asset objects unloaded after import = 3
========================================================================
Received Import Request.
  Time since last request: 0.000012 seconds.
  path: Assets/Tiles/Mossy - FloatingPlatforms_382.asset
  artifactKey: Guid(160410c7ee33668478373a802b6228e3) Importer(2089858483,0ecaa5967403d082aa24f35e1b516d23)
Start importing Assets/Tiles/Mossy - FloatingPlatforms_382.asset using Guid(160410c7ee33668478373a802b6228e3) Importer(2089858483,0ecaa5967403d082aa24f35e1b516d23) [PhysX] Initialized MultithreadedTaskDispatcher with 24 workers.
 -> (artifact id: '6313e8a3a4371c971402df786ad0f02b') in 0.004814 seconds
Number of updated asset objects reloaded before import = 0
Number of asset objects unloaded after import = 3
========================================================================
Received Import Request.
  Time since last request: 0.000012 seconds.
  path: Assets/Tiles/Mossy - FloatingPlatforms_32.asset
  artifactKey: Guid(2001629cec320984f8aadc6d7115aef1) Importer(2089858483,0ecaa5967403d082aa24f35e1b516d23)
Start importing Assets/Tiles/Mossy - FloatingPlatforms_32.asset using Guid(2001629cec320984f8aadc6d7115aef1) Importer(2089858483,0ecaa5967403d082aa24f35e1b516d23) [PhysX] Initialized MultithreadedTaskDispatcher with 24 workers.
 -> (artifact id: '09b838add08cb4ba6d09bb41e7a10193') in 0.004126 seconds
Number of updated asset objects reloaded before import = 0
Number of asset objects unloaded after import = 3
========================================================================
Received Import Request.
  Time since last request: 0.000014 seconds.
  path: Assets/Tiles/Mossy - FloatingPlatforms_349.asset
  artifactKey: Guid(bc04746dc1c214d45bd10d61fa95bb49) Importer(2089858483,0ecaa5967403d082aa24f35e1b516d23)
Start importing Assets/Tiles/Mossy - FloatingPlatforms_349.asset using Guid(bc04746dc1c214d45bd10d61fa95bb49) Importer(2089858483,0ecaa5967403d082aa24f35e1b516d23) [PhysX] Initialized MultithreadedTaskDispatcher with 24 workers.
 -> (artifact id: '9761ecd1064c064925e02afa2b5e2b11') in 0.005721 seconds
Number of updated asset objects reloaded before import = 0
Number of asset objects unloaded after import = 3
========================================================================
Received Import Request.
  Time since last request: 0.000015 seconds.
  path: Assets/Tiles/Mossy - FloatingPlatforms_401.asset
  artifactKey: Guid(01eb1c15145d7e54789b6d51378e4f0b) Importer(2089858483,0ecaa5967403d082aa24f35e1b516d23)
Start importing Assets/Tiles/Mossy - FloatingPlatforms_401.asset using Guid(01eb1c15145d7e54789b6d51378e4f0b) Importer(2089858483,0ecaa5967403d082aa24f35e1b516d23) [PhysX] Initialized MultithreadedTaskDispatcher with 24 workers.
 -> (artifact id: '224b3c6895fba98273a6416da8223fd6') in 0.004680 seconds
Number of updated asset objects reloaded before import = 0
Number of asset objects unloaded after import = 3
========================================================================
Received Import Request.
  Time since last request: 0.000014 seconds.
  path: Assets/Tiles/Mossy - FloatingPlatforms_313.asset
  artifactKey: Guid(950b38ed81699b347ada3891da3a9c4e) Importer(2089858483,0ecaa5967403d082aa24f35e1b516d23)
Start importing Assets/Tiles/Mossy - FloatingPlatforms_313.asset using Guid(950b38ed81699b347ada3891da3a9c4e) Importer(2089858483,0ecaa5967403d082aa24f35e1b516d23) [PhysX] Initialized MultithreadedTaskDispatcher with 24 workers.
 -> (artifact id: '927af0e0760b5d9861e4c7b96daafa9c') in 0.004497 seconds
Number of updated asset objects reloaded before import = 0
Number of asset objects unloaded after import = 3
========================================================================
Received Import Request.
  Time since last request: 0.000015 seconds.
  path: Assets/Tiles/Mossy - FloatingPlatforms_317.asset
  artifactKey: Guid(7c6119d966177644b8d2e56b26a5c039) Importer(2089858483,0ecaa5967403d082aa24f35e1b516d23)
Start importing Assets/Tiles/Mossy - FloatingPlatforms_317.asset using Guid(7c6119d966177644b8d2e56b26a5c039) Importer(2089858483,0ecaa5967403d082aa24f35e1b516d23) [PhysX] Initialized MultithreadedTaskDispatcher with 24 workers.
 -> (artifact id: '12bb40ead8df1edea64c75a1cf9297ba') in 0.005277 seconds
Number of updated asset objects reloaded before import = 0
Number of asset objects unloaded after import = 3
========================================================================
Received Import Request.
  Time since last request: 0.000021 seconds.
  path: Assets/Tiles/Mossy - FloatingPlatforms_396.asset
  artifactKey: Guid(4b77e0674d21cc443a8c4657fb429db6) Importer(2089858483,0ecaa5967403d082aa24f35e1b516d23)
Start importing Assets/Tiles/Mossy - FloatingPlatforms_396.asset using Guid(4b77e0674d21cc443a8c4657fb429db6) Importer(2089858483,0ecaa5967403d082aa24f35e1b516d23) [PhysX] Initialized MultithreadedTaskDispatcher with 24 workers.
 -> (artifact id: 'e8d9d4517629b2c37a3203bc2a2d8174') in 0.004667 seconds
Number of updated asset objects reloaded before import = 0
Number of asset objects unloaded after import = 3
========================================================================
Received Import Request.
  Time since last request: 0.000011 seconds.
  path: Assets/Tiles/Mossy - FloatingPlatforms_326.asset
  artifactKey: Guid(79d26e9b3adc8ad4ebdd1c96f2e9a1d3) Importer(2089858483,0ecaa5967403d082aa24f35e1b516d23)
Start importing Assets/Tiles/Mossy - FloatingPlatforms_326.asset using Guid(79d26e9b3adc8ad4ebdd1c96f2e9a1d3) Importer(2089858483,0ecaa5967403d082aa24f35e1b516d23) [PhysX] Initialized MultithreadedTaskDispatcher with 24 workers.
 -> (artifact id: 'c920870cff58e252519b14ec7a87d414') in 0.004152 seconds
Number of updated asset objects reloaded before import = 0
Number of asset objects unloaded after import = 3
========================================================================
Received Import Request.
  Time since last request: 0.000014 seconds.
  path: Assets/Tiles/Mossy - FloatingPlatforms_366.asset
  artifactKey: Guid(8663d37a04d44844e914154f3320623f) Importer(2089858483,0ecaa5967403d082aa24f35e1b516d23)
Start importing Assets/Tiles/Mossy - FloatingPlatforms_366.asset using Guid(8663d37a04d44844e914154f3320623f) Importer(2089858483,0ecaa5967403d082aa24f35e1b516d23) [PhysX] Initialized MultithreadedTaskDispatcher with 24 workers.
 -> (artifact id: '639ec47366a8fe295adce083f7ca74dd') in 0.007258 seconds
Number of updated asset objects reloaded before import = 0
Number of asset objects unloaded after import = 3
========================================================================
Received Import Request.
  Time since last request: 0.000013 seconds.
  path: Assets/Tiles/Mossy - FloatingPlatforms_374.asset
  artifactKey: Guid(d9ba4e951acaac447810b3ac3104bfb6) Importer(2089858483,0ecaa5967403d082aa24f35e1b516d23)
Start importing Assets/Tiles/Mossy - FloatingPlatforms_374.asset using Guid(d9ba4e951acaac447810b3ac3104bfb6) Importer(2089858483,0ecaa5967403d082aa24f35e1b516d23) [PhysX] Initialized MultithreadedTaskDispatcher with 24 workers.
 -> (artifact id: 'f4186d5c63df5a7abcb7ce20eb859169') in 0.004663 seconds
Number of updated asset objects reloaded before import = 0
Number of asset objects unloaded after import = 3
========================================================================
Received Import Request.
  Time since last request: 0.000011 seconds.
  path: Assets/Tiles/Mossy - FloatingPlatforms_385.asset
  artifactKey: Guid(cf8b72a3ba1845044a5f18802dea67da) Importer(2089858483,0ecaa5967403d082aa24f35e1b516d23)
Start importing Assets/Tiles/Mossy - FloatingPlatforms_385.asset using Guid(cf8b72a3ba1845044a5f18802dea67da) Importer(2089858483,0ecaa5967403d082aa24f35e1b516d23) [PhysX] Initialized MultithreadedTaskDispatcher with 24 workers.
 -> (artifact id: '51631d38f00b72fae4bb64dc36fb1a00') in 0.004952 seconds
Number of updated asset objects reloaded before import = 0
Number of asset objects unloaded after import = 3
========================================================================
Received Import Request.
  Time since last request: 0.000012 seconds.
  path: Assets/Tiles/Mossy - FloatingPlatforms_322.asset
  artifactKey: Guid(af8888ab46e4d2348b9c47c1c8808c05) Importer(2089858483,0ecaa5967403d082aa24f35e1b516d23)
Start importing Assets/Tiles/Mossy - FloatingPlatforms_322.asset using Guid(af8888ab46e4d2348b9c47c1c8808c05) Importer(2089858483,0ecaa5967403d082aa24f35e1b516d23) [PhysX] Initialized MultithreadedTaskDispatcher with 24 workers.
 -> (artifact id: 'df660768cc375c84568dc7a350b85656') in 0.004604 seconds
Number of updated asset objects reloaded before import = 0
Number of asset objects unloaded after import = 3
========================================================================
Received Import Request.
  Time since last request: 0.000014 seconds.
  path: Assets/Tiles/Mossy - FloatingPlatforms_412.asset
  artifactKey: Guid(8a9497e5bff808b4fbec1c12acfd3404) Importer(2089858483,0ecaa5967403d082aa24f35e1b516d23)
Start importing Assets/Tiles/Mossy - FloatingPlatforms_412.asset using Guid(8a9497e5bff808b4fbec1c12acfd3404) Importer(2089858483,0ecaa5967403d082aa24f35e1b516d23) [PhysX] Initialized MultithreadedTaskDispatcher with 24 workers.
 -> (artifact id: 'cccce84ffe3a0d532918a82348a67683') in 0.005249 seconds
Number of updated asset objects reloaded before import = 0
Number of asset objects unloaded after import = 3
========================================================================
Received Import Request.
  Time since last request: 0.000015 seconds.
  path: Assets/Tiles/Mossy - FloatingPlatforms_315.asset
  artifactKey: Guid(478ab2d15725ace498e685b4af45e1c5) Importer(2089858483,0ecaa5967403d082aa24f35e1b516d23)
Start importing Assets/Tiles/Mossy - FloatingPlatforms_315.asset using Guid(478ab2d15725ace498e685b4af45e1c5) Importer(2089858483,0ecaa5967403d082aa24f35e1b516d23) [PhysX] Initialized MultithreadedTaskDispatcher with 24 workers.
 -> (artifact id: '55970e3aab43b52fb379ba4b8d907c12') in 0.004715 seconds
Number of updated asset objects reloaded before import = 0
Number of asset objects unloaded after import = 3
========================================================================
Received Import Request.
  Time since last request: 0.000013 seconds.
  path: Assets/Tiles/Mossy - FloatingPlatforms_346.asset
  artifactKey: Guid(de2ee5a3a47d626469f0fb9d291de3ea) Importer(2089858483,0ecaa5967403d082aa24f35e1b516d23)
Start importing Assets/Tiles/Mossy - FloatingPlatforms_346.asset using Guid(de2ee5a3a47d626469f0fb9d291de3ea) Importer(2089858483,0ecaa5967403d082aa24f35e1b516d23) [PhysX] Initialized MultithreadedTaskDispatcher with 24 workers.
 -> (artifact id: 'c36502db7968e321980f946c3aa6ab56') in 0.004002 seconds
Number of updated asset objects reloaded before import = 0
Number of asset objects unloaded after import = 3
========================================================================
Received Import Request.
  Time since last request: 0.000015 seconds.
  path: Assets/Tiles/Mossy - FloatingPlatforms_311.asset
  artifactKey: Guid(b5d044faf1f269f489539afe8e19683e) Importer(2089858483,0ecaa5967403d082aa24f35e1b516d23)
Start importing Assets/Tiles/Mossy - FloatingPlatforms_311.asset using Guid(b5d044faf1f269f489539afe8e19683e) Importer(2089858483,0ecaa5967403d082aa24f35e1b516d23) [PhysX] Initialized MultithreadedTaskDispatcher with 24 workers.
 -> (artifact id: 'f73e891212635233cadb604d116c8615') in 0.006226 seconds
Number of updated asset objects reloaded before import = 0
Number of asset objects unloaded after import = 3
========================================================================
Received Import Request.
  Time since last request: 0.000012 seconds.
  path: Assets/Tiles/Mossy - FloatingPlatforms_421.asset
  artifactKey: Guid(17a5fb10090db4b48b8751878c7ce9de) Importer(2089858483,0ecaa5967403d082aa24f35e1b516d23)
Start importing Assets/Tiles/Mossy - FloatingPlatforms_421.asset using Guid(17a5fb10090db4b48b8751878c7ce9de) Importer(2089858483,0ecaa5967403d082aa24f35e1b516d23) [PhysX] Initialized MultithreadedTaskDispatcher with 24 workers.
 -> (artifact id: '11cb52143908e6364d0a3c5f92240535') in 0.004423 seconds
Number of updated asset objects reloaded before import = 0
Number of asset objects unloaded after import = 3
========================================================================
Received Import Request.
  Time since last request: 0.000012 seconds.
  path: Assets/Tiles/Mossy - FloatingPlatforms_309.asset
  artifactKey: Guid(823f2324aa8e6af4481b3efa425db78f) Importer(2089858483,0ecaa5967403d082aa24f35e1b516d23)
Start importing Assets/Tiles/Mossy - FloatingPlatforms_309.asset using Guid(823f2324aa8e6af4481b3efa425db78f) Importer(2089858483,0ecaa5967403d082aa24f35e1b516d23) [PhysX] Initialized MultithreadedTaskDispatcher with 24 workers.
 -> (artifact id: '1c490d1a8c56d0145d2b285e15e541c8') in 0.004905 seconds
Number of updated asset objects reloaded before import = 0
Number of asset objects unloaded after import = 3
========================================================================
Received Import Request.
  Time since last request: 2.363725 seconds.
  path: Assets/Tiles/Mossy - FloatingPlatforms_427.asset
  artifactKey: Guid(98d529a14c95bbc4fa25e1372382fbdf) Importer(2089858483,0ecaa5967403d082aa24f35e1b516d23)
Start importing Assets/Tiles/Mossy - FloatingPlatforms_427.asset using Guid(98d529a14c95bbc4fa25e1372382fbdf) Importer(2089858483,0ecaa5967403d082aa24f35e1b516d23) [PhysX] Initialized MultithreadedTaskDispatcher with 24 workers.
 -> (artifact id: '9797deb7be89d5f9b1caf4bccc5d99d7') in 0.010263 seconds
Number of updated asset objects reloaded before import = 0
Number of asset objects unloaded after import = 3
========================================================================
Received Import Request.
  Time since last request: 0.000010 seconds.
  path: Assets/Tiles/Mossy - FloatingPlatforms_536.asset
  artifactKey: Guid(681c07fa0546e924aa08e4bc3c29f6ee) Importer(2089858483,0ecaa5967403d082aa24f35e1b516d23)
Start importing Assets/Tiles/Mossy - FloatingPlatforms_536.asset using Guid(681c07fa0546e924aa08e4bc3c29f6ee) Importer(2089858483,0ecaa5967403d082aa24f35e1b516d23) [PhysX] Initialized MultithreadedTaskDispatcher with 24 workers.
 -> (artifact id: 'ff567444f12b5383de48d1421a33a5aa') in 0.007090 seconds
Number of updated asset objects reloaded before import = 0
Number of asset objects unloaded after import = 3
========================================================================
Received Import Request.
  Time since last request: 0.000015 seconds.
  path: Assets/Tiles/Mossy - FloatingPlatforms_590.asset
  artifactKey: Guid(a650cd15c5b6e824b89441b63ad0ac40) Importer(2089858483,0ecaa5967403d082aa24f35e1b516d23)
Start importing Assets/Tiles/Mossy - FloatingPlatforms_590.asset using Guid(a650cd15c5b6e824b89441b63ad0ac40) Importer(2089858483,0ecaa5967403d082aa24f35e1b516d23) [PhysX] Initialized MultithreadedTaskDispatcher with 24 workers.
 -> (artifact id: '01305ecb53bbcf1002ff197a0a652cb3') in 0.005787 seconds
Number of updated asset objects reloaded before import = 0
Number of asset objects unloaded after import = 3
========================================================================
Received Import Request.
  Time since last request: 0.000020 seconds.
  path: Assets/Tiles/Mossy - FloatingPlatforms_537.asset
  artifactKey: Guid(9c80735a11d14214b8d21d754afe01f4) Importer(2089858483,0ecaa5967403d082aa24f35e1b516d23)
Start importing Assets/Tiles/Mossy - FloatingPlatforms_537.asset using Guid(9c80735a11d14214b8d21d754afe01f4) Importer(2089858483,0ecaa5967403d082aa24f35e1b516d23) [PhysX] Initialized MultithreadedTaskDispatcher with 24 workers.
 -> (artifact id: '1f5a1e5e57bdce94a78d277a35c03458') in 0.004864 seconds
Number of updated asset objects reloaded before import = 0
Number of asset objects unloaded after import = 3
========================================================================
Received Import Request.
  Time since last request: 0.000060 seconds.
  path: Assets/Tiles/Mossy - FloatingPlatforms_592.asset
  artifactKey: Guid(f0f3467ded36c1e40bc2378621097abc) Importer(2089858483,0ecaa5967403d082aa24f35e1b516d23)
Start importing Assets/Tiles/Mossy - FloatingPlatforms_592.asset using Guid(f0f3467ded36c1e40bc2378621097abc) Importer(2089858483,0ecaa5967403d082aa24f35e1b516d23) [PhysX] Initialized MultithreadedTaskDispatcher with 24 workers.
 -> (artifact id: '58fcc75f616db28f6e677063cb833e51') in 0.006149 seconds
Number of updated asset objects reloaded before import = 0
Number of asset objects unloaded after import = 3
========================================================================
Received Import Request.
  Time since last request: 0.000012 seconds.
  path: Assets/Tiles/Mossy - FloatingPlatforms_474.asset
  artifactKey: Guid(9c7ce6564bda99d42811c3de5b481546) Importer(2089858483,0ecaa5967403d082aa24f35e1b516d23)
Start importing Assets/Tiles/Mossy - FloatingPlatforms_474.asset using Guid(9c7ce6564bda99d42811c3de5b481546) Importer(2089858483,0ecaa5967403d082aa24f35e1b516d23) [PhysX] Initialized MultithreadedTaskDispatcher with 24 workers.
 -> (artifact id: 'd3e5f5204810cac9682a9a1496a19d54') in 0.005478 seconds
Number of updated asset objects reloaded before import = 0
Number of asset objects unloaded after import = 3
========================================================================
Received Import Request.
  Time since last request: 0.000015 seconds.
  path: Assets/Tiles/Mossy - FloatingPlatforms_564.asset
  artifactKey: Guid(63cdef2d18fce374692552bad342cafc) Importer(2089858483,0ecaa5967403d082aa24f35e1b516d23)
Start importing Assets/Tiles/Mossy - FloatingPlatforms_564.asset using Guid(63cdef2d18fce374692552bad342cafc) Importer(2089858483,0ecaa5967403d082aa24f35e1b516d23) [PhysX] Initialized MultithreadedTaskDispatcher with 24 workers.
 -> (artifact id: 'b0e0dc60f6cb5ba2183cd8e244b8a697') in 0.005678 seconds
Number of updated asset objects reloaded before import = 0
Number of asset objects unloaded after import = 3
========================================================================
Received Import Request.
  Time since last request: 0.000018 seconds.
  path: Assets/Tiles/Mossy - FloatingPlatforms_436.asset
  artifactKey: Guid(ada2465f29ac9dc468c6f48e44dc369f) Importer(2089858483,0ecaa5967403d082aa24f35e1b516d23)
Start importing Assets/Tiles/Mossy - FloatingPlatforms_436.asset using Guid(ada2465f29ac9dc468c6f48e44dc369f) Importer(2089858483,0ecaa5967403d082aa24f35e1b516d23) [PhysX] Initialized MultithreadedTaskDispatcher with 24 workers.
 -> (artifact id: '67c2a260fedb5dfbce15acd0d9af3a7e') in 0.005068 seconds
Number of updated asset objects reloaded before import = 0
Number of asset objects unloaded after import = 3
========================================================================
Received Import Request.
  Time since last request: 0.000015 seconds.
  path: Assets/Tiles/Mossy - FloatingPlatforms_621.asset
  artifactKey: Guid(c4cbbf22e9352f54094fc87f57c8534a) Importer(2089858483,0ecaa5967403d082aa24f35e1b516d23)
Start importing Assets/Tiles/Mossy - FloatingPlatforms_621.asset using Guid(c4cbbf22e9352f54094fc87f57c8534a) Importer(2089858483,0ecaa5967403d082aa24f35e1b516d23) [PhysX] Initialized MultithreadedTaskDispatcher with 24 workers.
 -> (artifact id: '4d3427306eb855d0ba46c4652f16d5a2') in 0.004652 seconds
Number of updated asset objects reloaded before import = 0
Number of asset objects unloaded after import = 3
========================================================================
Received Import Request.
  Time since last request: 0.000011 seconds.
  path: Assets/Tiles/Mossy - FloatingPlatforms_455.asset
  artifactKey: Guid(87cfa0f72f0f14846a87a30ad4b30e6b) Importer(2089858483,0ecaa5967403d082aa24f35e1b516d23)
Start importing Assets/Tiles/Mossy - FloatingPlatforms_455.asset using Guid(87cfa0f72f0f14846a87a30ad4b30e6b) Importer(2089858483,0ecaa5967403d082aa24f35e1b516d23) [PhysX] Initialized MultithreadedTaskDispatcher with 24 workers.
 -> (artifact id: 'a685b52ff1ad17370540f844857adbae') in 0.004824 seconds
Number of updated asset objects reloaded before import = 0
Number of asset objects unloaded after import = 3
========================================================================
Received Import Request.
  Time since last request: 0.000012 seconds.
  path: Assets/Tiles/Mossy - FloatingPlatforms_617.asset
  artifactKey: Guid(f048d55550f02434a9682165b410af9b) Importer(2089858483,0ecaa5967403d082aa24f35e1b516d23)
Start importing Assets/Tiles/Mossy - FloatingPlatforms_617.asset using Guid(f048d55550f02434a9682165b410af9b) Importer(2089858483,0ecaa5967403d082aa24f35e1b516d23) [PhysX] Initialized MultithreadedTaskDispatcher with 24 workers.
 -> (artifact id: 'ce528e660f7a10f33d922e3e9569a5bf') in 0.004608 seconds
Number of updated asset objects reloaded before import = 0
Number of asset objects unloaded after import = 3
========================================================================
Received Import Request.
  Time since last request: 0.000016 seconds.
  path: Assets/Tiles/Mossy - FloatingPlatforms_593.asset
  artifactKey: Guid(7cef98c5d9aeba14b837d35151c8a4a3) Importer(2089858483,0ecaa5967403d082aa24f35e1b516d23)
Start importing Assets/Tiles/Mossy - FloatingPlatforms_593.asset using Guid(7cef98c5d9aeba14b837d35151c8a4a3) Importer(2089858483,0ecaa5967403d082aa24f35e1b516d23) [PhysX] Initialized MultithreadedTaskDispatcher with 24 workers.
 -> (artifact id: 'ac1d20485a4682ffd3f6c991216d3e5a') in 0.004890 seconds
Number of updated asset objects reloaded before import = 0
Number of asset objects unloaded after import = 3
========================================================================
Received Import Request.
  Time since last request: 0.000013 seconds.
  path: Assets/Tiles/Mossy - FloatingPlatforms_48.asset
  artifactKey: Guid(ba4dff3e97eff0e4da7f838625f7532d) Importer(2089858483,0ecaa5967403d082aa24f35e1b516d23)
Start importing Assets/Tiles/Mossy - FloatingPlatforms_48.asset using Guid(ba4dff3e97eff0e4da7f838625f7532d) Importer(2089858483,0ecaa5967403d082aa24f35e1b516d23) [PhysX] Initialized MultithreadedTaskDispatcher with 24 workers.
 -> (artifact id: '3b470f59a8da311b571b60d2231298a2') in 0.006345 seconds
Number of updated asset objects reloaded before import = 0
Number of asset objects unloaded after import = 3
========================================================================
Received Import Request.
  Time since last request: 0.000013 seconds.
  path: Assets/Tiles/Mossy - FloatingPlatforms_595.asset
  artifactKey: Guid(895964d2cd22c064b8ed5469377040f8) Importer(2089858483,0ecaa5967403d082aa24f35e1b516d23)
Start importing Assets/Tiles/Mossy - FloatingPlatforms_595.asset using Guid(895964d2cd22c064b8ed5469377040f8) Importer(2089858483,0ecaa5967403d082aa24f35e1b516d23) [PhysX] Initialized MultithreadedTaskDispatcher with 24 workers.
 -> (artifact id: '18f9ca8f038dc576bef21b92143f9f01') in 0.004267 seconds
Number of updated asset objects reloaded before import = 0
Number of asset objects unloaded after import = 3
========================================================================
Received Import Request.
  Time since last request: 0.000013 seconds.
  path: Assets/Tiles/Mossy - FloatingPlatforms_447.asset
  artifactKey: Guid(cea27ecec0a76ce4e9a46b5aabb026e2) Importer(2089858483,0ecaa5967403d082aa24f35e1b516d23)
Start importing Assets/Tiles/Mossy - FloatingPlatforms_447.asset using Guid(cea27ecec0a76ce4e9a46b5aabb026e2) Importer(2089858483,0ecaa5967403d082aa24f35e1b516d23) [PhysX] Initialized MultithreadedTaskDispatcher with 24 workers.
 -> (artifact id: '0052bab9863997691e72e786d548e60d') in 0.005039 seconds
Number of updated asset objects reloaded before import = 0
Number of asset objects unloaded after import = 3
========================================================================
Received Import Request.
  Time since last request: 0.000017 seconds.
  path: Assets/Tiles/Mossy - FloatingPlatforms_472.asset
  artifactKey: Guid(728d0b8076a58ae41951b1be4d131564) Importer(2089858483,0ecaa5967403d082aa24f35e1b516d23)
Start importing Assets/Tiles/Mossy - FloatingPlatforms_472.asset using Guid(728d0b8076a58ae41951b1be4d131564) Importer(2089858483,0ecaa5967403d082aa24f35e1b516d23) [PhysX] Initialized MultithreadedTaskDispatcher with 24 workers.
 -> (artifact id: 'c33ac1b0538e5e4951fa513a9e12a729') in 0.004365 seconds
Number of updated asset objects reloaded before import = 0
Number of asset objects unloaded after import = 3
========================================================================
Received Import Request.
  Time since last request: 0.000015 seconds.
  path: Assets/Tiles/Mossy - FloatingPlatforms_484.asset
  artifactKey: Guid(b09af3eada1fa9f4c8ccad2b1b8ed241) Importer(2089858483,0ecaa5967403d082aa24f35e1b516d23)
Start importing Assets/Tiles/Mossy - FloatingPlatforms_484.asset using Guid(b09af3eada1fa9f4c8ccad2b1b8ed241) Importer(2089858483,0ecaa5967403d082aa24f35e1b516d23) [PhysX] Initialized MultithreadedTaskDispatcher with 24 workers.
 -> (artifact id: '50faeeaa46e643a3fd23bfb8b28a0bec') in 0.004956 seconds
Number of updated asset objects reloaded before import = 0
Number of asset objects unloaded after import = 3
========================================================================
Received Import Request.
  Time since last request: 0.000015 seconds.
  path: Assets/Tiles/Mossy - FloatingPlatforms_579.asset
  artifactKey: Guid(15cb496b3912b2e4a9cc38c237ee75b5) Importer(2089858483,0ecaa5967403d082aa24f35e1b516d23)
Start importing Assets/Tiles/Mossy - FloatingPlatforms_579.asset using Guid(15cb496b3912b2e4a9cc38c237ee75b5) Importer(2089858483,0ecaa5967403d082aa24f35e1b516d23) [PhysX] Initialized MultithreadedTaskDispatcher with 24 workers.
 -> (artifact id: 'cd6dd69848b4dc58e310470396e344ec') in 0.005304 seconds
Number of updated asset objects reloaded before import = 0
Number of asset objects unloaded after import = 3
========================================================================
Received Import Request.
  Time since last request: 0.000013 seconds.
  path: Assets/Tiles/Mossy - FloatingPlatforms_603.asset
  artifactKey: Guid(0b1527d864681fa449b1954e1653f27e) Importer(2089858483,0ecaa5967403d082aa24f35e1b516d23)
Start importing Assets/Tiles/Mossy - FloatingPlatforms_603.asset using Guid(0b1527d864681fa449b1954e1653f27e) Importer(2089858483,0ecaa5967403d082aa24f35e1b516d23) [PhysX] Initialized MultithreadedTaskDispatcher with 24 workers.
 -> (artifact id: 'cae671acabd871b06de13a5960e4f721') in 0.005036 seconds
Number of updated asset objects reloaded before import = 0
Number of asset objects unloaded after import = 3
========================================================================
Received Import Request.
  Time since last request: 0.000012 seconds.
  path: Assets/Tiles/Mossy - FloatingPlatforms_577.asset
  artifactKey: Guid(e40027c6d5c079a4e8c41362ebc3cd83) Importer(2089858483,0ecaa5967403d082aa24f35e1b516d23)
Start importing Assets/Tiles/Mossy - FloatingPlatforms_577.asset using Guid(e40027c6d5c079a4e8c41362ebc3cd83) Importer(2089858483,0ecaa5967403d082aa24f35e1b516d23) [PhysX] Initialized MultithreadedTaskDispatcher with 24 workers.
 -> (artifact id: 'fb7ec20f91bee002999808c09a9b8134') in 0.004636 seconds
Number of updated asset objects reloaded before import = 0
Number of asset objects unloaded after import = 3
========================================================================
Received Import Request.
  Time since last request: 0.000012 seconds.
  path: Assets/Tiles/Mossy - FloatingPlatforms_467.asset
  artifactKey: Guid(eb5ab2cd512b12949b208bb4b5994079) Importer(2089858483,0ecaa5967403d082aa24f35e1b516d23)
Start importing Assets/Tiles/Mossy - FloatingPlatforms_467.asset using Guid(eb5ab2cd512b12949b208bb4b5994079) Importer(2089858483,0ecaa5967403d082aa24f35e1b516d23) [PhysX] Initialized MultithreadedTaskDispatcher with 24 workers.
 -> (artifact id: '3dca39fdccfb8e2d2acd2b5cba1bbb5d') in 0.005343 seconds
Number of updated asset objects reloaded before import = 0
Number of asset objects unloaded after import = 3
========================================================================
Received Import Request.
  Time since last request: 0.000013 seconds.
  path: Assets/Tiles/Mossy - FloatingPlatforms_569.asset
  artifactKey: Guid(877cb16e85e267d4188a74245519c976) Importer(2089858483,0ecaa5967403d082aa24f35e1b516d23)
Start importing Assets/Tiles/Mossy - FloatingPlatforms_569.asset using Guid(877cb16e85e267d4188a74245519c976) Importer(2089858483,0ecaa5967403d082aa24f35e1b516d23) [PhysX] Initialized MultithreadedTaskDispatcher with 24 workers.
 -> (artifact id: '5aad5c70097ae8b28f4ad9ad421860af') in 0.004208 seconds
Number of updated asset objects reloaded before import = 0
Number of asset objects unloaded after import = 3
========================================================================
Received Import Request.
  Time since last request: 0.000013 seconds.
  path: Assets/Tiles/Mossy - FloatingPlatforms_460.asset
  artifactKey: Guid(dc5897cdeae6d60458cb4e334869485e) Importer(2089858483,0ecaa5967403d082aa24f35e1b516d23)
Start importing Assets/Tiles/Mossy - FloatingPlatforms_460.asset using Guid(dc5897cdeae6d60458cb4e334869485e) Importer(2089858483,0ecaa5967403d082aa24f35e1b516d23) [PhysX] Initialized MultithreadedTaskDispatcher with 24 workers.
 -> (artifact id: 'abba53e56140190c6c877359f1a4eb2a') in 0.005233 seconds
Number of updated asset objects reloaded before import = 0
Number of asset objects unloaded after import = 3
========================================================================
Received Import Request.
  Time since last request: 0.000013 seconds.
  path: Assets/Tiles/Mossy - FloatingPlatforms_515.asset
  artifactKey: Guid(22f28a23a093f1340a937d87ef24d35b) Importer(2089858483,0ecaa5967403d082aa24f35e1b516d23)
Start importing Assets/Tiles/Mossy - FloatingPlatforms_515.asset using Guid(22f28a23a093f1340a937d87ef24d35b) Importer(2089858483,0ecaa5967403d082aa24f35e1b516d23) [PhysX] Initialized MultithreadedTaskDispatcher with 24 workers.
 -> (artifact id: '7d37054b37d401a89b835ef562e03f8f') in 0.004849 seconds
Number of updated asset objects reloaded before import = 0
Number of asset objects unloaded after import = 3
========================================================================
Received Import Request.
  Time since last request: 0.000014 seconds.
  path: Assets/Tiles/Mossy - FloatingPlatforms_46.asset
  artifactKey: Guid(fba3e3ca456ac844ba97eea3d42176eb) Importer(2089858483,0ecaa5967403d082aa24f35e1b516d23)
Start importing Assets/Tiles/Mossy - FloatingPlatforms_46.asset using Guid(fba3e3ca456ac844ba97eea3d42176eb) Importer(2089858483,0ecaa5967403d082aa24f35e1b516d23) [PhysX] Initialized MultithreadedTaskDispatcher with 24 workers.
 -> (artifact id: '1a26a5a37e443eab5d2b46041c466879') in 0.004373 seconds
Number of updated asset objects reloaded before import = 0
Number of asset objects unloaded after import = 3
========================================================================
Received Import Request.
  Time since last request: 0.000013 seconds.
  path: Assets/Tiles/Mossy - FloatingPlatforms_494.asset
  artifactKey: Guid(3a8f03cfb91e3404bb9e813e642224a2) Importer(2089858483,0ecaa5967403d082aa24f35e1b516d23)
Start importing Assets/Tiles/Mossy - FloatingPlatforms_494.asset using Guid(3a8f03cfb91e3404bb9e813e642224a2) Importer(2089858483,0ecaa5967403d082aa24f35e1b516d23) [PhysX] Initialized MultithreadedTaskDispatcher with 24 workers.
 -> (artifact id: '63626ca6ce2e560ec1dc785ada5af6da') in 0.004845 seconds
Number of updated asset objects reloaded before import = 0
Number of asset objects unloaded after import = 3
========================================================================
Received Import Request.
  Time since last request: 0.000011 seconds.
  path: Assets/Tiles/Mossy - FloatingPlatforms_450.asset
  artifactKey: Guid(29433ec6e666cf34aa60363c1d92be57) Importer(2089858483,0ecaa5967403d082aa24f35e1b516d23)
Start importing Assets/Tiles/Mossy - FloatingPlatforms_450.asset using Guid(29433ec6e666cf34aa60363c1d92be57) Importer(2089858483,0ecaa5967403d082aa24f35e1b516d23) [PhysX] Initialized MultithreadedTaskDispatcher with 24 workers.
 -> (artifact id: '220dd79c86e3aeaa68a5b4fbebd2e117') in 0.004358 seconds
Number of updated asset objects reloaded before import = 0
Number of asset objects unloaded after import = 3
========================================================================
Received Import Request.
  Time since last request: 0.000013 seconds.
  path: Assets/Tiles/Mossy - FloatingPlatforms_504.asset
  artifactKey: Guid(da58cf91f2a5cbf428298a432348a5c4) Importer(2089858483,0ecaa5967403d082aa24f35e1b516d23)
Start importing Assets/Tiles/Mossy - FloatingPlatforms_504.asset using Guid(da58cf91f2a5cbf428298a432348a5c4) Importer(2089858483,0ecaa5967403d082aa24f35e1b516d23) [PhysX] Initialized MultithreadedTaskDispatcher with 24 workers.
 -> (artifact id: 'a2077d8be37391aba0c21a2b16524ebd') in 0.004770 seconds
Number of updated asset objects reloaded before import = 0
Number of asset objects unloaded after import = 3
========================================================================
Received Import Request.
  Time since last request: 0.000016 seconds.
  path: Assets/Tiles/Mossy - FloatingPlatforms_448.asset
  artifactKey: Guid(f4f275d28beb72746a55e774b4f4a909) Importer(2089858483,0ecaa5967403d082aa24f35e1b516d23)
Start importing Assets/Tiles/Mossy - FloatingPlatforms_448.asset using Guid(f4f275d28beb72746a55e774b4f4a909) Importer(2089858483,0ecaa5967403d082aa24f35e1b516d23) [PhysX] Initialized MultithreadedTaskDispatcher with 24 workers.
 -> (artifact id: 'cd33f899da419dc4fbda3823cccedebb') in 0.005170 seconds
Number of updated asset objects reloaded before import = 0
Number of asset objects unloaded after import = 3
========================================================================
Received Import Request.
  Time since last request: 0.000014 seconds.
  path: Assets/Tiles/Mossy - FloatingPlatforms_594.asset
  artifactKey: Guid(48f76f85f52d2fb4a9c5884fc007ad66) Importer(2089858483,0ecaa5967403d082aa24f35e1b516d23)
Start importing Assets/Tiles/Mossy - FloatingPlatforms_594.asset using Guid(48f76f85f52d2fb4a9c5884fc007ad66) Importer(2089858483,0ecaa5967403d082aa24f35e1b516d23) [PhysX] Initialized MultithreadedTaskDispatcher with 24 workers.
 -> (artifact id: '033b19588b178574c9523adbf5f9c176') in 0.005069 seconds
Number of updated asset objects reloaded before import = 0
Number of asset objects unloaded after import = 3
========================================================================
Received Import Request.
  Time since last request: 0.000013 seconds.
  path: Assets/Tiles/Mossy - FloatingPlatforms_47.asset
  artifactKey: Guid(242b41c91db93fe43b025427c9a071b1) Importer(2089858483,0ecaa5967403d082aa24f35e1b516d23)
Start importing Assets/Tiles/Mossy - FloatingPlatforms_47.asset using Guid(242b41c91db93fe43b025427c9a071b1) Importer(2089858483,0ecaa5967403d082aa24f35e1b516d23) [PhysX] Initialized MultithreadedTaskDispatcher with 24 workers.
 -> (artifact id: 'd29ed5275978573a3508b20963707474') in 0.005087 seconds
Number of updated asset objects reloaded before import = 0
Number of asset objects unloaded after import = 3
========================================================================
Received Import Request.
  Time since last request: 0.000013 seconds.
  path: Assets/Tiles/Mossy - FloatingPlatforms_615.asset
  artifactKey: Guid(a9cbbb366f8e5a14f9d9bcd3304c72f9) Importer(2089858483,0ecaa5967403d082aa24f35e1b516d23)
Start importing Assets/Tiles/Mossy - FloatingPlatforms_615.asset using Guid(a9cbbb366f8e5a14f9d9bcd3304c72f9) Importer(2089858483,0ecaa5967403d082aa24f35e1b516d23) [PhysX] Initialized MultithreadedTaskDispatcher with 24 workers.
 -> (artifact id: '061855f1071f24df2bcfd53cc2ab7493') in 0.005659 seconds
Number of updated asset objects reloaded before import = 0
Number of asset objects unloaded after import = 3
========================================================================
Received Import Request.
  Time since last request: 0.000012 seconds.
  path: Assets/Tiles/Mossy - FloatingPlatforms_52.asset
  artifactKey: Guid(3f55daa8ba37a9047b8df6b30a94d61e) Importer(2089858483,0ecaa5967403d082aa24f35e1b516d23)
Start importing Assets/Tiles/Mossy - FloatingPlatforms_52.asset using Guid(3f55daa8ba37a9047b8df6b30a94d61e) Importer(2089858483,0ecaa5967403d082aa24f35e1b516d23) [PhysX] Initialized MultithreadedTaskDispatcher with 24 workers.
 -> (artifact id: 'fe376d2a97f8ee06e6efb814afeecf0f') in 0.004757 seconds
Number of updated asset objects reloaded before import = 0
Number of asset objects unloaded after import = 3
========================================================================
Received Import Request.
  Time since last request: 0.000014 seconds.
  path: Assets/Tiles/Mossy - FloatingPlatforms_618.asset
  artifactKey: Guid(0ea2035745684314283ffe8ce2b69d82) Importer(2089858483,0ecaa5967403d082aa24f35e1b516d23)
Start importing Assets/Tiles/Mossy - FloatingPlatforms_618.asset using Guid(0ea2035745684314283ffe8ce2b69d82) Importer(2089858483,0ecaa5967403d082aa24f35e1b516d23) [PhysX] Initialized MultithreadedTaskDispatcher with 24 workers.
 -> (artifact id: '4eee842aa2bdcedca350d0e3967831d1') in 0.005438 seconds
Number of updated asset objects reloaded before import = 0
Number of asset objects unloaded after import = 3
========================================================================
Received Import Request.
  Time since last request: 0.000017 seconds.
  path: Assets/Tiles/Mossy - FloatingPlatforms_588.asset
  artifactKey: Guid(e901a891570c5a948bde5b08dc457484) Importer(2089858483,0ecaa5967403d082aa24f35e1b516d23)
Start importing Assets/Tiles/Mossy - FloatingPlatforms_588.asset using Guid(e901a891570c5a948bde5b08dc457484) Importer(2089858483,0ecaa5967403d082aa24f35e1b516d23) [PhysX] Initialized MultithreadedTaskDispatcher with 24 workers.
 -> (artifact id: '20a5287559edcae43a7bd0f94598dfa7') in 0.006292 seconds
Number of updated asset objects reloaded before import = 0
Number of asset objects unloaded after import = 3
========================================================================
Received Import Request.
  Time since last request: 0.000014 seconds.
  path: Assets/Tiles/Mossy - FloatingPlatforms_553.asset
  artifactKey: Guid(a2a91250a0af8dc42a1e35134883b11d) Importer(2089858483,0ecaa5967403d082aa24f35e1b516d23)
Start importing Assets/Tiles/Mossy - FloatingPlatforms_553.asset using Guid(a2a91250a0af8dc42a1e35134883b11d) Importer(2089858483,0ecaa5967403d082aa24f35e1b516d23) [PhysX] Initialized MultithreadedTaskDispatcher with 24 workers.
 -> (artifact id: '4985831a744ffc52e8a98e81cdef24ac') in 0.004461 seconds
Number of updated asset objects reloaded before import = 0
Number of asset objects unloaded after import = 3
========================================================================
Received Import Request.
  Time since last request: 0.000015 seconds.
  path: Assets/Tiles/Mossy - FloatingPlatforms_609.asset
  artifactKey: Guid(db01519d244d5944cb04cc38c52695b2) Importer(2089858483,0ecaa5967403d082aa24f35e1b516d23)
Start importing Assets/Tiles/Mossy - FloatingPlatforms_609.asset using Guid(db01519d244d5944cb04cc38c52695b2) Importer(2089858483,0ecaa5967403d082aa24f35e1b516d23) [PhysX] Initialized MultithreadedTaskDispatcher with 24 workers.
 -> (artifact id: '7fbfe4ae45df234a4cc513b484761b42') in 0.005115 seconds
Number of updated asset objects reloaded before import = 0
Number of asset objects unloaded after import = 3
========================================================================
Received Import Request.
  Time since last request: 0.000013 seconds.
  path: Assets/Tiles/Mossy - FloatingPlatforms_519.asset
  artifactKey: Guid(6b1032b27cf58f648bf58de06a1bdb92) Importer(2089858483,0ecaa5967403d082aa24f35e1b516d23)
Start importing Assets/Tiles/Mossy - FloatingPlatforms_519.asset using Guid(6b1032b27cf58f648bf58de06a1bdb92) Importer(2089858483,0ecaa5967403d082aa24f35e1b516d23) [PhysX] Initialized MultithreadedTaskDispatcher with 24 workers.
 -> (artifact id: '2385ca8a928743bf7570e2b9d8fccedd') in 0.005052 seconds
Number of updated asset objects reloaded before import = 0
Number of asset objects unloaded after import = 3
========================================================================
Received Import Request.
  Time since last request: 2.140882 seconds.
  path: Assets/Tiles/Mossy - FloatingPlatforms_628.asset
  artifactKey: Guid(a0c732e279e802e42b7a24296bb4e0a5) Importer(2089858483,0ecaa5967403d082aa24f35e1b516d23)
Start importing Assets/Tiles/Mossy - FloatingPlatforms_628.asset using Guid(a0c732e279e802e42b7a24296bb4e0a5) Importer(2089858483,0ecaa5967403d082aa24f35e1b516d23) [PhysX] Initialized MultithreadedTaskDispatcher with 24 workers.
 -> (artifact id: '6d8f1e75f873d14b2403684067c6fe34') in 0.008712 seconds
Number of updated asset objects reloaded before import = 0
Number of asset objects unloaded after import = 3
========================================================================
Received Import Request.
  Time since last request: 0.000017 seconds.
  path: Assets/Tiles/Mossy - FloatingPlatforms_720.asset
  artifactKey: Guid(ce6c4af5c7d58ec4f93a879727563574) Importer(2089858483,0ecaa5967403d082aa24f35e1b516d23)
Start importing Assets/Tiles/Mossy - FloatingPlatforms_720.asset using Guid(ce6c4af5c7d58ec4f93a879727563574) Importer(2089858483,0ecaa5967403d082aa24f35e1b516d23) [PhysX] Initialized MultithreadedTaskDispatcher with 24 workers.
 -> (artifact id: '27d5e36e035dc6540fd8146355ce8c0b') in 0.005549 seconds
Number of updated asset objects reloaded before import = 0
Number of asset objects unloaded after import = 3
========================================================================
Received Import Request.
  Time since last request: 0.000012 seconds.
  path: Assets/Tiles/Mossy - FloatingPlatforms_805.asset
  artifactKey: Guid(e41b171a7f81f11409b2ffe6a308e672) Importer(2089858483,0ecaa5967403d082aa24f35e1b516d23)
Start importing Assets/Tiles/Mossy - FloatingPlatforms_805.asset using Guid(e41b171a7f81f11409b2ffe6a308e672) Importer(2089858483,0ecaa5967403d082aa24f35e1b516d23) [PhysX] Initialized MultithreadedTaskDispatcher with 24 workers.
 -> (artifact id: '1a664eb3707dedf9f905ed5d625eb26e') in 0.005738 seconds
Number of updated asset objects reloaded before import = 0
Number of asset objects unloaded after import = 3
========================================================================
Received Import Request.
  Time since last request: 0.000016 seconds.
  path: Assets/Tiles/Mossy - FloatingPlatforms_762.asset
  artifactKey: Guid(8e274adb6a0f37241b9970e26def296b) Importer(2089858483,0ecaa5967403d082aa24f35e1b516d23)
Start importing Assets/Tiles/Mossy - FloatingPlatforms_762.asset using Guid(8e274adb6a0f37241b9970e26def296b) Importer(2089858483,0ecaa5967403d082aa24f35e1b516d23) [PhysX] Initialized MultithreadedTaskDispatcher with 24 workers.
 -> (artifact id: '115d2d80f34850c26a4f9e249932f1d7') in 0.004522 seconds
Number of updated asset objects reloaded before import = 0
Number of asset objects unloaded after import = 3
========================================================================
Received Import Request.
  Time since last request: 0.000013 seconds.
  path: Assets/Tiles/Mossy - FloatingPlatforms_756.asset
  artifactKey: Guid(94501e197f5c37a49a7b64803e57505c) Importer(2089858483,0ecaa5967403d082aa24f35e1b516d23)
Start importing Assets/Tiles/Mossy - FloatingPlatforms_756.asset using Guid(94501e197f5c37a49a7b64803e57505c) Importer(2089858483,0ecaa5967403d082aa24f35e1b516d23) [PhysX] Initialized MultithreadedTaskDispatcher with 24 workers.
 -> (artifact id: '571ad10f8f616ec2e7c11d5171329843') in 0.005221 seconds
Number of updated asset objects reloaded before import = 0
Number of asset objects unloaded after import = 3
========================================================================
Received Import Request.
  Time since last request: 0.000014 seconds.
  path: Assets/Tiles/Mossy - FloatingPlatforms_718.asset
  artifactKey: Guid(48560c10f9047894c8dbdde341035249) Importer(2089858483,0ecaa5967403d082aa24f35e1b516d23)
Start importing Assets/Tiles/Mossy - FloatingPlatforms_718.asset using Guid(48560c10f9047894c8dbdde341035249) Importer(2089858483,0ecaa5967403d082aa24f35e1b516d23) [PhysX] Initialized MultithreadedTaskDispatcher with 24 workers.
 -> (artifact id: 'b0cf6164a1f6eac4e604b2194fd85c58') in 0.007307 seconds
Number of updated asset objects reloaded before import = 0
Number of asset objects unloaded after import = 3
========================================================================
Received Import Request.
  Time since last request: 0.000014 seconds.
  path: Assets/Tiles/Mossy - FloatingPlatforms_810.asset
  artifactKey: Guid(0b8f83d0438219b4ea25cb0c77152028) Importer(2089858483,0ecaa5967403d082aa24f35e1b516d23)
Start importing Assets/Tiles/Mossy - FloatingPlatforms_810.asset using Guid(0b8f83d0438219b4ea25cb0c77152028) Importer(2089858483,0ecaa5967403d082aa24f35e1b516d23) [PhysX] Initialized MultithreadedTaskDispatcher with 24 workers.
 -> (artifact id: '6b049779dab08dd1376345cbed931699') in 0.005922 seconds
Number of updated asset objects reloaded before import = 0
Number of asset objects unloaded after import = 3
========================================================================
Received Import Request.
  Time since last request: 0.000014 seconds.
  path: Assets/Tiles/Mossy - FloatingPlatforms_81.asset
  artifactKey: Guid(744eb6a4362bc054cb6e102ec7c23278) Importer(2089858483,0ecaa5967403d082aa24f35e1b516d23)
Start importing Assets/Tiles/Mossy - FloatingPlatforms_81.asset using Guid(744eb6a4362bc054cb6e102ec7c23278) Importer(2089858483,0ecaa5967403d082aa24f35e1b516d23) [PhysX] Initialized MultithreadedTaskDispatcher with 24 workers.
 -> (artifact id: '08a5253bf14af2cb472f70d9e550a752') in 0.005661 seconds
Number of updated asset objects reloaded before import = 0
Number of asset objects unloaded after import = 3
========================================================================
Received Import Request.
  Time since last request: 0.000016 seconds.
  path: Assets/Tiles/Mossy - FloatingPlatforms_71.asset
  artifactKey: Guid(ba50f099c5d9def4d89c0a4593db328e) Importer(2089858483,0ecaa5967403d082aa24f35e1b516d23)
Start importing Assets/Tiles/Mossy - FloatingPlatforms_71.asset using Guid(ba50f099c5d9def4d89c0a4593db328e) Importer(2089858483,0ecaa5967403d082aa24f35e1b516d23) [PhysX] Initialized MultithreadedTaskDispatcher with 24 workers.
 -> (artifact id: '801cad5d19507fcb6ae4df3e2af89fca') in 0.004423 seconds
Number of updated asset objects reloaded before import = 0
Number of asset objects unloaded after import = 3
========================================================================
Received Import Request.
  Time since last request: 0.000011 seconds.
  path: Assets/Tiles/Mossy - FloatingPlatforms_792.asset
  artifactKey: Guid(e00c8a5c079567b43b1e54ebc3bd4700) Importer(2089858483,0ecaa5967403d082aa24f35e1b516d23)
Start importing Assets/Tiles/Mossy - FloatingPlatforms_792.asset using Guid(e00c8a5c079567b43b1e54ebc3bd4700) Importer(2089858483,0ecaa5967403d082aa24f35e1b516d23) [PhysX] Initialized MultithreadedTaskDispatcher with 24 workers.
 -> (artifact id: '25de4d61a8413317030519a3c357843d') in 0.004891 seconds
Number of updated asset objects reloaded before import = 0
Number of asset objects unloaded after import = 3
========================================================================
Received Import Request.
  Time since last request: 0.000012 seconds.
  path: Assets/Tiles/Mossy - FloatingPlatforms_73.asset
  artifactKey: Guid(f0202f27a64a6cd4bb73fe17c75f02c3) Importer(2089858483,0ecaa5967403d082aa24f35e1b516d23)
Start importing Assets/Tiles/Mossy - FloatingPlatforms_73.asset using Guid(f0202f27a64a6cd4bb73fe17c75f02c3) Importer(2089858483,0ecaa5967403d082aa24f35e1b516d23) [PhysX] Initialized MultithreadedTaskDispatcher with 24 workers.
 -> (artifact id: '0a5cec204af57fe8a3e1435cfe1eb650') in 0.005971 seconds
Number of updated asset objects reloaded before import = 0
Number of asset objects unloaded after import = 3
========================================================================
Received Import Request.
  Time since last request: 0.000016 seconds.
  path: Assets/Tiles/Mossy - FloatingPlatforms_749.asset
  artifactKey: Guid(5d64759afcb88af48803bc2b8dc14170) Importer(2089858483,0ecaa5967403d082aa24f35e1b516d23)
Start importing Assets/Tiles/Mossy - FloatingPlatforms_749.asset using Guid(5d64759afcb88af48803bc2b8dc14170) Importer(2089858483,0ecaa5967403d082aa24f35e1b516d23) [PhysX] Initialized MultithreadedTaskDispatcher with 24 workers.
 -> (artifact id: '1e3afeabf60a90486bd648e9f3b58a0a') in 0.004536 seconds
Number of updated asset objects reloaded before import = 0
Number of asset objects unloaded after import = 3
========================================================================
Received Import Request.
  Time since last request: 0.000012 seconds.
  path: Assets/Tiles/Mossy - FloatingPlatforms_761.asset
  artifactKey: Guid(8e703bc0e119cba4198e616a1e9dcea3) Importer(2089858483,0ecaa5967403d082aa24f35e1b516d23)
Start importing Assets/Tiles/Mossy - FloatingPlatforms_761.asset using Guid(8e703bc0e119cba4198e616a1e9dcea3) Importer(2089858483,0ecaa5967403d082aa24f35e1b516d23) [PhysX] Initialized MultithreadedTaskDispatcher with 24 workers.
 -> (artifact id: '2446fbbd772591337a9567e78b8706b9') in 0.004815 seconds
Number of updated asset objects reloaded before import = 0
Number of asset objects unloaded after import = 3
========================================================================
Received Import Request.
  Time since last request: 0.000013 seconds.
  path: Assets/Tiles/Mossy - FloatingPlatforms_739.asset
  artifactKey: Guid(28e06d618106bd24da5393af641bfd72) Importer(2089858483,0ecaa5967403d082aa24f35e1b516d23)
Start importing Assets/Tiles/Mossy - FloatingPlatforms_739.asset using Guid(28e06d618106bd24da5393af641bfd72) Importer(2089858483,0ecaa5967403d082aa24f35e1b516d23) [PhysX] Initialized MultithreadedTaskDispatcher with 24 workers.
 -> (artifact id: '224d9236eedaa8c7007e7d4a7eae5c95') in 0.005108 seconds
Number of updated asset objects reloaded before import = 0
Number of asset objects unloaded after import = 3
========================================================================
Received Import Request.
  Time since last request: 0.000012 seconds.
  path: Assets/Tiles/Mossy - FloatingPlatforms_693.asset
  artifactKey: Guid(26b811d1501d6484ba374cd2b918e43b) Importer(2089858483,0ecaa5967403d082aa24f35e1b516d23)
Start importing Assets/Tiles/Mossy - FloatingPlatforms_693.asset using Guid(26b811d1501d6484ba374cd2b918e43b) Importer(2089858483,0ecaa5967403d082aa24f35e1b516d23) [PhysX] Initialized MultithreadedTaskDispatcher with 24 workers.
 -> (artifact id: 'c895f9754acababa406839a5d8e45072') in 0.005991 seconds
Number of updated asset objects reloaded before import = 0
Number of asset objects unloaded after import = 3
========================================================================
Received Import Request.
  Time since last request: 0.000012 seconds.
  path: Assets/Tiles/Mossy - FloatingPlatforms_764.asset
  artifactKey: Guid(c59aeecc72d351d4bb69d2b8a4b24fe1) Importer(2089858483,0ecaa5967403d082aa24f35e1b516d23)
Start importing Assets/Tiles/Mossy - FloatingPlatforms_764.asset using Guid(c59aeecc72d351d4bb69d2b8a4b24fe1) Importer(2089858483,0ecaa5967403d082aa24f35e1b516d23) [PhysX] Initialized MultithreadedTaskDispatcher with 24 workers.
 -> (artifact id: '0299e4b07be8f14232ea470f2a8b8671') in 0.004222 seconds
Number of updated asset objects reloaded before import = 0
Number of asset objects unloaded after import = 3
========================================================================
Received Import Request.
  Time since last request: 0.000013 seconds.
  path: Assets/Tiles/Mossy - FloatingPlatforms_723.asset
  artifactKey: Guid(81c1019b2b748c44dadfbfd92759e345) Importer(2089858483,0ecaa5967403d082aa24f35e1b516d23)
Start importing Assets/Tiles/Mossy - FloatingPlatforms_723.asset using Guid(81c1019b2b748c44dadfbfd92759e345) Importer(2089858483,0ecaa5967403d082aa24f35e1b516d23) [PhysX] Initialized MultithreadedTaskDispatcher with 24 workers.
 -> (artifact id: '561082d72f164170352960c76f188638') in 0.005214 seconds
Number of updated asset objects reloaded before import = 0
Number of asset objects unloaded after import = 3
========================================================================
Received Import Request.
  Time since last request: 0.000014 seconds.
  path: Assets/Tiles/Mossy - FloatingPlatforms_714.asset
  artifactKey: Guid(54c6eadfe7dfa3145bb5c675955b8ec8) Importer(2089858483,0ecaa5967403d082aa24f35e1b516d23)
Start importing Assets/Tiles/Mossy - FloatingPlatforms_714.asset using Guid(54c6eadfe7dfa3145bb5c675955b8ec8) Importer(2089858483,0ecaa5967403d082aa24f35e1b516d23) [PhysX] Initialized MultithreadedTaskDispatcher with 24 workers.
 -> (artifact id: 'e487b3f335c702e087582da4d7b6580e') in 0.005247 seconds
Number of updated asset objects reloaded before import = 0
Number of asset objects unloaded after import = 3
========================================================================
Received Import Request.
  Time since last request: 0.000013 seconds.
  path: Assets/Tiles/Mossy - FloatingPlatforms_708.asset
  artifactKey: Guid(24c30b4d4e5fe6e41bb26e57beccad77) Importer(2089858483,0ecaa5967403d082aa24f35e1b516d23)
Start importing Assets/Tiles/Mossy - FloatingPlatforms_708.asset using Guid(24c30b4d4e5fe6e41bb26e57beccad77) Importer(2089858483,0ecaa5967403d082aa24f35e1b516d23) [PhysX] Initialized MultithreadedTaskDispatcher with 24 workers.
 -> (artifact id: 'ec6d71de5a903854e690ddc449f6cdea') in 0.004647 seconds
Number of updated asset objects reloaded before import = 0
Number of asset objects unloaded after import = 3
========================================================================
Received Import Request.
  Time since last request: 0.000019 seconds.
  path: Assets/Tiles/Mossy - FloatingPlatforms_724.asset
  artifactKey: Guid(d2dd1c5f9166f3546aebae3fd0e5868f) Importer(2089858483,0ecaa5967403d082aa24f35e1b516d23)
Start importing Assets/Tiles/Mossy - FloatingPlatforms_724.asset using Guid(d2dd1c5f9166f3546aebae3fd0e5868f) Importer(2089858483,0ecaa5967403d082aa24f35e1b516d23) [PhysX] Initialized MultithreadedTaskDispatcher with 24 workers.
 -> (artifact id: 'cd81f32ecad66b2aa984bf18640621ff') in 0.005436 seconds
Number of updated asset objects reloaded before import = 0
Number of asset objects unloaded after import = 3
========================================================================
Received Import Request.
  Time since last request: 0.000015 seconds.
  path: Assets/Tiles/Mossy - FloatingPlatforms_813.asset
  artifactKey: Guid(72274d0c704676143bf6e853a30a2764) Importer(2089858483,0ecaa5967403d082aa24f35e1b516d23)
Start importing Assets/Tiles/Mossy - FloatingPlatforms_813.asset using Guid(72274d0c704676143bf6e853a30a2764) Importer(2089858483,0ecaa5967403d082aa24f35e1b516d23) [PhysX] Initialized MultithreadedTaskDispatcher with 24 workers.
 -> (artifact id: '4d1c4911ac476cf3baa356dfe664b038') in 0.004470 seconds
Number of updated asset objects reloaded before import = 0
Number of asset objects unloaded after import = 3
========================================================================
Received Import Request.
  Time since last request: 0.000014 seconds.
  path: Assets/Tiles/Mossy - FloatingPlatforms_633.asset
  artifactKey: Guid(006089e345d76b14685d13c72528daff) Importer(2089858483,0ecaa5967403d082aa24f35e1b516d23)
Start importing Assets/Tiles/Mossy - FloatingPlatforms_633.asset using Guid(006089e345d76b14685d13c72528daff) Importer(2089858483,0ecaa5967403d082aa24f35e1b516d23) [PhysX] Initialized MultithreadedTaskDispatcher with 24 workers.
 -> (artifact id: '8560677cb5781e68760c512838b6403e') in 0.004605 seconds
Number of updated asset objects reloaded before import = 0
Number of asset objects unloaded after import = 3
========================================================================
Received Import Request.
  Time since last request: 0.000019 seconds.
  path: Assets/Tiles/Mossy - FloatingPlatforms_79.asset
  artifactKey: Guid(684323371293843479ae352f8fafd744) Importer(2089858483,0ecaa5967403d082aa24f35e1b516d23)
Start importing Assets/Tiles/Mossy - FloatingPlatforms_79.asset using Guid(684323371293843479ae352f8fafd744) Importer(2089858483,0ecaa5967403d082aa24f35e1b516d23) [PhysX] Initialized MultithreadedTaskDispatcher with 24 workers.
 -> (artifact id: 'd61506421c22841dde4b6da5aabf6443') in 0.005290 seconds
Number of updated asset objects reloaded before import = 0
Number of asset objects unloaded after import = 3
========================================================================
Received Import Request.
  Time since last request: 0.000013 seconds.
  path: Assets/Tiles/Mossy - FloatingPlatforms_740.asset
  artifactKey: Guid(4bff22033b2103a4483a50f96417dc04) Importer(2089858483,0ecaa5967403d082aa24f35e1b516d23)
Start importing Assets/Tiles/Mossy - FloatingPlatforms_740.asset using Guid(4bff22033b2103a4483a50f96417dc04) Importer(2089858483,0ecaa5967403d082aa24f35e1b516d23) [PhysX] Initialized MultithreadedTaskDispatcher with 24 workers.
 -> (artifact id: 'fc624eacbbeae3deb757ffab695530a0') in 0.004124 seconds
Number of updated asset objects reloaded before import = 0
Number of asset objects unloaded after import = 3
========================================================================
Received Import Request.
  Time since last request: 0.000012 seconds.
  path: Assets/Tiles/Mossy - FloatingPlatforms_774.asset
  artifactKey: Guid(48b37e22b34cbef44a1bca9d7070c6ff) Importer(2089858483,0ecaa5967403d082aa24f35e1b516d23)
Start importing Assets/Tiles/Mossy - FloatingPlatforms_774.asset using Guid(48b37e22b34cbef44a1bca9d7070c6ff) Importer(2089858483,0ecaa5967403d082aa24f35e1b516d23) [PhysX] Initialized MultithreadedTaskDispatcher with 24 workers.
 -> (artifact id: '19c1327aa0027322f3f5d024928b70fe') in 0.005613 seconds
Number of updated asset objects reloaded before import = 0
Number of asset objects unloaded after import = 3
========================================================================
Received Import Request.
  Time since last request: 0.000013 seconds.
  path: Assets/Tiles/Mossy - FloatingPlatforms_80.asset
  artifactKey: Guid(547a86f7b4429d041813bbb9e3e4e749) Importer(2089858483,0ecaa5967403d082aa24f35e1b516d23)
Start importing Assets/Tiles/Mossy - FloatingPlatforms_80.asset using Guid(547a86f7b4429d041813bbb9e3e4e749) Importer(2089858483,0ecaa5967403d082aa24f35e1b516d23) [PhysX] Initialized MultithreadedTaskDispatcher with 24 workers.
 -> (artifact id: '4743d2dc008997fd00f3ebbe567ade4c') in 0.004227 seconds
Number of updated asset objects reloaded before import = 0
Number of asset objects unloaded after import = 3
========================================================================
Received Import Request.
  Time since last request: 0.000019 seconds.
  path: Assets/Tiles/Mossy - FloatingPlatforms_800.asset
  artifactKey: Guid(165b524020622044ea911da73bd0fa18) Importer(2089858483,0ecaa5967403d082aa24f35e1b516d23)
Start importing Assets/Tiles/Mossy - FloatingPlatforms_800.asset using Guid(165b524020622044ea911da73bd0fa18) Importer(2089858483,0ecaa5967403d082aa24f35e1b516d23) [PhysX] Initialized MultithreadedTaskDispatcher with 24 workers.
 -> (artifact id: 'a83a6ce99c73d9bcad4b9d96a9d9a742') in 0.004947 seconds
Number of updated asset objects reloaded before import = 0
Number of asset objects unloaded after import = 3
========================================================================
Received Import Request.
  Time since last request: 0.000016 seconds.
  path: Assets/Tiles/Mossy - FloatingPlatforms_799.asset
  artifactKey: Guid(1253ead1a914c754cbe099d74030b2a8) Importer(2089858483,0ecaa5967403d082aa24f35e1b516d23)
Start importing Assets/Tiles/Mossy - FloatingPlatforms_799.asset using Guid(1253ead1a914c754cbe099d74030b2a8) Importer(2089858483,0ecaa5967403d082aa24f35e1b516d23) [PhysX] Initialized MultithreadedTaskDispatcher with 24 workers.
 -> (artifact id: 'd6091178f0bb98cbe9373b4cdfc37392') in 0.005127 seconds
Number of updated asset objects reloaded before import = 0
Number of asset objects unloaded after import = 3
========================================================================
Received Import Request.
  Time since last request: 0.000017 seconds.
  path: Assets/Tiles/Mossy - FloatingPlatforms_679.asset
  artifactKey: Guid(2ecb52e0faae6d44f9562c695bf6a773) Importer(2089858483,0ecaa5967403d082aa24f35e1b516d23)
Start importing Assets/Tiles/Mossy - FloatingPlatforms_679.asset using Guid(2ecb52e0faae6d44f9562c695bf6a773) Importer(2089858483,0ecaa5967403d082aa24f35e1b516d23) [PhysX] Initialized MultithreadedTaskDispatcher with 24 workers.
 -> (artifact id: 'ff401df5517c00a49c45e62b6a0834fe') in 0.004445 seconds
Number of updated asset objects reloaded before import = 0
Number of asset objects unloaded after import = 3
========================================================================
Received Import Request.
  Time since last request: 0.000012 seconds.
  path: Assets/Tiles/Mossy - FloatingPlatforms_734.asset
  artifactKey: Guid(76a09dee4a331264cac3cb98fbd1001a) Importer(2089858483,0ecaa5967403d082aa24f35e1b516d23)
Start importing Assets/Tiles/Mossy - FloatingPlatforms_734.asset using Guid(76a09dee4a331264cac3cb98fbd1001a) Importer(2089858483,0ecaa5967403d082aa24f35e1b516d23) [PhysX] Initialized MultithreadedTaskDispatcher with 24 workers.
 -> (artifact id: 'f306412a57e418a7fd46569f29749ee1') in 0.005145 seconds
Number of updated asset objects reloaded before import = 0
Number of asset objects unloaded after import = 3
========================================================================
Received Import Request.
  Time since last request: 0.000014 seconds.
  path: Assets/Tiles/Mossy - FloatingPlatforms_785.asset
  artifactKey: Guid(ad0bd012dc7d6d944ab8181e3996ded6) Importer(2089858483,0ecaa5967403d082aa24f35e1b516d23)
Start importing Assets/Tiles/Mossy - FloatingPlatforms_785.asset using Guid(ad0bd012dc7d6d944ab8181e3996ded6) Importer(2089858483,0ecaa5967403d082aa24f35e1b516d23) [PhysX] Initialized MultithreadedTaskDispatcher with 24 workers.
 -> (artifact id: '4109d73fc012ef864727348a7b92832a') in 0.005463 seconds
Number of updated asset objects reloaded before import = 0
Number of asset objects unloaded after import = 3
========================================================================
Received Import Request.
  Time since last request: 0.000013 seconds.
  path: Assets/Tiles/Mossy - FloatingPlatforms_692.asset
  artifactKey: Guid(4e9593dabf225d6458782b6befaa9312) Importer(2089858483,0ecaa5967403d082aa24f35e1b516d23)
Start importing Assets/Tiles/Mossy - FloatingPlatforms_692.asset using Guid(4e9593dabf225d6458782b6befaa9312) Importer(2089858483,0ecaa5967403d082aa24f35e1b516d23) [PhysX] Initialized MultithreadedTaskDispatcher with 24 workers.
 -> (artifact id: 'b9b3a828c95a960c4252e30f4da9e5ba') in 0.004357 seconds
Number of updated asset objects reloaded before import = 0
Number of asset objects unloaded after import = 3
========================================================================
Received Import Request.
  Time since last request: 0.000011 seconds.
  path: Assets/Tiles/Mossy - FloatingPlatforms_66.asset
  artifactKey: Guid(c9821fd1bd638d342a7f9d8d89f5dd00) Importer(2089858483,0ecaa5967403d082aa24f35e1b516d23)
Start importing Assets/Tiles/Mossy - FloatingPlatforms_66.asset using Guid(c9821fd1bd638d342a7f9d8d89f5dd00) Importer(2089858483,0ecaa5967403d082aa24f35e1b516d23) [PhysX] Initialized MultithreadedTaskDispatcher with 24 workers.
 -> (artifact id: '2dbaea988211616f088bf182942338d1') in 0.004129 seconds
Number of updated asset objects reloaded before import = 0
Number of asset objects unloaded after import = 3
========================================================================
Received Import Request.
  Time since last request: 0.000013 seconds.
  path: Assets/Tiles/Mossy - FloatingPlatforms_706.asset
  artifactKey: Guid(d8a312fc4e385034fa880263313ac573) Importer(2089858483,0ecaa5967403d082aa24f35e1b516d23)
Start importing Assets/Tiles/Mossy - FloatingPlatforms_706.asset using Guid(d8a312fc4e385034fa880263313ac573) Importer(2089858483,0ecaa5967403d082aa24f35e1b516d23) [PhysX] Initialized MultithreadedTaskDispatcher with 24 workers.
 -> (artifact id: '2a5505850d9d72f04580a39a87be6bcd') in 0.005720 seconds
Number of updated asset objects reloaded before import = 0
Number of asset objects unloaded after import = 3
========================================================================
Received Import Request.
  Time since last request: 0.000014 seconds.
  path: Assets/Tiles/Mossy - FloatingPlatforms_659.asset
  artifactKey: Guid(189e011e95ed48148bb5bacd48b0cdc7) Importer(2089858483,0ecaa5967403d082aa24f35e1b516d23)
Start importing Assets/Tiles/Mossy - FloatingPlatforms_659.asset using Guid(189e011e95ed48148bb5bacd48b0cdc7) Importer(2089858483,0ecaa5967403d082aa24f35e1b516d23) [PhysX] Initialized MultithreadedTaskDispatcher with 24 workers.
 -> (artifact id: '8a1d6f103e81a1e876e4f220db5a9243') in 0.004595 seconds
Number of updated asset objects reloaded before import = 0
Number of asset objects unloaded after import = 3
========================================================================
Received Import Request.
  Time since last request: 0.000014 seconds.
  path: Assets/Tiles/Mossy - FloatingPlatforms_772.asset
  artifactKey: Guid(42a59b48efb9c7545a09dd3e7450f231) Importer(2089858483,0ecaa5967403d082aa24f35e1b516d23)
Start importing Assets/Tiles/Mossy - FloatingPlatforms_772.asset using Guid(42a59b48efb9c7545a09dd3e7450f231) Importer(2089858483,0ecaa5967403d082aa24f35e1b516d23) [PhysX] Initialized MultithreadedTaskDispatcher with 24 workers.
 -> (artifact id: '953e0237cc229f7e208569c2b5e8d650') in 0.005347 seconds
Number of updated asset objects reloaded before import = 0
Number of asset objects unloaded after import = 3
========================================================================
Received Import Request.
  Time since last request: 0.000013 seconds.
  path: Assets/Tiles/Mossy - FloatingPlatforms_816.asset
  artifactKey: Guid(9b0a982336662a14ba01fb14a632da38) Importer(2089858483,0ecaa5967403d082aa24f35e1b516d23)
Start importing Assets/Tiles/Mossy - FloatingPlatforms_816.asset using Guid(9b0a982336662a14ba01fb14a632da38) Importer(2089858483,0ecaa5967403d082aa24f35e1b516d23) [PhysX] Initialized MultithreadedTaskDispatcher with 24 workers.
 -> (artifact id: '407299635972b993d538278e7903a05f') in 0.004115 seconds
Number of updated asset objects reloaded before import = 0
Number of asset objects unloaded after import = 3
========================================================================
Received Import Request.
  Time since last request: 0.000013 seconds.
  path: Assets/Tiles/Mossy - FloatingPlatforms_678.asset
  artifactKey: Guid(c8df48529d63b4844bdde4bd7d10038a) Importer(2089858483,0ecaa5967403d082aa24f35e1b516d23)
Start importing Assets/Tiles/Mossy - FloatingPlatforms_678.asset using Guid(c8df48529d63b4844bdde4bd7d10038a) Importer(2089858483,0ecaa5967403d082aa24f35e1b516d23) [PhysX] Initialized MultithreadedTaskDispatcher with 24 workers.
 -> (artifact id: 'ed62eb47f8a06e8f4b5d9d785ee5c12e') in 0.005074 seconds
Number of updated asset objects reloaded before import = 0
Number of asset objects unloaded after import = 3
========================================================================
Received Import Request.
  Time since last request: 1.926899 seconds.
  path: Assets/Tiles/Mossy - FloatingPlatforms_829.asset
  artifactKey: Guid(541cbcadd24a1b046b9c534a17985bff) Importer(2089858483,0ecaa5967403d082aa24f35e1b516d23)
Start importing Assets/Tiles/Mossy - FloatingPlatforms_829.asset using Guid(541cbcadd24a1b046b9c534a17985bff) Importer(2089858483,0ecaa5967403d082aa24f35e1b516d23) [PhysX] Initialized MultithreadedTaskDispatcher with 24 workers.
 -> (artifact id: '7438d709d4b81511358db8a13bcba5c2') in 0.008704 seconds
Number of updated asset objects reloaded before import = 0
Number of asset objects unloaded after import = 3
========================================================================
Received Import Request.
  Time since last request: 0.000011 seconds.
  path: Assets/Tiles/Mossy - FloatingPlatforms_97.asset
  artifactKey: Guid(91275f5a3086479468a8a6aa43217f06) Importer(2089858483,0ecaa5967403d082aa24f35e1b516d23)
Start importing Assets/Tiles/Mossy - FloatingPlatforms_97.asset using Guid(91275f5a3086479468a8a6aa43217f06) Importer(2089858483,0ecaa5967403d082aa24f35e1b516d23) [PhysX] Initialized MultithreadedTaskDispatcher with 24 workers.
 -> (artifact id: '079118530b96cfa5bd63243047e48a40') in 0.006221 seconds
Number of updated asset objects reloaded before import = 0
Number of asset objects unloaded after import = 3
========================================================================
Received Import Request.
  Time since last request: 0.000012 seconds.
  path: Assets/Tiles/Mossy - FloatingPlatforms_844.asset
  artifactKey: Guid(bceed7f66049c23439d4e793aa4c5e06) Importer(2089858483,0ecaa5967403d082aa24f35e1b516d23)
Start importing Assets/Tiles/Mossy - FloatingPlatforms_844.asset using Guid(bceed7f66049c23439d4e793aa4c5e06) Importer(2089858483,0ecaa5967403d082aa24f35e1b516d23) [PhysX] Initialized MultithreadedTaskDispatcher with 24 workers.
 -> (artifact id: '650e9abf34514fa2c1b3a22a79d6179d') in 0.005114 seconds
Number of updated asset objects reloaded before import = 0
Number of asset objects unloaded after import = 3
========================================================================
Received Import Request.
  Time since last request: 0.000013 seconds.
  path: Assets/Tiles/tileset_163.asset
  artifactKey: Guid(40555a2a16d95824281b278d6a390301) Importer(2089858483,0ecaa5967403d082aa24f35e1b516d23)
Start importing Assets/Tiles/tileset_163.asset using Guid(40555a2a16d95824281b278d6a390301) Importer(2089858483,0ecaa5967403d082aa24f35e1b516d23) [PhysX] Initialized MultithreadedTaskDispatcher with 24 workers.
 -> (artifact id: '032690316fe4fd1d23db7537425efab4') in 0.006340 seconds
Number of updated asset objects reloaded before import = 0
Number of asset objects unloaded after import = 3
========================================================================
Received Import Request.
  Time since last request: 0.000014 seconds.
  path: Assets/Tiles/tileset_351.asset
  artifactKey: Guid(21246ffce6b395746a01c304cb1842c5) Importer(2089858483,0ecaa5967403d082aa24f35e1b516d23)
Start importing Assets/Tiles/tileset_351.asset using Guid(21246ffce6b395746a01c304cb1842c5) Importer(2089858483,0ecaa5967403d082aa24f35e1b516d23) [PhysX] Initialized MultithreadedTaskDispatcher with 24 workers.
 -> (artifact id: '43f3baa091285548e9e85c74dbac4b3f') in 0.004313 seconds
Number of updated asset objects reloaded before import = 0
Number of asset objects unloaded after import = 3
========================================================================
Received Import Request.
  Time since last request: 0.000012 seconds.
  path: Assets/Tiles/tileset_249.asset
  artifactKey: Guid(86bdefc33cb839e47a029bfb38bc238a) Importer(2089858483,0ecaa5967403d082aa24f35e1b516d23)
Start importing Assets/Tiles/tileset_249.asset using Guid(86bdefc33cb839e47a029bfb38bc238a) Importer(2089858483,0ecaa5967403d082aa24f35e1b516d23) [PhysX] Initialized MultithreadedTaskDispatcher with 24 workers.
 -> (artifact id: '1fea5921f0342c63d7cee25d88af5804') in 0.004380 seconds
Number of updated asset objects reloaded before import = 0
Number of asset objects unloaded after import = 3
========================================================================
Received Import Request.
  Time since last request: 0.000015 seconds.
  path: Assets/Tiles/tileset_194.asset
  artifactKey: Guid(b4723b5076b8b9a49a06eec9a2a536c9) Importer(2089858483,0ecaa5967403d082aa24f35e1b516d23)
Start importing Assets/Tiles/tileset_194.asset using Guid(b4723b5076b8b9a49a06eec9a2a536c9) Importer(2089858483,0ecaa5967403d082aa24f35e1b516d23) [PhysX] Initialized MultithreadedTaskDispatcher with 24 workers.
 -> (artifact id: 'f73e1807af0202238d3404037fc787ac') in 0.004016 seconds
Number of updated asset objects reloaded before import = 0
Number of asset objects unloaded after import = 3
========================================================================
Received Import Request.
  Time since last request: 0.000024 seconds.
  path: Assets/Tiles/Mossy - FloatingPlatforms_845.asset
  artifactKey: Guid(78797338ca31c834596691133d6dd39f) Importer(2089858483,0ecaa5967403d082aa24f35e1b516d23)
Start importing Assets/Tiles/Mossy - FloatingPlatforms_845.asset using Guid(78797338ca31c834596691133d6dd39f) Importer(2089858483,0ecaa5967403d082aa24f35e1b516d23) [PhysX] Initialized MultithreadedTaskDispatcher with 24 workers.
 -> (artifact id: '0ba61ac4e8e715818a2eff870c7d5f3d') in 0.006842 seconds
Number of updated asset objects reloaded before import = 0
Number of asset objects unloaded after import = 3
========================================================================
Received Import Request.
  Time since last request: 0.000017 seconds.
  path: Assets/Tiles/tileset_11.asset
  artifactKey: Guid(952409c6b4871394f9f263612a6d4e21) Importer(2089858483,0ecaa5967403d082aa24f35e1b516d23)
Start importing Assets/Tiles/tileset_11.asset using Guid(952409c6b4871394f9f263612a6d4e21) Importer(2089858483,0ecaa5967403d082aa24f35e1b516d23) [PhysX] Initialized MultithreadedTaskDispatcher with 24 workers.
 -> (artifact id: '0769c095acc8cc8e25250652cb9361be') in 0.004211 seconds
Number of updated asset objects reloaded before import = 0
Number of asset objects unloaded after import = 3
========================================================================
Received Import Request.
  Time since last request: 0.000014 seconds.
  path: Assets/Tiles/tileset_338.asset
  artifactKey: Guid(ec9d7efb2a6078e44ba700acfb062559) Importer(2089858483,0ecaa5967403d082aa24f35e1b516d23)
Start importing Assets/Tiles/tileset_338.asset using Guid(ec9d7efb2a6078e44ba700acfb062559) Importer(2089858483,0ecaa5967403d082aa24f35e1b516d23) [PhysX] Initialized MultithreadedTaskDispatcher with 24 workers.
 -> (artifact id: '3909caa2cc57ca8f2f30b75223ec55a9') in 0.004117 seconds
Number of updated asset objects reloaded before import = 0
Number of asset objects unloaded after import = 3
========================================================================
Received Import Request.
  Time since last request: 0.000014 seconds.
  path: Assets/Tiles/tileset_264.asset
  artifactKey: Guid(9f0ebc97bb364c143933cb6e55c36ba6) Importer(2089858483,0ecaa5967403d082aa24f35e1b516d23)
Start importing Assets/Tiles/tileset_264.asset using Guid(9f0ebc97bb364c143933cb6e55c36ba6) Importer(2089858483,0ecaa5967403d082aa24f35e1b516d23) [PhysX] Initialized MultithreadedTaskDispatcher with 24 workers.
 -> (artifact id: 'd77398cd2c94de5554617809cfbf7f82') in 0.006353 seconds
Number of updated asset objects reloaded before import = 0
Number of asset objects unloaded after import = 3
========================================================================
Received Import Request.
  Time since last request: 0.000013 seconds.
  path: Assets/Tiles/Mossy - FloatingPlatforms_95.asset
  artifactKey: Guid(738334843a228044ab116a1125493697) Importer(2089858483,0ecaa5967403d082aa24f35e1b516d23)
Start importing Assets/Tiles/Mossy - FloatingPlatforms_95.asset using Guid(738334843a228044ab116a1125493697) Importer(2089858483,0ecaa5967403d082aa24f35e1b516d23) [PhysX] Initialized MultithreadedTaskDispatcher with 24 workers.
 -> (artifact id: 'd120ae402e62f3e9d96d07fd1c14aa11') in 0.004686 seconds
Number of updated asset objects reloaded before import = 0
Number of asset objects unloaded after import = 3
========================================================================
Received Import Request.
  Time since last request: 0.000016 seconds.
  path: Assets/Tiles/tileset_275.asset
  artifactKey: Guid(3d51196ad9ed6af44a978b6efcf6248b) Importer(2089858483,0ecaa5967403d082aa24f35e1b516d23)
Start importing Assets/Tiles/tileset_275.asset using Guid(3d51196ad9ed6af44a978b6efcf6248b) Importer(2089858483,0ecaa5967403d082aa24f35e1b516d23) [PhysX] Initialized MultithreadedTaskDispatcher with 24 workers.
 -> (artifact id: '27223e26a7c601e919fb828e101165a5') in 0.004439 seconds
Number of updated asset objects reloaded before import = 0
Number of asset objects unloaded after import = 3
========================================================================
Received Import Request.
  Time since last request: 0.000011 seconds.
  path: Assets/Tiles/tileset_270.asset
  artifactKey: Guid(f69300daaf66e1041a0eabc389980530) Importer(2089858483,0ecaa5967403d082aa24f35e1b516d23)
Start importing Assets/Tiles/tileset_270.asset using Guid(f69300daaf66e1041a0eabc389980530) Importer(2089858483,0ecaa5967403d082aa24f35e1b516d23) [PhysX] Initialized MultithreadedTaskDispatcher with 24 workers.
 -> (artifact id: '97bce19bd21264b9d735406cb345dc67') in 0.004777 seconds
Number of updated asset objects reloaded before import = 0
Number of asset objects unloaded after import = 3
========================================================================
Received Import Request.
  Time since last request: 0.000013 seconds.
  path: Assets/Tiles/tileset_322.asset
  artifactKey: Guid(58c12262ca8877044924f99aa837d51b) Importer(2089858483,0ecaa5967403d082aa24f35e1b516d23)
Start importing Assets/Tiles/tileset_322.asset using Guid(58c12262ca8877044924f99aa837d51b) Importer(2089858483,0ecaa5967403d082aa24f35e1b516d23) [PhysX] Initialized MultithreadedTaskDispatcher with 24 workers.
 -> (artifact id: '422a72363acc3350b7bd580f720d507a') in 0.005086 seconds
Number of updated asset objects reloaded before import = 0
Number of asset objects unloaded after import = 3
========================================================================
Received Import Request.
  Time since last request: 0.000017 seconds.
  path: Assets/Tiles/tileset_340.asset
  artifactKey: Guid(947cd66f8d1503f4ebc836975f5ac0ab) Importer(2089858483,0ecaa5967403d082aa24f35e1b516d23)
Start importing Assets/Tiles/tileset_340.asset using Guid(947cd66f8d1503f4ebc836975f5ac0ab) Importer(2089858483,0ecaa5967403d082aa24f35e1b516d23) [PhysX] Initialized MultithreadedTaskDispatcher with 24 workers.
 -> (artifact id: '731834ad97be732211ba9db61738fbca') in 0.004458 seconds
Number of updated asset objects reloaded before import = 0
Number of asset objects unloaded after import = 3
========================================================================
Received Import Request.
  Time since last request: 0.000014 seconds.
  path: Assets/Tiles/tileset_172.asset
  artifactKey: Guid(45aa5d178a48a934a84490584757848d) Importer(2089858483,0ecaa5967403d082aa24f35e1b516d23)
Start importing Assets/Tiles/tileset_172.asset using Guid(45aa5d178a48a934a84490584757848d) Importer(2089858483,0ecaa5967403d082aa24f35e1b516d23) [PhysX] Initialized MultithreadedTaskDispatcher with 24 workers.
 -> (artifact id: '82e08f40d92fbfafaee46b3d42a941a9') in 0.004865 seconds
Number of updated asset objects reloaded before import = 0
Number of asset objects unloaded after import = 3
========================================================================
Received Import Request.
  Time since last request: 0.000021 seconds.
  path: Assets/Tiles/tileset_158.asset
  artifactKey: Guid(b207f8561533b724bbe812624fa9460e) Importer(2089858483,0ecaa5967403d082aa24f35e1b516d23)
Start importing Assets/Tiles/tileset_158.asset using Guid(b207f8561533b724bbe812624fa9460e) Importer(2089858483,0ecaa5967403d082aa24f35e1b516d23) [PhysX] Initialized MultithreadedTaskDispatcher with 24 workers.
 -> (artifact id: '8e38c30266c2993093b9741e11b744fe') in 0.006705 seconds
Number of updated asset objects reloaded before import = 0
Number of asset objects unloaded after import = 3
========================================================================
Received Import Request.
  Time since last request: 0.000020 seconds.
  path: Assets/Tiles/tileset_124.asset
  artifactKey: Guid(70ee5b6032be983478b31f661c0da4c2) Importer(2089858483,0ecaa5967403d082aa24f35e1b516d23)
Start importing Assets/Tiles/tileset_124.asset using Guid(70ee5b6032be983478b31f661c0da4c2) Importer(2089858483,0ecaa5967403d082aa24f35e1b516d23) [PhysX] Initialized MultithreadedTaskDispatcher with 24 workers.
 -> (artifact id: '6a5d1ec071bedbf0810862a66fde486b') in 0.004823 seconds
Number of updated asset objects reloaded before import = 0
Number of asset objects unloaded after import = 3
========================================================================
Received Import Request.
  Time since last request: 0.000014 seconds.
  path: Assets/Tiles/tileset_253.asset
  artifactKey: Guid(b34fd2df8ade46345981a0bf18803880) Importer(2089858483,0ecaa5967403d082aa24f35e1b516d23)
Start importing Assets/Tiles/tileset_253.asset using Guid(b34fd2df8ade46345981a0bf18803880) Importer(2089858483,0ecaa5967403d082aa24f35e1b516d23) [PhysX] Initialized MultithreadedTaskDispatcher with 24 workers.
 -> (artifact id: '12e3f98a13c609fe1a22705cc72b1d9c') in 0.004596 seconds
Number of updated asset objects reloaded before import = 0
Number of asset objects unloaded after import = 3
========================================================================
Received Import Request.
  Time since last request: 0.000014 seconds.
  path: Assets/Tiles/tileset_288.asset
  artifactKey: Guid(1ffac99f6fed7ba42b6230fa015c6473) Importer(2089858483,0ecaa5967403d082aa24f35e1b516d23)
Start importing Assets/Tiles/tileset_288.asset using Guid(1ffac99f6fed7ba42b6230fa015c6473) Importer(2089858483,0ecaa5967403d082aa24f35e1b516d23) [PhysX] Initialized MultithreadedTaskDispatcher with 24 workers.
 -> (artifact id: 'ba0557e4ea58cf946c305c7641bea227') in 0.004418 seconds
Number of updated asset objects reloaded before import = 0
Number of asset objects unloaded after import = 3
========================================================================
Received Import Request.
  Time since last request: 0.000013 seconds.
  path: Assets/Tiles/tileset_117.asset
  artifactKey: Guid(8c802ad7b31b58042b06ac810e05a0ac) Importer(2089858483,0ecaa5967403d082aa24f35e1b516d23)
Start importing Assets/Tiles/tileset_117.asset using Guid(8c802ad7b31b58042b06ac810e05a0ac) Importer(2089858483,0ecaa5967403d082aa24f35e1b516d23) [PhysX] Initialized MultithreadedTaskDispatcher with 24 workers.
 -> (artifact id: '63d7bacdb113f24217810067a3f9fcce') in 0.005192 seconds
Number of updated asset objects reloaded before import = 0
Number of asset objects unloaded after import = 3
========================================================================
Received Import Request.
  Time since last request: 0.000014 seconds.
  path: Assets/Tiles/tileset_112.asset
  artifactKey: Guid(a143c8af1f3573c48ae0a00b61d24526) Importer(2089858483,0ecaa5967403d082aa24f35e1b516d23)
Start importing Assets/Tiles/tileset_112.asset using Guid(a143c8af1f3573c48ae0a00b61d24526) Importer(2089858483,0ecaa5967403d082aa24f35e1b516d23) [PhysX] Initialized MultithreadedTaskDispatcher with 24 workers.
 -> (artifact id: 'd64d9a81ba5e2312e3793cb96e2705ec') in 0.004770 seconds
Number of updated asset objects reloaded before import = 0
Number of asset objects unloaded after import = 3
========================================================================
Received Import Request.
  Time since last request: 0.000015 seconds.
  path: Assets/Tiles/tileset_193.asset
  artifactKey: Guid(f4b53846f12fb83429fd535d94d74be6) Importer(2089858483,0ecaa5967403d082aa24f35e1b516d23)
Start importing Assets/Tiles/tileset_193.asset using Guid(f4b53846f12fb83429fd535d94d74be6) Importer(2089858483,0ecaa5967403d082aa24f35e1b516d23) [PhysX] Initialized MultithreadedTaskDispatcher with 24 workers.
 -> (artifact id: '8b21886e89a138f9f1f8b0c4ade6115b') in 0.004888 seconds
Number of updated asset objects reloaded before import = 0
Number of asset objects unloaded after import = 3
========================================================================
Received Import Request.
  Time since last request: 0.000012 seconds.
  path: Assets/Tiles/tileset_318.asset
  artifactKey: Guid(239cf385aee78164e955a49941e59a79) Importer(2089858483,0ecaa5967403d082aa24f35e1b516d23)
Start importing Assets/Tiles/tileset_318.asset using Guid(239cf385aee78164e955a49941e59a79) Importer(2089858483,0ecaa5967403d082aa24f35e1b516d23) [PhysX] Initialized MultithreadedTaskDispatcher with 24 workers.
 -> (artifact id: '145e4749cc0472ba305361aed4c21488') in 0.004166 seconds
Number of updated asset objects reloaded before import = 0
Number of asset objects unloaded after import = 3
========================================================================
Received Import Request.
  Time since last request: 0.000013 seconds.
  path: Assets/Tiles/tileset_287.asset
  artifactKey: Guid(bde126246fff7034d84ed80a0505e46f) Importer(2089858483,0ecaa5967403d082aa24f35e1b516d23)
Start importing Assets/Tiles/tileset_287.asset using Guid(bde126246fff7034d84ed80a0505e46f) Importer(2089858483,0ecaa5967403d082aa24f35e1b516d23) [PhysX] Initialized MultithreadedTaskDispatcher with 24 workers.
 -> (artifact id: '2817f9ac3ffcdd44d2fa3f78ffd69a2b') in 0.006443 seconds
Number of updated asset objects reloaded before import = 0
Number of asset objects unloaded after import = 3
========================================================================
Received Import Request.
  Time since last request: 0.000015 seconds.
  path: Assets/Tiles/tileset_105.asset
  artifactKey: Guid(9548bec7654c3c542bd44258841c473f) Importer(2089858483,0ecaa5967403d082aa24f35e1b516d23)
Start importing Assets/Tiles/tileset_105.asset using Guid(9548bec7654c3c542bd44258841c473f) Importer(2089858483,0ecaa5967403d082aa24f35e1b516d23) [PhysX] Initialized MultithreadedTaskDispatcher with 24 workers.
 -> (artifact id: '305ed38004ac140458351c352b03283f') in 0.004474 seconds
Number of updated asset objects reloaded before import = 0
Number of asset objects unloaded after import = 3
========================================================================
Received Import Request.
  Time since last request: 0.000014 seconds.
  path: Assets/Tiles/tileset_143.asset
  artifactKey: Guid(7d43505f071c23d4baefcc9b7bec7fd2) Importer(2089858483,0ecaa5967403d082aa24f35e1b516d23)
Start importing Assets/Tiles/tileset_143.asset using Guid(7d43505f071c23d4baefcc9b7bec7fd2) Importer(2089858483,0ecaa5967403d082aa24f35e1b516d23) [PhysX] Initialized MultithreadedTaskDispatcher with 24 workers.
 -> (artifact id: '2b275349a47a12e67e97545292d643e5') in 0.005087 seconds
Number of updated asset objects reloaded before import = 0
Number of asset objects unloaded after import = 3
========================================================================
Received Import Request.
  Time since last request: 0.000015 seconds.
  path: Assets/Tiles/tileset_12.asset
  artifactKey: Guid(b8a86ee33db90d94a98cf7e01aae3808) Importer(2089858483,0ecaa5967403d082aa24f35e1b516d23)
Start importing Assets/Tiles/tileset_12.asset using Guid(b8a86ee33db90d94a98cf7e01aae3808) Importer(2089858483,0ecaa5967403d082aa24f35e1b516d23) [PhysX] Initialized MultithreadedTaskDispatcher with 24 workers.
 -> (artifact id: '14e7958180815372aeb8b5bb21f9d2b2') in 0.004487 seconds
Number of updated asset objects reloaded before import = 0
Number of asset objects unloaded after import = 3
========================================================================
Received Import Request.
  Time since last request: 0.000013 seconds.
  path: Assets/Tiles/Mossy - FloatingPlatforms_93.asset
  artifactKey: Guid(f615877cdc9a1354ea47a9c2a6176f5c) Importer(2089858483,0ecaa5967403d082aa24f35e1b516d23)
Start importing Assets/Tiles/Mossy - FloatingPlatforms_93.asset using Guid(f615877cdc9a1354ea47a9c2a6176f5c) Importer(2089858483,0ecaa5967403d082aa24f35e1b516d23) [PhysX] Initialized MultithreadedTaskDispatcher with 24 workers.
 -> (artifact id: '0e3ed9a429dfd4bfeee2d87dea792b0a') in 0.005178 seconds
Number of updated asset objects reloaded before import = 0
Number of asset objects unloaded after import = 3
========================================================================
Received Import Request.
  Time since last request: 0.000013 seconds.
  path: Assets/Tiles/tileset_175.asset
  artifactKey: Guid(785e93fc3c227414abd94d9ca6273ed3) Importer(2089858483,0ecaa5967403d082aa24f35e1b516d23)
Start importing Assets/Tiles/tileset_175.asset using Guid(785e93fc3c227414abd94d9ca6273ed3) Importer(2089858483,0ecaa5967403d082aa24f35e1b516d23) [PhysX] Initialized MultithreadedTaskDispatcher with 24 workers.
 -> (artifact id: '9bf2a210e37f5036184a5c8833317557') in 0.005241 seconds
Number of updated asset objects reloaded before import = 0
Number of asset objects unloaded after import = 3
========================================================================
Received Import Request.
  Time since last request: 0.000013 seconds.
  path: Assets/Tiles/tileset_20.asset
  artifactKey: Guid(434c562ce5ac0ed44bbb4ec1f4c5d64b) Importer(2089858483,0ecaa5967403d082aa24f35e1b516d23)
Start importing Assets/Tiles/tileset_20.asset using Guid(434c562ce5ac0ed44bbb4ec1f4c5d64b) Importer(2089858483,0ecaa5967403d082aa24f35e1b516d23) [PhysX] Initialized MultithreadedTaskDispatcher with 24 workers.
 -> (artifact id: 'cbc35b081f12c0ba7f717117dee17440') in 0.003798 seconds
Number of updated asset objects reloaded before import = 0
Number of asset objects unloaded after import = 3
========================================================================
Received Import Request.
  Time since last request: 0.000012 seconds.
  path: Assets/Tiles/tileset_21.asset
  artifactKey: Guid(1be8fd23ec7147543830e294baaa3203) Importer(2089858483,0ecaa5967403d082aa24f35e1b516d23)
Start importing Assets/Tiles/tileset_21.asset using Guid(1be8fd23ec7147543830e294baaa3203) Importer(2089858483,0ecaa5967403d082aa24f35e1b516d23) [PhysX] Initialized MultithreadedTaskDispatcher with 24 workers.
 -> (artifact id: 'a20933794d2e2fd31f4f83246bb2fa06') in 0.003913 seconds
Number of updated asset objects reloaded before import = 0
Number of asset objects unloaded after import = 3
========================================================================
Received Import Request.
  Time since last request: 0.000013 seconds.
  path: Assets/Tiles/tileset_150.asset
  artifactKey: Guid(61412bbf9bf9f8b45a01fa97e8912742) Importer(2089858483,0ecaa5967403d082aa24f35e1b516d23)
Start importing Assets/Tiles/tileset_150.asset using Guid(61412bbf9bf9f8b45a01fa97e8912742) Importer(2089858483,0ecaa5967403d082aa24f35e1b516d23) [PhysX] Initialized MultithreadedTaskDispatcher with 24 workers.
 -> (artifact id: 'eeb8eae75288ba9b537d2cb05c28d271') in 0.005032 seconds
Number of updated asset objects reloaded before import = 0
Number of asset objects unloaded after import = 3
========================================================================
Received Import Request.
  Time since last request: 0.000016 seconds.
  path: Assets/Tiles/tileset_106.asset
  artifactKey: Guid(0f78df98267b8e1438f45b1b0b97901b) Importer(2089858483,0ecaa5967403d082aa24f35e1b516d23)
Start importing Assets/Tiles/tileset_106.asset using Guid(0f78df98267b8e1438f45b1b0b97901b) Importer(2089858483,0ecaa5967403d082aa24f35e1b516d23) [PhysX] Initialized MultithreadedTaskDispatcher with 24 workers.
 -> (artifact id: '65f8fd1fba05ca15dddb443e68c1b7aa') in 0.004308 seconds
Number of updated asset objects reloaded before import = 0
Number of asset objects unloaded after import = 3
========================================================================
Received Import Request.
  Time since last request: 0.000011 seconds.
  path: Assets/Tiles/tileset_198.asset
  artifactKey: Guid(f348f45b058e2264aace5748dd4ca8bf) Importer(2089858483,0ecaa5967403d082aa24f35e1b516d23)
Start importing Assets/Tiles/tileset_198.asset using Guid(f348f45b058e2264aace5748dd4ca8bf) Importer(2089858483,0ecaa5967403d082aa24f35e1b516d23) [PhysX] Initialized MultithreadedTaskDispatcher with 24 workers.
 -> (artifact id: 'a0af692ea1aa9bca1373d16864e500f7') in 0.004450 seconds
Number of updated asset objects reloaded before import = 0
Number of asset objects unloaded after import = 3
========================================================================
Received Import Request.
  Time since last request: 0.000016 seconds.
  path: Assets/Tiles/tileset_136.asset
  artifactKey: Guid(5eec1207987cb5146a49579f7f9c8f4f) Importer(2089858483,0ecaa5967403d082aa24f35e1b516d23)
Start importing Assets/Tiles/tileset_136.asset using Guid(5eec1207987cb5146a49579f7f9c8f4f) Importer(2089858483,0ecaa5967403d082aa24f35e1b516d23) [PhysX] Initialized MultithreadedTaskDispatcher with 24 workers.
 -> (artifact id: '4d83bfb399cd506d0c4d187127f05252') in 0.005613 seconds
Number of updated asset objects reloaded before import = 0
Number of asset objects unloaded after import = 3
========================================================================
Received Import Request.
  Time since last request: 0.000014 seconds.
  path: Assets/Tiles/Mossy - FloatingPlatforms_9.asset
  artifactKey: Guid(acf6c9d2698dc684abd6c2616f8c0536) Importer(2089858483,0ecaa5967403d082aa24f35e1b516d23)
Start importing Assets/Tiles/Mossy - FloatingPlatforms_9.asset using Guid(acf6c9d2698dc684abd6c2616f8c0536) Importer(2089858483,0ecaa5967403d082aa24f35e1b516d23) [PhysX] Initialized MultithreadedTaskDispatcher with 24 workers.
 -> (artifact id: 'ca92b8e0c1f13f4466dc65a1f497b99c') in 0.004673 seconds
Number of updated asset objects reloaded before import = 0
Number of asset objects unloaded after import = 3
========================================================================
Received Import Request.
  Time since last request: 0.000012 seconds.
  path: Assets/Tiles/tileset_243.asset
  artifactKey: Guid(d4543e204d0aab54e9ee6c027885807c) Importer(2089858483,0ecaa5967403d082aa24f35e1b516d23)
Start importing Assets/Tiles/tileset_243.asset using Guid(d4543e204d0aab54e9ee6c027885807c) Importer(2089858483,0ecaa5967403d082aa24f35e1b516d23) [PhysX] Initialized MultithreadedTaskDispatcher with 24 workers.
 -> (artifact id: '3c8a7dfe29fcd769b0437be39b2aef74') in 0.004729 seconds
Number of updated asset objects reloaded before import = 0
Number of asset objects unloaded after import = 3
========================================================================
Received Import Request.
  Time since last request: 0.000017 seconds.
  path: Assets/Tiles/tileset_244.asset
  artifactKey: Guid(0f6c6bb2053ec844f8c4eb4147252130) Importer(2089858483,0ecaa5967403d082aa24f35e1b516d23)
Start importing Assets/Tiles/tileset_244.asset using Guid(0f6c6bb2053ec844f8c4eb4147252130) Importer(2089858483,0ecaa5967403d082aa24f35e1b516d23) [PhysX] Initialized MultithreadedTaskDispatcher with 24 workers.
 -> (artifact id: '0e769cdef8de9817156d42031c608348') in 0.005645 seconds
Number of updated asset objects reloaded before import = 0
Number of asset objects unloaded after import = 3
========================================================================
Received Import Request.
  Time since last request: 0.000012 seconds.
  path: Assets/Tiles/tileset_304.asset
  artifactKey: Guid(0b3bfdf73d5f71b4e890c0e5dcf194d8) Importer(2089858483,0ecaa5967403d082aa24f35e1b516d23)
Start importing Assets/Tiles/tileset_304.asset using Guid(0b3bfdf73d5f71b4e890c0e5dcf194d8) Importer(2089858483,0ecaa5967403d082aa24f35e1b516d23) [PhysX] Initialized MultithreadedTaskDispatcher with 24 workers.
 -> (artifact id: '67efea7276aa2b1dcfed978e8d12b5fb') in 0.004526 seconds
Number of updated asset objects reloaded before import = 0
Number of asset objects unloaded after import = 3
========================================================================
Received Import Request.
  Time since last request: 0.000016 seconds.
  path: Assets/Tiles/tileset_169.asset
  artifactKey: Guid(4d89e65204c295e458a376d99e45136f) Importer(2089858483,0ecaa5967403d082aa24f35e1b516d23)
Start importing Assets/Tiles/tileset_169.asset using Guid(4d89e65204c295e458a376d99e45136f) Importer(2089858483,0ecaa5967403d082aa24f35e1b516d23) [PhysX] Initialized MultithreadedTaskDispatcher with 24 workers.
 -> (artifact id: '11908c499c8c2dc4274c4632a04f4954') in 0.005273 seconds
Number of updated asset objects reloaded before import = 0
Number of asset objects unloaded after import = 3
========================================================================
Received Import Request.
  Time since last request: 0.000013 seconds.
  path: Assets/Tiles/tileset_352.asset
  artifactKey: Guid(dc6129a93aa0acf4987e6d97bd916334) Importer(2089858483,0ecaa5967403d082aa24f35e1b516d23)
Start importing Assets/Tiles/tileset_352.asset using Guid(dc6129a93aa0acf4987e6d97bd916334) Importer(2089858483,0ecaa5967403d082aa24f35e1b516d23) [PhysX] Initialized MultithreadedTaskDispatcher with 24 workers.
 -> (artifact id: '3a3c2d989de590278376ff63fe07b83e') in 0.004701 seconds
Number of updated asset objects reloaded before import = 0
Number of asset objects unloaded after import = 3
========================================================================
Received Import Request.
  Time since last request: 0.000015 seconds.
  path: Assets/Tiles/tileset_291.asset
  artifactKey: Guid(475acab1f8b10ee498ebddfc3305718f) Importer(2089858483,0ecaa5967403d082aa24f35e1b516d23)
Start importing Assets/Tiles/tileset_291.asset using Guid(475acab1f8b10ee498ebddfc3305718f) Importer(2089858483,0ecaa5967403d082aa24f35e1b516d23) [PhysX] Initialized MultithreadedTaskDispatcher with 24 workers.
 -> (artifact id: '47920982e87accacc59676161cdccc60') in 0.004357 seconds
Number of updated asset objects reloaded before import = 0
Number of asset objects unloaded after import = 3
========================================================================
Received Import Request.
  Time since last request: 0.000012 seconds.
  path: Assets/Tiles/tileset_125.asset
  artifactKey: Guid(b24e3ff4221d1514db3700ad38c3704e) Importer(2089858483,0ecaa5967403d082aa24f35e1b516d23)
Start importing Assets/Tiles/tileset_125.asset using Guid(b24e3ff4221d1514db3700ad38c3704e) Importer(2089858483,0ecaa5967403d082aa24f35e1b516d23) [PhysX] Initialized MultithreadedTaskDispatcher with 24 workers.
 -> (artifact id: 'bccf6f41a2cbdc3100f4a773de11c6f4') in 0.005917 seconds
Number of updated asset objects reloaded before import = 0
Number of asset objects unloaded after import = 3
========================================================================
Received Import Request.
  Time since last request: 0.000021 seconds.
  path: Assets/Tiles/Mossy - FloatingPlatforms_850.asset
  artifactKey: Guid(36eb121d9aadbd94784439730e159d17) Importer(2089858483,0ecaa5967403d082aa24f35e1b516d23)
Start importing Assets/Tiles/Mossy - FloatingPlatforms_850.asset using Guid(36eb121d9aadbd94784439730e159d17) Importer(2089858483,0ecaa5967403d082aa24f35e1b516d23) [PhysX] Initialized MultithreadedTaskDispatcher with 24 workers.
 -> (artifact id: '0d80aa3d4fd0750bded5fbf37f2cee88') in 0.004500 seconds
Number of updated asset objects reloaded before import = 0
Number of asset objects unloaded after import = 3
========================================================================
Received Import Request.
  Time since last request: 0.000017 seconds.
  path: Assets/Tiles/tileset_162.asset
  artifactKey: Guid(f93562453961dda44950f75bc9dbdd3d) Importer(2089858483,0ecaa5967403d082aa24f35e1b516d23)
Start importing Assets/Tiles/tileset_162.asset using Guid(f93562453961dda44950f75bc9dbdd3d) Importer(2089858483,0ecaa5967403d082aa24f35e1b516d23) [PhysX] Initialized MultithreadedTaskDispatcher with 24 workers.
 -> (artifact id: '9aa0db74666c4af52a11c76973ca2714') in 0.004434 seconds
Number of updated asset objects reloaded before import = 0
Number of asset objects unloaded after import = 3
========================================================================
Received Import Request.
  Time since last request: 0.000013 seconds.
  path: Assets/Tiles/tileset_191.asset
  artifactKey: Guid(20222890c4de3c74896a7c037c982559) Importer(2089858483,0ecaa5967403d082aa24f35e1b516d23)
Start importing Assets/Tiles/tileset_191.asset using Guid(20222890c4de3c74896a7c037c982559) Importer(2089858483,0ecaa5967403d082aa24f35e1b516d23) [PhysX] Initialized MultithreadedTaskDispatcher with 24 workers.
 -> (artifact id: 'bd4a53f94a9d899f7024336d62d7d9aa') in 0.006332 seconds
Number of updated asset objects reloaded before import = 0
Number of asset objects unloaded after import = 3
========================================================================
Received Import Request.
  Time since last request: 0.000012 seconds.
  path: Assets/Tiles/tileset_250.asset
  artifactKey: Guid(22c3b0c9d1aad4d4aa404f14b9531a04) Importer(2089858483,0ecaa5967403d082aa24f35e1b516d23)
Start importing Assets/Tiles/tileset_250.asset using Guid(22c3b0c9d1aad4d4aa404f14b9531a04) Importer(2089858483,0ecaa5967403d082aa24f35e1b516d23) [PhysX] Initialized MultithreadedTaskDispatcher with 24 workers.
 -> (artifact id: 'edc0730b67505c7a2c11d956be83a0f7') in 0.004063 seconds
Number of updated asset objects reloaded before import = 0
Number of asset objects unloaded after import = 3
========================================================================
Received Import Request.
  Time since last request: 0.000012 seconds.
  path: Assets/Tiles/tileset_181.asset
  artifactKey: Guid(237a8abe54ff555438a49caa51b762c8) Importer(2089858483,0ecaa5967403d082aa24f35e1b516d23)
Start importing Assets/Tiles/tileset_181.asset using Guid(237a8abe54ff555438a49caa51b762c8) Importer(2089858483,0ecaa5967403d082aa24f35e1b516d23) [PhysX] Initialized MultithreadedTaskDispatcher with 24 workers.
 -> (artifact id: '5a0c848fbb0d974c861ba24f6f0abe6f') in 0.004085 seconds
Number of updated asset objects reloaded before import = 0
Number of asset objects unloaded after import = 3
========================================================================
Received Import Request.
  Time since last request: 0.000016 seconds.
  path: Assets/Tiles/tileset_280.asset
  artifactKey: Guid(f13142a8788303a45a25c163e2e13ee4) Importer(2089858483,0ecaa5967403d082aa24f35e1b516d23)
Start importing Assets/Tiles/tileset_280.asset using Guid(f13142a8788303a45a25c163e2e13ee4) Importer(2089858483,0ecaa5967403d082aa24f35e1b516d23) [PhysX] Initialized MultithreadedTaskDispatcher with 24 workers.
 -> (artifact id: '5bbb62d897b9db09c336c332b1f03c0e') in 0.006338 seconds
Number of updated asset objects reloaded before import = 0
Number of asset objects unloaded after import = 3
========================================================================
Received Import Request.
  Time since last request: 0.000018 seconds.
  path: Assets/Tiles/tileset_292.asset
  artifactKey: Guid(63bf7c507c3353d4f9d203470512d62a) Importer(2089858483,0ecaa5967403d082aa24f35e1b516d23)
Start importing Assets/Tiles/tileset_292.asset using Guid(63bf7c507c3353d4f9d203470512d62a) Importer(2089858483,0ecaa5967403d082aa24f35e1b516d23) [PhysX] Initialized MultithreadedTaskDispatcher with 24 workers.
 -> (artifact id: '3cc49a854940c3ba364a6651c3236034') in 0.005013 seconds
Number of updated asset objects reloaded before import = 0
Number of asset objects unloaded after import = 3
========================================================================
Received Import Request.
  Time since last request: 0.000015 seconds.
  path: Assets/Tiles/tileset_102.asset
  artifactKey: Guid(736b48bd03747ec438b1211006972a91) Importer(2089858483,0ecaa5967403d082aa24f35e1b516d23)
Start importing Assets/Tiles/tileset_102.asset using Guid(736b48bd03747ec438b1211006972a91) Importer(2089858483,0ecaa5967403d082aa24f35e1b516d23) [PhysX] Initialized MultithreadedTaskDispatcher with 24 workers.
 -> (artifact id: 'e353e5dbe3165c4cd687451f076856cf') in 0.004468 seconds
Number of updated asset objects reloaded before import = 0
Number of asset objects unloaded after import = 3
========================================================================
Received Import Request.
  Time since last request: 0.000015 seconds.
  path: Assets/Tiles/Mossy - FloatingPlatforms_852.asset
  artifactKey: Guid(a98034e149283c84492679dcfd80acab) Importer(2089858483,0ecaa5967403d082aa24f35e1b516d23)
Start importing Assets/Tiles/Mossy - FloatingPlatforms_852.asset using Guid(a98034e149283c84492679dcfd80acab) Importer(2089858483,0ecaa5967403d082aa24f35e1b516d23) [PhysX] Initialized MultithreadedTaskDispatcher with 24 workers.
 -> (artifact id: '0c87f9946d758c259559bc3f97500e20') in 0.005416 seconds
Number of updated asset objects reloaded before import = 0
Number of asset objects unloaded after import = 3
========================================================================
Received Import Request.
  Time since last request: 0.000014 seconds.
  path: Assets/Tiles/Mossy - FloatingPlatforms_841.asset
  artifactKey: Guid(c45fa72dbacf6864fa5b9c2985c3f8f2) Importer(2089858483,0ecaa5967403d082aa24f35e1b516d23)
Start importing Assets/Tiles/Mossy - FloatingPlatforms_841.asset using Guid(c45fa72dbacf6864fa5b9c2985c3f8f2) Importer(2089858483,0ecaa5967403d082aa24f35e1b516d23) [PhysX] Initialized MultithreadedTaskDispatcher with 24 workers.
 -> (artifact id: '8f733e4281a242303186eb9a5018efef') in 0.004834 seconds
Number of updated asset objects reloaded before import = 0
Number of asset objects unloaded after import = 3
========================================================================
Received Import Request.
  Time since last request: 0.000015 seconds.
  path: Assets/Tiles/tileset_0.asset
  artifactKey: Guid(78628fbdbafa62d40b1bb10dd1a044c9) Importer(2089858483,0ecaa5967403d082aa24f35e1b516d23)
Start importing Assets/Tiles/tileset_0.asset using Guid(78628fbdbafa62d40b1bb10dd1a044c9) Importer(2089858483,0ecaa5967403d082aa24f35e1b516d23) [PhysX] Initialized MultithreadedTaskDispatcher with 24 workers.
 -> (artifact id: 'c40cd3556e7f0cdac5d8a930e504b5fe') in 0.004891 seconds
Number of updated asset objects reloaded before import = 0
Number of asset objects unloaded after import = 3
========================================================================
Received Import Request.
  Time since last request: 1.617019 seconds.
  path: Assets/Tiles/tileset_356.asset
  artifactKey: Guid(4fae0026977f40e489418a7b4d0753b2) Importer(2089858483,0ecaa5967403d082aa24f35e1b516d23)
Start importing Assets/Tiles/tileset_356.asset using Guid(4fae0026977f40e489418a7b4d0753b2) Importer(2089858483,0ecaa5967403d082aa24f35e1b516d23) [PhysX] Initialized MultithreadedTaskDispatcher with 24 workers.
 -> (artifact id: '15c723b118144218ad02849cf944f488') in 0.010118 seconds
Number of updated asset objects reloaded before import = 0
Number of asset objects unloaded after import = 3
========================================================================
Received Import Request.
  Time since last request: 0.000017 seconds.
  path: Assets/Tiles/tileset_437.asset
  artifactKey: Guid(f5d706fb96ec8c34c80ec20bb85226c9) Importer(2089858483,0ecaa5967403d082aa24f35e1b516d23)
Start importing Assets/Tiles/tileset_437.asset using Guid(f5d706fb96ec8c34c80ec20bb85226c9) Importer(2089858483,0ecaa5967403d082aa24f35e1b516d23) [PhysX] Initialized MultithreadedTaskDispatcher with 24 workers.
 -> (artifact id: '69e777483cc9fa6790ce7a4da00c71d2') in 0.004757 seconds
Number of updated asset objects reloaded before import = 0
Number of asset objects unloaded after import = 3
========================================================================
Received Import Request.
  Time since last request: 0.000010 seconds.
  path: Assets/Tiles/tileset_370.asset
  artifactKey: Guid(486b6111efe346547913186692dd40f3) Importer(2089858483,0ecaa5967403d082aa24f35e1b516d23)
Start importing Assets/Tiles/tileset_370.asset using Guid(486b6111efe346547913186692dd40f3) Importer(2089858483,0ecaa5967403d082aa24f35e1b516d23) [PhysX] Initialized MultithreadedTaskDispatcher with 24 workers.
 -> (artifact id: '61a55a20db062aa53ce43fb998105bf6') in 0.005126 seconds
Number of updated asset objects reloaded before import = 0
Number of asset objects unloaded after import = 3
========================================================================
Received Import Request.
  Time since last request: 0.000012 seconds.
  path: Assets/Tiles/tileset_46.asset
  artifactKey: Guid(8b8edfd9f167c8f4ea8fa0e202599e72) Importer(2089858483,0ecaa5967403d082aa24f35e1b516d23)
Start importing Assets/Tiles/tileset_46.asset using Guid(8b8edfd9f167c8f4ea8fa0e202599e72) Importer(2089858483,0ecaa5967403d082aa24f35e1b516d23) [PhysX] Initialized MultithreadedTaskDispatcher with 24 workers.
 -> (artifact id: 'aadfb2e7d27ceb7ebe655d853054dca0') in 0.004467 seconds
Number of updated asset objects reloaded before import = 0
Number of asset objects unloaded after import = 3
========================================================================
Received Import Request.
  Time since last request: 0.000013 seconds.
  path: Assets/Tiles/tileset_64.asset
  artifactKey: Guid(761665628a99fdd46af958c6167e5432) Importer(2089858483,0ecaa5967403d082aa24f35e1b516d23)
Start importing Assets/Tiles/tileset_64.asset using Guid(761665628a99fdd46af958c6167e5432) Importer(2089858483,0ecaa5967403d082aa24f35e1b516d23) [PhysX] Initialized MultithreadedTaskDispatcher with 24 workers.
 -> (artifact id: 'cafb0aef569680f1461df9ddc6759d49') in 0.005904 seconds
Number of updated asset objects reloaded before import = 0
Number of asset objects unloaded after import = 3
========================================================================
Received Import Request.
  Time since last request: 0.000015 seconds.
  path: Assets/Tiles/tileset_85.asset
  artifactKey: Guid(ee035b0d7ebddc24d841dfdcd6e6ca12) Importer(2089858483,0ecaa5967403d082aa24f35e1b516d23)
Start importing Assets/Tiles/tileset_85.asset using Guid(ee035b0d7ebddc24d841dfdcd6e6ca12) Importer(2089858483,0ecaa5967403d082aa24f35e1b516d23) [PhysX] Initialized MultithreadedTaskDispatcher with 24 workers.
 -> (artifact id: '3b0d258fbc9ed3f0312cf6f68da87ba1') in 0.005517 seconds
Number of updated asset objects reloaded before import = 0
Number of asset objects unloaded after import = 3
========================================================================
Received Import Request.
  Time since last request: 0.000014 seconds.
  path: Assets/Sprites/Individual Sprites/adventurer-crnr-jmp-01.png
  artifactKey: Guid(f87cc1234abc29b4ea686e96f9bb3356) Importer(2089858483,0ecaa5967403d082aa24f35e1b516d23)
Start importing Assets/Sprites/Individual Sprites/adventurer-crnr-jmp-01.png using Guid(f87cc1234abc29b4ea686e96f9bb3356) Importer(2089858483,0ecaa5967403d082aa24f35e1b516d23) [PhysX] Initialized MultithreadedTaskDispatcher with 24 workers.
 -> (artifact id: '2511adade5a57c71f77c5ad3c959c782') in 0.032891 seconds
Number of updated asset objects reloaded before import = 0
Number of asset objects unloaded after import = 1
========================================================================
Received Import Request.
  Time since last request: 0.000016 seconds.
  path: Assets/Tiles/tileset_444.asset
  artifactKey: Guid(f8de2f8a2874f78469f03bb98a9e6dcd) Importer(2089858483,0ecaa5967403d082aa24f35e1b516d23)
Start importing Assets/Tiles/tileset_444.asset using Guid(f8de2f8a2874f78469f03bb98a9e6dcd) Importer(2089858483,0ecaa5967403d082aa24f35e1b516d23) [PhysX] Initialized MultithreadedTaskDispatcher with 24 workers.
 -> (artifact id: '2a1417891c3ac16b57a23b466af83e0d') in 0.005499 seconds
Number of updated asset objects reloaded before import = 0
Number of asset objects unloaded after import = 3
========================================================================
Received Import Request.
  Time since last request: 0.000014 seconds.
  path: Assets/Tiles/tileset_383.asset
  artifactKey: Guid(34301557b73887544b5687709938eb76) Importer(2089858483,0ecaa5967403d082aa24f35e1b516d23)
Start importing Assets/Tiles/tileset_383.asset using Guid(34301557b73887544b5687709938eb76) Importer(2089858483,0ecaa5967403d082aa24f35e1b516d23) [PhysX] Initialized MultithreadedTaskDispatcher with 24 workers.
 -> (artifact id: '92ba2b6bd8b5d31515693aabc585c177') in 0.006357 seconds
Number of updated asset objects reloaded before import = 0
Number of asset objects unloaded after import = 3
========================================================================
Received Import Request.
  Time since last request: 0.000012 seconds.
  path: Assets/Tiles/tileset_431.asset
  artifactKey: Guid(ad5ecf7040b33cc4d9dcc6ebec0ef93c) Importer(2089858483,0ecaa5967403d082aa24f35e1b516d23)
Start importing Assets/Tiles/tileset_431.asset using Guid(ad5ecf7040b33cc4d9dcc6ebec0ef93c) Importer(2089858483,0ecaa5967403d082aa24f35e1b516d23) [PhysX] Initialized MultithreadedTaskDispatcher with 24 workers.
 -> (artifact id: 'c719b6ae63974fb1aa64325ab40b1168') in 0.004380 seconds
Number of updated asset objects reloaded before import = 0
Number of asset objects unloaded after import = 3
========================================================================
Received Import Request.
  Time since last request: 0.000013 seconds.
  path: Assets/Sprites/Individual Sprites/adventurer-air-attack1-03.png
  artifactKey: Guid(612aa94449f9c6c4285f8c59d10b09b9) Importer(2089858483,0ecaa5967403d082aa24f35e1b516d23)
Start importing Assets/Sprites/Individual Sprites/adventurer-air-attack1-03.png using Guid(612aa94449f9c6c4285f8c59d10b09b9) Importer(2089858483,0ecaa5967403d082aa24f35e1b516d23) [PhysX] Initialized MultithreadedTaskDispatcher with 24 workers.
 -> (artifact id: 'a54ab3a0b3d0099e3d5c49d7c4676a2d') in 0.008012 seconds
Number of updated asset objects reloaded before import = 0
Number of asset objects unloaded after import = 1
========================================================================
Received Import Request.
  Time since last request: 0.000014 seconds.
  path: Assets/Sprites/Individual Sprites/adventurer-crnr-clmb-01.png
  artifactKey: Guid(a43caa0499833984d9cff3c120ab51c1) Importer(2089858483,0ecaa5967403d082aa24f35e1b516d23)
Start importing Assets/Sprites/Individual Sprites/adventurer-crnr-clmb-01.png using Guid(a43caa0499833984d9cff3c120ab51c1) Importer(2089858483,0ecaa5967403d082aa24f35e1b516d23) [PhysX] Initialized MultithreadedTaskDispatcher with 24 workers.
 -> (artifact id: 'febe841eaad25562a0f0b630d2a2064b') in 0.007148 seconds
Number of updated asset objects reloaded before import = 0
Number of asset objects unloaded after import = 1
========================================================================
Received Import Request.
  Time since last request: 0.000014 seconds.
  path: Assets/Tiles/tileset_406.asset
  artifactKey: Guid(d3bc3e0e2f7f8194ca303b38a5d4a7b7) Importer(2089858483,0ecaa5967403d082aa24f35e1b516d23)
Start importing Assets/Tiles/tileset_406.asset using Guid(d3bc3e0e2f7f8194ca303b38a5d4a7b7) Importer(2089858483,0ecaa5967403d082aa24f35e1b516d23) [PhysX] Initialized MultithreadedTaskDispatcher with 24 workers.
 -> (artifact id: '7c99bf83a65d41cb766c884296b71964') in 0.004654 seconds
Number of updated asset objects reloaded before import = 0
Number of asset objects unloaded after import = 3
========================================================================
Received Import Request.
  Time since last request: 0.000015 seconds.
  path: Assets/Tiles/tileset_56.asset
  artifactKey: Guid(4c4ec039530d9ec4380d2a7b8988bb3f) Importer(2089858483,0ecaa5967403d082aa24f35e1b516d23)
Start importing Assets/Tiles/tileset_56.asset using Guid(4c4ec039530d9ec4380d2a7b8988bb3f) Importer(2089858483,0ecaa5967403d082aa24f35e1b516d23) [PhysX] Initialized MultithreadedTaskDispatcher with 24 workers.
 -> (artifact id: '9a127c8bf70b3e26c404e309adab64b8') in 0.004187 seconds
Number of updated asset objects reloaded before import = 0
Number of asset objects unloaded after import = 3
========================================================================
Received Import Request.
  Time since last request: 0.000012 seconds.
  path: Assets/Sprites/Individual Sprites/adventurer-attack3-03.png
  artifactKey: Guid(52e2edd58fe0c18429a7749f15e646d4) Importer(2089858483,0ecaa5967403d082aa24f35e1b516d23)
Start importing Assets/Sprites/Individual Sprites/adventurer-attack3-03.png using Guid(52e2edd58fe0c18429a7749f15e646d4) Importer(2089858483,0ecaa5967403d082aa24f35e1b516d23) [PhysX] Initialized MultithreadedTaskDispatcher with 24 workers.
 -> (artifact id: 'd207f7167fd361a474f0adfd1bb4af25') in 0.008942 seconds
Number of updated asset objects reloaded before import = 0
Number of asset objects unloaded after import = 1
========================================================================
Received Import Request.
  Time since last request: 0.000014 seconds.
  path: Assets/Sprites/Individual Sprites/adventurer-attack2-01.png
  artifactKey: Guid(e8e20e886610d32468f5ee88b0a57d74) Importer(2089858483,0ecaa5967403d082aa24f35e1b516d23)
Start importing Assets/Sprites/Individual Sprites/adventurer-attack2-01.png using Guid(e8e20e886610d32468f5ee88b0a57d74) Importer(2089858483,0ecaa5967403d082aa24f35e1b516d23) [PhysX] Initialized MultithreadedTaskDispatcher with 24 workers.
 -> (artifact id: 'ef7a99c636d86011018f07cdc794ed96') in 0.007630 seconds
Number of updated asset objects reloaded before import = 0
Number of asset objects unloaded after import = 1
========================================================================
Received Import Request.
  Time since last request: 0.000015 seconds.
  path: Assets/Tiles/tileset_456.asset
  artifactKey: Guid(524409c5176727f4e9ff8afbc6f1bb69) Importer(2089858483,0ecaa5967403d082aa24f35e1b516d23)
Start importing Assets/Tiles/tileset_456.asset using Guid(524409c5176727f4e9ff8afbc6f1bb69) Importer(2089858483,0ecaa5967403d082aa24f35e1b516d23) [PhysX] Initialized MultithreadedTaskDispatcher with 24 workers.
 -> (artifact id: '61a3c37a8d75583675629a4d06408ada') in 0.005333 seconds
Number of updated asset objects reloaded before import = 0
Number of asset objects unloaded after import = 3
========================================================================
Received Import Request.
  Time since last request: 0.000012 seconds.
  path: Assets/Sprites/Girl_3/Attack.png
  artifactKey: Guid(4719fe7c5fb96ec43805f69d9a4bacde) Importer(2089858483,0ecaa5967403d082aa24f35e1b516d23)
Start importing Assets/Sprites/Girl_3/Attack.png using Guid(4719fe7c5fb96ec43805f69d9a4bacde) Importer(2089858483,0ecaa5967403d082aa24f35e1b516d23) [PhysX] Initialized MultithreadedTaskDispatcher with 24 workers.
 -> (artifact id: 'cc61ab6b6e1b5370bdacb376041ff2ba') in 0.010201 seconds
Number of updated asset objects reloaded before import = 0
Number of asset objects unloaded after import = 1
========================================================================
Received Import Request.
  Time since last request: 0.000013 seconds.
  path: Assets/Tiles/tileset_395.asset
  artifactKey: Guid(2a28dac041a672549a46279fbbd1946b) Importer(2089858483,0ecaa5967403d082aa24f35e1b516d23)
Start importing Assets/Tiles/tileset_395.asset using Guid(2a28dac041a672549a46279fbbd1946b) Importer(2089858483,0ecaa5967403d082aa24f35e1b516d23) [PhysX] Initialized MultithreadedTaskDispatcher with 24 workers.
 -> (artifact id: 'a515c2272be4c3904f04cbe02831667c') in 0.005681 seconds
Number of updated asset objects reloaded before import = 0
Number of asset objects unloaded after import = 3
========================================================================
Received Import Request.
  Time since last request: 0.000012 seconds.
  path: Assets/Sprites/Individual Sprites/adventurer-air-attack3-rdy-00.png
  artifactKey: Guid(73dc9fe922dfcf748911a58bf9f6a8c7) Importer(2089858483,0ecaa5967403d082aa24f35e1b516d23)
Start importing Assets/Sprites/Individual Sprites/adventurer-air-attack3-rdy-00.png using Guid(73dc9fe922dfcf748911a58bf9f6a8c7) Importer(2089858483,0ecaa5967403d082aa24f35e1b516d23) [PhysX] Initialized MultithreadedTaskDispatcher with 24 workers.
 -> (artifact id: '7ac4622be223831fd4cf3275359f86e4') in 0.007971 seconds
Number of updated asset objects reloaded before import = 0
Number of asset objects unloaded after import = 1
========================================================================
Received Import Request.
  Time since last request: 0.000015 seconds.
  path: Assets/Tiles/tileset_462.asset
  artifactKey: Guid(c61dc9cc334ea3446abed59d2f915f7a) Importer(2089858483,0ecaa5967403d082aa24f35e1b516d23)
Start importing Assets/Tiles/tileset_462.asset using Guid(c61dc9cc334ea3446abed59d2f915f7a) Importer(2089858483,0ecaa5967403d082aa24f35e1b516d23) [PhysX] Initialized MultithreadedTaskDispatcher with 24 workers.
 -> (artifact id: '05ddb2f6a712ee35a48d94619e91b137') in 0.005260 seconds
Number of updated asset objects reloaded before import = 0
Number of asset objects unloaded after import = 3
========================================================================
Received Import Request.
  Time since last request: 0.000021 seconds.
  path: Assets/Animations/Huntress/HuntressJump.anim
  artifactKey: Guid(3212b8dedb97b4540bbc2c6c54eae8f1) Importer(2089858483,0ecaa5967403d082aa24f35e1b516d23)
Start importing Assets/Animations/Huntress/HuntressJump.anim using Guid(3212b8dedb97b4540bbc2c6c54eae8f1) Importer(2089858483,0ecaa5967403d082aa24f35e1b516d23) [PhysX] Initialized MultithreadedTaskDispatcher with 24 workers.
 -> (artifact id: '84db898d98c0a750da686ce72d9a0c9f') in 0.005964 seconds
Number of updated asset objects reloaded before import = 0
Number of asset objects unloaded after import = 1
========================================================================
Received Import Request.
  Time since last request: 0.000013 seconds.
  path: Assets/Animations/Huntress/HuntressIdle.anim
  artifactKey: Guid(eae1fb6a3acdf3446b83ac532cdf15a6) Importer(2089858483,0ecaa5967403d082aa24f35e1b516d23)
Start importing Assets/Animations/Huntress/HuntressIdle.anim using Guid(eae1fb6a3acdf3446b83ac532cdf15a6) Importer(2089858483,0ecaa5967403d082aa24f35e1b516d23) [PhysX] Initialized MultithreadedTaskDispatcher with 24 workers.
 -> (artifact id: '06716a4726ac7cd226a9b17aaa161b5a') in 0.004341 seconds
Number of updated asset objects reloaded before import = 0
Number of asset objects unloaded after import = 1
========================================================================
Received Import Request.
  Time since last request: 0.000021 seconds.
  path: Assets/Tiles/tileset_377.asset
  artifactKey: Guid(9aee4c5a4f4eeb04b966fab71845b94c) Importer(2089858483,0ecaa5967403d082aa24f35e1b516d23)
Start importing Assets/Tiles/tileset_377.asset using Guid(9aee4c5a4f4eeb04b966fab71845b94c) Importer(2089858483,0ecaa5967403d082aa24f35e1b516d23) [PhysX] Initialized MultithreadedTaskDispatcher with 24 workers.
 -> (artifact id: '3e0425e2ee20262d3536df7916e8a0eb') in 0.004006 seconds
Number of updated asset objects reloaded before import = 0
Number of asset objects unloaded after import = 3
========================================================================
Received Import Request.
  Time since last request: 0.000014 seconds.
  path: Assets/Sprites/Individual Sprites/adventurer-cast-01.png
  artifactKey: Guid(77816a03bea2f714f8069b343d1f222e) Importer(2089858483,0ecaa5967403d082aa24f35e1b516d23)
Start importing Assets/Sprites/Individual Sprites/adventurer-cast-01.png using Guid(77816a03bea2f714f8069b343d1f222e) Importer(2089858483,0ecaa5967403d082aa24f35e1b516d23) [PhysX] Initialized MultithreadedTaskDispatcher with 24 workers.
 -> (artifact id: '51a14b5e7843c99de139d4135dcbaa87') in 0.007087 seconds
Number of updated asset objects reloaded before import = 0
Number of asset objects unloaded after import = 1
========================================================================
Received Import Request.
  Time since last request: 0.000013 seconds.
  path: Assets/Sprites/Individual Sprites/adventurer-attack1-04.png
  artifactKey: Guid(2fbbffd97bbe7ce4d930d2ac31d1f35e) Importer(2089858483,0ecaa5967403d082aa24f35e1b516d23)
Start importing Assets/Sprites/Individual Sprites/adventurer-attack1-04.png using Guid(2fbbffd97bbe7ce4d930d2ac31d1f35e) Importer(2089858483,0ecaa5967403d082aa24f35e1b516d23) [PhysX] Initialized MultithreadedTaskDispatcher with 24 workers.
 -> (artifact id: '03340c948a6c04c1f909ffeffa1f7514') in 0.007037 seconds
Number of updated asset objects reloaded before import = 0
Number of asset objects unloaded after import = 1
========================================================================
Received Import Request.
  Time since last request: 0.000013 seconds.
  path: Assets/Tiles/tileset_438.asset
  artifactKey: Guid(c9754c27adb06f84cbc3214edd58e687) Importer(2089858483,0ecaa5967403d082aa24f35e1b516d23)
Start importing Assets/Tiles/tileset_438.asset using Guid(c9754c27adb06f84cbc3214edd58e687) Importer(2089858483,0ecaa5967403d082aa24f35e1b516d23) [PhysX] Initialized MultithreadedTaskDispatcher with 24 workers.
 -> (artifact id: '5b40e73efb172978517677dfa1fa0c8a') in 0.004568 seconds
Number of updated asset objects reloaded before import = 0
Number of asset objects unloaded after import = 3
========================================================================
Received Import Request.
  Time since last request: 0.000013 seconds.
  path: Assets/Sprites/Individual Sprites/adventurer-crnr-clmb-04.png
  artifactKey: Guid(e2745ab643e76b946a97439373809b4a) Importer(2089858483,0ecaa5967403d082aa24f35e1b516d23)
Start importing Assets/Sprites/Individual Sprites/adventurer-crnr-clmb-04.png using Guid(e2745ab643e76b946a97439373809b4a) Importer(2089858483,0ecaa5967403d082aa24f35e1b516d23) [PhysX] Initialized MultithreadedTaskDispatcher with 24 workers.
 -> (artifact id: 'afcd2a0cf89cb27b8ee07e10d30c93cc') in 0.007432 seconds
Number of updated asset objects reloaded before import = 0
Number of asset objects unloaded after import = 1
========================================================================
Received Import Request.
  Time since last request: 0.000012 seconds.
  path: Assets/Animations/Monk/MonkAttack1.anim
  artifactKey: Guid(8049beb9dc71be446af2b94819542bb3) Importer(2089858483,0ecaa5967403d082aa24f35e1b516d23)
Start importing Assets/Animations/Monk/MonkAttack1.anim using Guid(8049beb9dc71be446af2b94819542bb3) Importer(2089858483,0ecaa5967403d082aa24f35e1b516d23) [PhysX] Initialized MultithreadedTaskDispatcher with 24 workers.
 -> (artifact id: '51075f760bf75e041fcdfc1f1ddd533e') in 0.003827 seconds
Number of updated asset objects reloaded before import = 0
Number of asset objects unloaded after import = 1
========================================================================
Received Import Request.
  Time since last request: 0.000012 seconds.
  path: Assets/Tiles/tileset_421.asset
  artifactKey: Guid(a2201c021012f354db2a707c2f7ae75f) Importer(2089858483,0ecaa5967403d082aa24f35e1b516d23)
Start importing Assets/Tiles/tileset_421.asset using Guid(a2201c021012f354db2a707c2f7ae75f) Importer(2089858483,0ecaa5967403d082aa24f35e1b516d23) [PhysX] Initialized MultithreadedTaskDispatcher with 24 workers.
 -> (artifact id: 'ee6f1e5a17267197b32f75c7a305dd92') in 0.005212 seconds
Number of updated asset objects reloaded before import = 0
Number of asset objects unloaded after import = 3
========================================================================
Received Import Request.
  Time since last request: 0.000066 seconds.
  path: Assets/Sprites/Fighter/Idle.png
  artifactKey: Guid(f41ec935b392c6a4aadaac56ee3a90f7) Importer(2089858483,0ecaa5967403d082aa24f35e1b516d23)
Start importing Assets/Sprites/Fighter/Idle.png using Guid(f41ec935b392c6a4aadaac56ee3a90f7) Importer(2089858483,0ecaa5967403d082aa24f35e1b516d23) [PhysX] Initialized MultithreadedTaskDispatcher with 24 workers.
 -> (artifact id: 'dd6d6f21549508122597d76b03af1f84') in 0.007588 seconds
Number of updated asset objects reloaded before import = 0
Number of asset objects unloaded after import = 1
========================================================================
Received Import Request.
  Time since last request: 0.000014 seconds.
  path: Assets/Sprites/Individual Sprites/adventurer-attack3-05.png
  artifactKey: Guid(6cad2c88b4f71d943b321a9634dee04b) Importer(2089858483,0ecaa5967403d082aa24f35e1b516d23)
Start importing Assets/Sprites/Individual Sprites/adventurer-attack3-05.png using Guid(6cad2c88b4f71d943b321a9634dee04b) Importer(2089858483,0ecaa5967403d082aa24f35e1b516d23) [PhysX] Initialized MultithreadedTaskDispatcher with 24 workers.
 -> (artifact id: '92302b80e5c04214c5d775b5a423fa3e') in 0.007747 seconds
Number of updated asset objects reloaded before import = 0
Number of asset objects unloaded after import = 1
========================================================================
Received Import Request.
  Time since last request: 0.000015 seconds.
  path: Assets/Tiles/tileset_428.asset
  artifactKey: Guid(2f3f2ceaa9a58314fb072b5200bdd6e2) Importer(2089858483,0ecaa5967403d082aa24f35e1b516d23)
Start importing Assets/Tiles/tileset_428.asset using Guid(2f3f2ceaa9a58314fb072b5200bdd6e2) Importer(2089858483,0ecaa5967403d082aa24f35e1b516d23) [PhysX] Initialized MultithreadedTaskDispatcher with 24 workers.
 -> (artifact id: 'b4d6d264851ac9da3be6ae122b56b8c2') in 0.004597 seconds
Number of updated asset objects reloaded before import = 0
Number of asset objects unloaded after import = 3
========================================================================
Received Import Request.
  Time since last request: 0.000017 seconds.
  path: Assets/Tiles/tileset_396.asset
  artifactKey: Guid(86edae4a9289c57418d95ecce3ca7b64) Importer(2089858483,0ecaa5967403d082aa24f35e1b516d23)
Start importing Assets/Tiles/tileset_396.asset using Guid(86edae4a9289c57418d95ecce3ca7b64) Importer(2089858483,0ecaa5967403d082aa24f35e1b516d23) [PhysX] Initialized MultithreadedTaskDispatcher with 24 workers.
 -> (artifact id: '5362cc067f9039efa8a85f9b49fd06be') in 0.006934 seconds
Number of updated asset objects reloaded before import = 0
Number of asset objects unloaded after import = 3
========================================================================
Received Import Request.
  Time since last request: 0.000013 seconds.
  path: Assets/Tiles/tileset_436.asset
  artifactKey: Guid(0d3fe9051ef3d054e8a3352aaa6ea927) Importer(2089858483,0ecaa5967403d082aa24f35e1b516d23)
Start importing Assets/Tiles/tileset_436.asset using Guid(0d3fe9051ef3d054e8a3352aaa6ea927) Importer(2089858483,0ecaa5967403d082aa24f35e1b516d23) [PhysX] Initialized MultithreadedTaskDispatcher with 24 workers.
 -> (artifact id: '7b4c4abfb352fb6f1ab9dd36e006f528') in 0.004083 seconds
Number of updated asset objects reloaded before import = 0
Number of asset objects unloaded after import = 3
========================================================================
Received Import Request.
  Time since last request: 0.000017 seconds.
  path: Assets/Tiles/tileset_390.asset
  artifactKey: Guid(1bbefe4c64b3c02498db5c09d77dc929) Importer(2089858483,0ecaa5967403d082aa24f35e1b516d23)
Start importing Assets/Tiles/tileset_390.asset using Guid(1bbefe4c64b3c02498db5c09d77dc929) Importer(2089858483,0ecaa5967403d082aa24f35e1b516d23) [PhysX] Initialized MultithreadedTaskDispatcher with 24 workers.
 -> (artifact id: '583820c841886b62ee4c9273610ecfd8') in 0.004534 seconds
Number of updated asset objects reloaded before import = 0
Number of asset objects unloaded after import = 3
========================================================================
Received Import Request.
  Time since last request: 0.000013 seconds.
  path: Assets/Tiles/tileset_94.asset
  artifactKey: Guid(90f87217c26cc60448f0254566b592e1) Importer(2089858483,0ecaa5967403d082aa24f35e1b516d23)
Start importing Assets/Tiles/tileset_94.asset using Guid(90f87217c26cc60448f0254566b592e1) Importer(2089858483,0ecaa5967403d082aa24f35e1b516d23) [PhysX] Initialized MultithreadedTaskDispatcher with 24 workers.
 -> (artifact id: '8b822d567897aa30bd863a9873c72157') in 0.005229 seconds
Number of updated asset objects reloaded before import = 0
Number of asset objects unloaded after import = 3
========================================================================
Received Import Request.
  Time since last request: 0.000014 seconds.
  path: Assets/Sprites/Individual Sprites/adventurer-attack1-02.png
  artifactKey: Guid(5854097afe4ac614fae4c37bf45ff519) Importer(2089858483,0ecaa5967403d082aa24f35e1b516d23)
Start importing Assets/Sprites/Individual Sprites/adventurer-attack1-02.png using Guid(5854097afe4ac614fae4c37bf45ff519) Importer(2089858483,0ecaa5967403d082aa24f35e1b516d23) [PhysX] Initialized MultithreadedTaskDispatcher with 24 workers.
 -> (artifact id: '585607a3846f2d52c65f94ab25269f4f') in 0.006630 seconds
Number of updated asset objects reloaded before import = 0
Number of asset objects unloaded after import = 1
========================================================================
Received Import Request.
  Time since last request: 0.000014 seconds.
  path: Assets/Sprites/Fighter/Dead.png
  artifactKey: Guid(b50bdee6a727f01408f28a1e9c15dc84) Importer(2089858483,0ecaa5967403d082aa24f35e1b516d23)
Start importing Assets/Sprites/Fighter/Dead.png using Guid(b50bdee6a727f01408f28a1e9c15dc84) Importer(2089858483,0ecaa5967403d082aa24f35e1b516d23) [PhysX] Initialized MultithreadedTaskDispatcher with 24 workers.
 -> (artifact id: 'b643d2de8f624ce6a96d91764b817077') in 0.007282 seconds
Number of updated asset objects reloaded before import = 0
Number of asset objects unloaded after import = 1
========================================================================
Received Import Request.
  Time since last request: 0.000013 seconds.
  path: Assets/Tiles/tileset_6.asset
  artifactKey: Guid(42ad53004d8da284da1b9ff52b73d8cd) Importer(2089858483,0ecaa5967403d082aa24f35e1b516d23)
Start importing Assets/Tiles/tileset_6.asset using Guid(42ad53004d8da284da1b9ff52b73d8cd) Importer(2089858483,0ecaa5967403d082aa24f35e1b516d23) [PhysX] Initialized MultithreadedTaskDispatcher with 24 workers.
 -> (artifact id: '6bb35a62eca563cf3ce91522f3137137') in 0.004882 seconds
Number of updated asset objects reloaded before import = 0
Number of asset objects unloaded after import = 3
========================================================================
Received Import Request.
  Time since last request: 0.000016 seconds.
  path: Assets/Tiles/tileset_402.asset
  artifactKey: Guid(ec3c6bd4ce319d543bf2bc3ac8012bdb) Importer(2089858483,0ecaa5967403d082aa24f35e1b516d23)
Start importing Assets/Tiles/tileset_402.asset using Guid(ec3c6bd4ce319d543bf2bc3ac8012bdb) Importer(2089858483,0ecaa5967403d082aa24f35e1b516d23) [PhysX] Initialized MultithreadedTaskDispatcher with 24 workers.
 -> (artifact id: '6a536dbd141e27b347fa3eb7f210427b') in 0.006145 seconds
Number of updated asset objects reloaded before import = 0
Number of asset objects unloaded after import = 3
========================================================================
Received Import Request.
  Time since last request: 0.000013 seconds.
  path: Assets/Animations/WaterPriest/PriestAtk2.anim
  artifactKey: Guid(4268ff3b57fee614faa96913944e1536) Importer(2089858483,0ecaa5967403d082aa24f35e1b516d23)
Start importing Assets/Animations/WaterPriest/PriestAtk2.anim using Guid(4268ff3b57fee614faa96913944e1536) Importer(2089858483,0ecaa5967403d082aa24f35e1b516d23) [PhysX] Initialized MultithreadedTaskDispatcher with 24 workers.
 -> (artifact id: '3752e5f74d2b546648534ea7ee1f4456') in 0.003530 seconds
Number of updated asset objects reloaded before import = 0
Number of asset objects unloaded after import = 1
========================================================================
Received Import Request.
  Time since last request: 0.000014 seconds.
  path: Assets/Animations/Huntress/HuntressAtk2.anim
  artifactKey: Guid(9e40735b66f598d4b931e622b05cc36c) Importer(2089858483,0ecaa5967403d082aa24f35e1b516d23)
Start importing Assets/Animations/Huntress/HuntressAtk2.anim using Guid(9e40735b66f598d4b931e622b05cc36c) Importer(2089858483,0ecaa5967403d082aa24f35e1b516d23) [PhysX] Initialized MultithreadedTaskDispatcher with 24 workers.
 -> (artifact id: '9abcd0253eaefad58a920467bd62e201') in 0.003827 seconds
Number of updated asset objects reloaded before import = 0
Number of asset objects unloaded after import = 1
========================================================================
Received Import Request.
  Time since last request: 0.000013 seconds.
  path: Assets/Sprites/Girl_1/Walk.png
  artifactKey: Guid(53112398e073e5647b641ef679426548) Importer(2089858483,0ecaa5967403d082aa24f35e1b516d23)
Start importing Assets/Sprites/Girl_1/Walk.png using Guid(53112398e073e5647b641ef679426548) Importer(2089858483,0ecaa5967403d082aa24f35e1b516d23) [PhysX] Initialized MultithreadedTaskDispatcher with 24 workers.
 -> (artifact id: '4f8ee60666940d969b8ad73d69768f01') in 0.008546 seconds
Number of updated asset objects reloaded before import = 0
Number of asset objects unloaded after import = 1
========================================================================
Received Import Request.
  Time since last request: 0.000017 seconds.
  path: Assets/Tiles/tileset_373.asset
  artifactKey: Guid(028cf0f1b18587d41af330f42fc3c355) Importer(2089858483,0ecaa5967403d082aa24f35e1b516d23)
Start importing Assets/Tiles/tileset_373.asset using Guid(028cf0f1b18587d41af330f42fc3c355) Importer(2089858483,0ecaa5967403d082aa24f35e1b516d23) [PhysX] Initialized MultithreadedTaskDispatcher with 24 workers.
 -> (artifact id: '9fc9bd1be1a906070e2a9ef9b4da614a') in 0.005983 seconds
Number of updated asset objects reloaded before import = 0
Number of asset objects unloaded after import = 3
========================================================================
Received Import Request.
  Time since last request: 0.000013 seconds.
  path: Assets/Tiles/tileset_432.asset
  artifactKey: Guid(14efb520639e78841bc9e29051ac3c28) Importer(2089858483,0ecaa5967403d082aa24f35e1b516d23)
Start importing Assets/Tiles/tileset_432.asset using Guid(14efb520639e78841bc9e29051ac3c28) Importer(2089858483,0ecaa5967403d082aa24f35e1b516d23) [PhysX] Initialized MultithreadedTaskDispatcher with 24 workers.
 -> (artifact id: 'e740b1cb9d92cf2fc0c083d5fccea078') in 0.004785 seconds
Number of updated asset objects reloaded before import = 0
Number of asset objects unloaded after import = 3
========================================================================
Received Import Request.
  Time since last request: 0.000014 seconds.
  path: Assets/Tiles/tileset_45.asset
  artifactKey: Guid(314c8cb5ecbf1bf4aa0ec42eee49e54a) Importer(2089858483,0ecaa5967403d082aa24f35e1b516d23)
Start importing Assets/Tiles/tileset_45.asset using Guid(314c8cb5ecbf1bf4aa0ec42eee49e54a) Importer(2089858483,0ecaa5967403d082aa24f35e1b516d23) [PhysX] Initialized MultithreadedTaskDispatcher with 24 workers.
 -> (artifact id: '617fd4d9153c97da0fc935a8ed21ab6e') in 0.004848 seconds
Number of updated asset objects reloaded before import = 0
Number of asset objects unloaded after import = 3
========================================================================
Received Import Request.
  Time since last request: 0.000012 seconds.
  path: Assets/Animations/Samurai/SamuraiLand.anim
  artifactKey: Guid(1cba575b6688cd6478d963dd19871939) Importer(2089858483,0ecaa5967403d082aa24f35e1b516d23)
Start importing Assets/Animations/Samurai/SamuraiLand.anim using Guid(1cba575b6688cd6478d963dd19871939) Importer(2089858483,0ecaa5967403d082aa24f35e1b516d23) [PhysX] Initialized MultithreadedTaskDispatcher with 24 workers.
 -> (artifact id: '65b4897afb593846ec7585e9b00406d6') in 0.005362 seconds
Number of updated asset objects reloaded before import = 0
Number of asset objects unloaded after import = 1
========================================================================
Received Import Request.
  Time since last request: 0.000013 seconds.
  path: Assets/Animations/Monk/MonkHurt.anim
  artifactKey: Guid(18a96e85b933fa8408cc20ee32cad6c3) Importer(2089858483,0ecaa5967403d082aa24f35e1b516d23)
Start importing Assets/Animations/Monk/MonkHurt.anim using Guid(18a96e85b933fa8408cc20ee32cad6c3) Importer(2089858483,0ecaa5967403d082aa24f35e1b516d23) [PhysX] Initialized MultithreadedTaskDispatcher with 24 workers.
 -> (artifact id: 'e1a98d0ff2128ab5db6dc75d7985ee6e') in 0.003541 seconds
Number of updated asset objects reloaded before import = 0
Number of asset objects unloaded after import = 1
========================================================================
Received Import Request.
  Time since last request: 0.000016 seconds.
  path: Assets/Tiles/tileset_88.asset
  artifactKey: Guid(2eca97181f1cff34888a535e757ddcce) Importer(2089858483,0ecaa5967403d082aa24f35e1b516d23)
Start importing Assets/Tiles/tileset_88.asset using Guid(2eca97181f1cff34888a535e757ddcce) Importer(2089858483,0ecaa5967403d082aa24f35e1b516d23) [PhysX] Initialized MultithreadedTaskDispatcher with 24 workers.
 -> (artifact id: 'ca376f488530d2b9f01f76f81b1f53b8') in 0.004032 seconds
Number of updated asset objects reloaded before import = 0
Number of asset objects unloaded after import = 3
========================================================================
Received Import Request.
  Time since last request: 0.000013 seconds.
  path: Assets/Animations/Huntress/HuntressLand.anim
  artifactKey: Guid(2e8c165afd4c0e9458d5aa65f43d3303) Importer(2089858483,0ecaa5967403d082aa24f35e1b516d23)
Start importing Assets/Animations/Huntress/HuntressLand.anim using Guid(2e8c165afd4c0e9458d5aa65f43d3303) Importer(2089858483,0ecaa5967403d082aa24f35e1b516d23) [PhysX] Initialized MultithreadedTaskDispatcher with 24 workers.
 -> (artifact id: '689abc34cd7f6a8ea7b58e6f96b68f19') in 0.004328 seconds
Number of updated asset objects reloaded before import = 0
Number of asset objects unloaded after import = 1
========================================================================
Received Import Request.
  Time since last request: 0.000016 seconds.
  path: Assets/Tiles/tileset_405.asset
  artifactKey: Guid(c7a07693854d9ea448496011df40819b) Importer(2089858483,0ecaa5967403d082aa24f35e1b516d23)
Start importing Assets/Tiles/tileset_405.asset using Guid(c7a07693854d9ea448496011df40819b) Importer(2089858483,0ecaa5967403d082aa24f35e1b516d23) [PhysX] Initialized MultithreadedTaskDispatcher with 24 workers.
 -> (artifact id: 'ab1b4d171b3b7528f5bdbc7ce15530c6') in 0.004102 seconds
Number of updated asset objects reloaded before import = 0
Number of asset objects unloaded after import = 3
========================================================================
Received Import Request.
  Time since last request: 0.000013 seconds.
  path: Assets/Tiles/tileset_73.asset
  artifactKey: Guid(7d29c6b273724d44faca6024e9cd28f9) Importer(2089858483,0ecaa5967403d082aa24f35e1b516d23)
Start importing Assets/Tiles/tileset_73.asset using Guid(7d29c6b273724d44faca6024e9cd28f9) Importer(2089858483,0ecaa5967403d082aa24f35e1b516d23) [PhysX] Initialized MultithreadedTaskDispatcher with 24 workers.
 -> (artifact id: 'ed2d27998d18b6f3213133064f57a0e6') in 0.005282 seconds
Number of updated asset objects reloaded before import = 0
Number of asset objects unloaded after import = 3
========================================================================
Received Import Request.
  Time since last request: 0.000017 seconds.
  path: Assets/Tiles/tileset_445.asset
  artifactKey: Guid(a7fac5857f0cc634683ed2a7f3f84fdb) Importer(2089858483,0ecaa5967403d082aa24f35e1b516d23)
Start importing Assets/Tiles/tileset_445.asset using Guid(a7fac5857f0cc634683ed2a7f3f84fdb) Importer(2089858483,0ecaa5967403d082aa24f35e1b516d23) [PhysX] Initialized MultithreadedTaskDispatcher with 24 workers.
 -> (artifact id: '8c127b4a032ced36333a0f03827c45d6') in 0.005207 seconds
Number of updated asset objects reloaded before import = 0
Number of asset objects unloaded after import = 3
========================================================================
Received Import Request.
  Time since last request: 0.000012 seconds.
  path: Assets/Tiles/tileset_43.asset
  artifactKey: Guid(ee97dca263663a945861d599ec356259) Importer(2089858483,0ecaa5967403d082aa24f35e1b516d23)
Start importing Assets/Tiles/tileset_43.asset using Guid(ee97dca263663a945861d599ec356259) Importer(2089858483,0ecaa5967403d082aa24f35e1b516d23) [PhysX] Initialized MultithreadedTaskDispatcher with 24 workers.
 -> (artifact id: 'ec3d941dfc73579ea60f8691df02c45a') in 0.003864 seconds
Number of updated asset objects reloaded before import = 0
Number of asset objects unloaded after import = 3
========================================================================
Received Import Request.
  Time since last request: 1.222023 seconds.
  path: Assets/Sprites/Individual Sprites/adventurer-die-02.png
  artifactKey: Guid(3c60f8120071f284a8751443d3d97421) Importer(2089858483,0ecaa5967403d082aa24f35e1b516d23)
Start importing Assets/Sprites/Individual Sprites/adventurer-die-02.png using Guid(3c60f8120071f284a8751443d3d97421) Importer(2089858483,0ecaa5967403d082aa24f35e1b516d23) [PhysX] Initialized MultithreadedTaskDispatcher with 24 workers.
 -> (artifact id: '06e66ad7956a0e1b893bb75dc7e1cd38') in 0.009008 seconds
Number of updated asset objects reloaded before import = 0
Number of asset objects unloaded after import = 1
========================================================================
Received Import Request.
  Time since last request: 0.000012 seconds.
  path: Assets/Sprites/free-robot-pixel-art-sprite-sheets/Swordsman/Attack_2.png
  artifactKey: Guid(c576fbac545162f4a848135add74bcf2) Importer(2089858483,0ecaa5967403d082aa24f35e1b516d23)
Start importing Assets/Sprites/free-robot-pixel-art-sprite-sheets/Swordsman/Attack_2.png using Guid(c576fbac545162f4a848135add74bcf2) Importer(2089858483,0ecaa5967403d082aa24f35e1b516d23) [PhysX] Initialized MultithreadedTaskDispatcher with 24 workers.
 -> (artifact id: 'd4f12b615a4fc6ca0f29403e3a6bc6d7') in 0.007336 seconds
Number of updated asset objects reloaded before import = 0
Number of asset objects unloaded after import = 1
========================================================================
Received Import Request.
  Time since last request: 0.000019 seconds.
  path: Assets/Sprites/BladeKeeper/Elementals_metal_bladekeeper_FREE_v1.1/gifs reference/06_trap_cast.gif
  artifactKey: Guid(270f19bc88bd72243830e1e88febed3a) Importer(2089858483,0ecaa5967403d082aa24f35e1b516d23)
Start importing Assets/Sprites/BladeKeeper/Elementals_metal_bladekeeper_FREE_v1.1/gifs reference/06_trap_cast.gif using Guid(270f19bc88bd72243830e1e88febed3a) Importer(2089858483,0ecaa5967403d082aa24f35e1b516d23) [PhysX] Initialized MultithreadedTaskDispatcher with 24 workers.
 -> (artifact id: '3a7021d393e5705cec7739916bcdf693') in 0.009632 seconds
Number of updated asset objects reloaded before import = 0
Number of asset objects unloaded after import = 1
========================================================================
Received Import Request.
  Time since last request: 0.000029 seconds.
  path: Assets/Sprites/Spearwoman/Spearwoman/Spearwoman_Portrait.png
  artifactKey: Guid(69e2c72677ca2374c889d05ae2f1130b) Importer(2089858483,0ecaa5967403d082aa24f35e1b516d23)
Start importing Assets/Sprites/Spearwoman/Spearwoman/Spearwoman_Portrait.png using Guid(69e2c72677ca2374c889d05ae2f1130b) Importer(2089858483,0ecaa5967403d082aa24f35e1b516d23) [PhysX] Initialized MultithreadedTaskDispatcher with 24 workers.
 -> (artifact id: '94746ed2cc24af7b9ebf91f0e31b7eec') in 0.006422 seconds
Number of updated asset objects reloaded before import = 0
Number of asset objects unloaded after import = 1
========================================================================
Received Import Request.
  Time since last request: 0.000013 seconds.
  path: Assets/Sprites/free-wizard-sprite-sheets-pixel-art/Lightning Mage/Attack_1.png
  artifactKey: Guid(50a2a3a69bea84f46acf92ab01ce5fc2) Importer(2089858483,0ecaa5967403d082aa24f35e1b516d23)
Start importing Assets/Sprites/free-wizard-sprite-sheets-pixel-art/Lightning Mage/Attack_1.png using Guid(50a2a3a69bea84f46acf92ab01ce5fc2) Importer(2089858483,0ecaa5967403d082aa24f35e1b516d23) [PhysX] Initialized MultithreadedTaskDispatcher with 24 workers.
 -> (artifact id: '690c7844c9bb6299af54282c7ab4af25') in 0.009600 seconds
Number of updated asset objects reloaded before import = 0
Number of asset objects unloaded after import = 1
========================================================================
Received Import Request.
  Time since last request: 0.000046 seconds.
  path: Assets/Sprites/craftpix-net-123681-free-samurai-pixel-art-sprite-sheets/Samurai/Run.png
  artifactKey: Guid(792471b2d8cef764cad9e22db4bf9bc9) Importer(2089858483,0ecaa5967403d082aa24f35e1b516d23)
Start importing Assets/Sprites/craftpix-net-123681-free-samurai-pixel-art-sprite-sheets/Samurai/Run.png using Guid(792471b2d8cef764cad9e22db4bf9bc9) Importer(2089858483,0ecaa5967403d082aa24f35e1b516d23) [PhysX] Initialized MultithreadedTaskDispatcher with 24 workers.
 -> (artifact id: '40c96ffc4f94be4389f002e83c2d3419') in 0.008233 seconds
Number of updated asset objects reloaded before import = 0
Number of asset objects unloaded after import = 1
========================================================================
Received Import Request.
  Time since last request: 0.000018 seconds.
  path: Assets/Sprites/Monk/Elementals_ground_monk_FREE_v1.3/gifs/05_1_atk.gif
  artifactKey: Guid(61835597cd2806a4e881378f63bd69f6) Importer(2089858483,0ecaa5967403d082aa24f35e1b516d23)
Start importing Assets/Sprites/Monk/Elementals_ground_monk_FREE_v1.3/gifs/05_1_atk.gif using Guid(61835597cd2806a4e881378f63bd69f6) Importer(2089858483,0ecaa5967403d082aa24f35e1b516d23) [PhysX] Initialized MultithreadedTaskDispatcher with 24 workers.
 -> (artifact id: '59a1cef37905f4d240a0dc6d5b632a35') in 0.009052 seconds
Number of updated asset objects reloaded before import = 0
Number of asset objects unloaded after import = 1
========================================================================
Received Import Request.
  Time since last request: 0.000142 seconds.
  path: Assets/Sprites/Knight_player_1.4/Knight_player/Shield_Bash_KG.png
  artifactKey: Guid(19b0196a1b3e5ba4fbcc78e120671e91) Importer(2089858483,0ecaa5967403d082aa24f35e1b516d23)
Start importing Assets/Sprites/Knight_player_1.4/Knight_player/Shield_Bash_KG.png using Guid(19b0196a1b3e5ba4fbcc78e120671e91) Importer(2089858483,0ecaa5967403d082aa24f35e1b516d23) [PhysX] Initialized MultithreadedTaskDispatcher with 24 workers.
 -> (artifact id: 'b972106a6f5ff3875d0d0925e9afb6b2') in 0.010356 seconds
Number of updated asset objects reloaded before import = 0
Number of asset objects unloaded after import = 1
========================================================================
Received Import Request.
  Time since last request: 0.000015 seconds.
  path: Assets/Sprites/Knight_player_1.4/Knight_player/Jump_KG_1.png
  artifactKey: Guid(de452f3c94f09d040989713ec0356da2) Importer(2089858483,0ecaa5967403d082aa24f35e1b516d23)
Start importing Assets/Sprites/Knight_player_1.4/Knight_player/Jump_KG_1.png using Guid(de452f3c94f09d040989713ec0356da2) Importer(2089858483,0ecaa5967403d082aa24f35e1b516d23) [PhysX] Initialized MultithreadedTaskDispatcher with 24 workers.
 -> (artifact id: 'b515a38bc8ac733ec3df26052dc92c70') in 0.007512 seconds
Number of updated asset objects reloaded before import = 0
Number of asset objects unloaded after import = 1
========================================================================
Received Import Request.
  Time since last request: 0.000013 seconds.
  path: Assets/Sprites/Monk/Elementals_ground_monk_FREE_v1.3/gifs/06_2_atk.gif
  artifactKey: Guid(a3f0c766d1b22a84b8e4befd41cca164) Importer(2089858483,0ecaa5967403d082aa24f35e1b516d23)
Start importing Assets/Sprites/Monk/Elementals_ground_monk_FREE_v1.3/gifs/06_2_atk.gif using Guid(a3f0c766d1b22a84b8e4befd41cca164) Importer(2089858483,0ecaa5967403d082aa24f35e1b516d23) [PhysX] Initialized MultithreadedTaskDispatcher with 24 workers.
 -> (artifact id: 'aa23e0e72e6733572423309c7b86de07') in 0.009096 seconds
Number of updated asset objects reloaded before import = 0
Number of asset objects unloaded after import = 1
========================================================================
Received Import Request.
  Time since last request: 0.000016 seconds.
  path: Assets/Sprites/Individual Sprites/adventurer-swrd-drw-00.png
  artifactKey: Guid(009953b1ddb8b154eb40081f4615ae79) Importer(2089858483,0ecaa5967403d082aa24f35e1b516d23)
Start importing Assets/Sprites/Individual Sprites/adventurer-swrd-drw-00.png using Guid(009953b1ddb8b154eb40081f4615ae79) Importer(2089858483,0ecaa5967403d082aa24f35e1b516d23) [PhysX] Initialized MultithreadedTaskDispatcher with 24 workers.
 -> (artifact id: '6a5467f809dbefeee37b72460dde1523') in 0.008267 seconds
Number of updated asset objects reloaded before import = 0
Number of asset objects unloaded after import = 1
========================================================================
Received Import Request.
  Time since last request: 0.000019 seconds.
  path: Assets/Sprites/BladeKeeper/Elementals_metal_bladekeeper_FREE_v1.1/gifs reference/air_atk.gif
  artifactKey: Guid(65768bca10c0ad748b7f4c2d034d1361) Importer(2089858483,0ecaa5967403d082aa24f35e1b516d23)
Start importing Assets/Sprites/BladeKeeper/Elementals_metal_bladekeeper_FREE_v1.1/gifs reference/air_atk.gif using Guid(65768bca10c0ad748b7f4c2d034d1361) Importer(2089858483,0ecaa5967403d082aa24f35e1b516d23) [PhysX] Initialized MultithreadedTaskDispatcher with 24 workers.
 -> (artifact id: '1f656c7d58dce612d4bccf156da0ed33') in 0.009491 seconds
Number of updated asset objects reloaded before import = 0
Number of asset objects unloaded after import = 1
========================================================================
Received Import Request.
  Time since last request: 0.000017 seconds.
  path: Assets/Sprites/free-wizard-sprite-sheets-pixel-art/Wanderer Magican/Magic_sphere.png
  artifactKey: Guid(0d960885dc71ec54a86933b91657ddde) Importer(2089858483,0ecaa5967403d082aa24f35e1b516d23)
Start importing Assets/Sprites/free-wizard-sprite-sheets-pixel-art/Wanderer Magican/Magic_sphere.png using Guid(0d960885dc71ec54a86933b91657ddde) Importer(2089858483,0ecaa5967403d082aa24f35e1b516d23) [PhysX] Initialized MultithreadedTaskDispatcher with 24 workers.
 -> (artifact id: 'dffac4fa7eebc9d37c5e0df76a6a73a3') in 0.008404 seconds
Number of updated asset objects reloaded before import = 0
Number of asset objects unloaded after import = 1
========================================================================
Received Import Request.
  Time since last request: 0.000019 seconds.
  path: Assets/Sprites/Samurai_Archer/Shot.png
  artifactKey: Guid(396bf86695ba62e4d932e3a72822ea13) Importer(2089858483,0ecaa5967403d082aa24f35e1b516d23)
Start importing Assets/Sprites/Samurai_Archer/Shot.png using Guid(396bf86695ba62e4d932e3a72822ea13) Importer(2089858483,0ecaa5967403d082aa24f35e1b516d23) [PhysX] Initialized MultithreadedTaskDispatcher with 24 workers.
 -> (artifact id: '03ff556b01c342403afd55952e795835') in 0.008624 seconds
Number of updated asset objects reloaded before import = 0
Number of asset objects unloaded after import = 1
========================================================================
Received Import Request.
  Time since last request: 0.000032 seconds.
  path: Assets/Sprites/Spritesheet 128/Knight_2/Defend.png
  artifactKey: Guid(de7dbd0901d24d74fb28b6cb005c3e47) Importer(2089858483,0ecaa5967403d082aa24f35e1b516d23)
Start importing Assets/Sprites/Spritesheet 128/Knight_2/Defend.png using Guid(de7dbd0901d24d74fb28b6cb005c3e47) Importer(2089858483,0ecaa5967403d082aa24f35e1b516d23) [PhysX] Initialized MultithreadedTaskDispatcher with 24 workers.
 -> (artifact id: 'e51c690a261c396b1e08be64fb08bdc0') in 0.007888 seconds
Number of updated asset objects reloaded before import = 0
Number of asset objects unloaded after import = 1
========================================================================
Received Import Request.
  Time since last request: 0.000013 seconds.
  path: Assets/Sprites/BladeKeeper/Elementals_metal_bladekeeper_FREE_v1.1/gifs reference/09_3_atk.gif
  artifactKey: Guid(fe9458a58aa497943a0108230e4cf627) Importer(2089858483,0ecaa5967403d082aa24f35e1b516d23)
Start importing Assets/Sprites/BladeKeeper/Elementals_metal_bladekeeper_FREE_v1.1/gifs reference/09_3_atk.gif using Guid(fe9458a58aa497943a0108230e4cf627) Importer(2089858483,0ecaa5967403d082aa24f35e1b516d23) [PhysX] Initialized MultithreadedTaskDispatcher with 24 workers.
 -> (artifact id: '566bedc0a0a674c9e8282704604ae584') in 0.007834 seconds
Number of updated asset objects reloaded before import = 0
Number of asset objects unloaded after import = 1
========================================================================
Received Import Request.
  Time since last request: 0.000019 seconds.
  path: Assets/Sprites/Shinobi/Jump.png
  artifactKey: Guid(0f591e4eeb8a9c4459fc17f3eed6e9b6) Importer(2089858483,0ecaa5967403d082aa24f35e1b516d23)
Start importing Assets/Sprites/Shinobi/Jump.png using Guid(0f591e4eeb8a9c4459fc17f3eed6e9b6) Importer(2089858483,0ecaa5967403d082aa24f35e1b516d23) [PhysX] Initialized MultithreadedTaskDispatcher with 24 workers.
 -> (artifact id: '99314c6615d75d45965462578a3818d3') in 0.008353 seconds
Number of updated asset objects reloaded before import = 0
Number of asset objects unloaded after import = 1
========================================================================
Received Import Request.
  Time since last request: 0.000093 seconds.
  path: Assets/Sprites/FREE_Samurai 2D Pixel Art v1.2/Sprites/IDLE.png
  artifactKey: Guid(8c4b46260714b2a4589a8001b9a55649) Importer(2089858483,0ecaa5967403d082aa24f35e1b516d23)
Start importing Assets/Sprites/FREE_Samurai 2D Pixel Art v1.2/Sprites/IDLE.png using Guid(8c4b46260714b2a4589a8001b9a55649) Importer(2089858483,0ecaa5967403d082aa24f35e1b516d23) [PhysX] Initialized MultithreadedTaskDispatcher with 24 workers.
 -> (artifact id: 'e5160490349dffd94eafbbfaae301b3f') in 0.008233 seconds
Number of updated asset objects reloaded before import = 0
Number of asset objects unloaded after import = 1
========================================================================
Received Import Request.
  Time since last request: 0.000019 seconds.
  path: Assets/Sprites/free-wizard-sprite-sheets-pixel-art/Wanderer Magican/Hurt.png
  artifactKey: Guid(f1704f9c5990e1347847c3560aa6d514) Importer(2089858483,0ecaa5967403d082aa24f35e1b516d23)
Start importing Assets/Sprites/free-wizard-sprite-sheets-pixel-art/Wanderer Magican/Hurt.png using Guid(f1704f9c5990e1347847c3560aa6d514) Importer(2089858483,0ecaa5967403d082aa24f35e1b516d23) [PhysX] Initialized MultithreadedTaskDispatcher with 24 workers.
 -> (artifact id: 'a1ee6e5714b836fc9c0e1529ee42cce9') in 0.007641 seconds
Number of updated asset objects reloaded before import = 0
Number of asset objects unloaded after import = 1
========================================================================
Received Import Request.
  Time since last request: 0.000011 seconds.
  path: Assets/Sprites/Samurai/Run.png
  artifactKey: Guid(79287f6efdd2b4e4cbfad12b38531112) Importer(2089858483,0ecaa5967403d082aa24f35e1b516d23)
Start importing Assets/Sprites/Samurai/Run.png using Guid(79287f6efdd2b4e4cbfad12b38531112) Importer(2089858483,0ecaa5967403d082aa24f35e1b516d23) [PhysX] Initialized MultithreadedTaskDispatcher with 24 workers.
 -> (artifact id: '564299a49059f189608a92931dbc9df2') in 0.007795 seconds
Number of updated asset objects reloaded before import = 0
Number of asset objects unloaded after import = 1
========================================================================
Received Import Request.
  Time since last request: 0.000019 seconds.
  path: Assets/Sprites/AlienDudes/Font/Planes_ValMore.ttf
  artifactKey: Guid(10b95ae3388ad1e41a63be458170ec62) Importer(2089858483,0ecaa5967403d082aa24f35e1b516d23)
Start importing Assets/Sprites/AlienDudes/Font/Planes_ValMore.ttf using Guid(10b95ae3388ad1e41a63be458170ec62) Importer(2089858483,0ecaa5967403d082aa24f35e1b516d23) [PhysX] Initialized MultithreadedTaskDispatcher with 24 workers.
 -> (artifact id: '082b90e379f4b243df5fb523d5e64b8d') in 0.013775 seconds
Number of updated asset objects reloaded before import = 0
Number of asset objects unloaded after import = 3
========================================================================
Received Import Request.
  Time since last request: 0.000016 seconds.
  path: Assets/Sprites/PSD/Shinobi_Spritelist.psd
  artifactKey: Guid(53aa5fe82def34947a4b0aec49b9b1fc) Importer(2089858483,0ecaa5967403d082aa24f35e1b516d23)
Start importing Assets/Sprites/PSD/Shinobi_Spritelist.psd using Guid(53aa5fe82def34947a4b0aec49b9b1fc) Importer(2089858483,0ecaa5967403d082aa24f35e1b516d23) [PhysX] Initialized MultithreadedTaskDispatcher with 24 workers.
 -> (artifact id: '5654cc2999b3e3c9e9d3fc804c3da44d') in 0.011515 seconds
Number of updated asset objects reloaded before import = 0
Number of asset objects unloaded after import = 1
========================================================================
Received Import Request.
  Time since last request: 0.000014 seconds.
  path: Assets/Sprites/Spritesheet 128/Knight_1/Jump.png
  artifactKey: Guid(76eae35d3e830ef448840e3bc12bd002) Importer(2089858483,0ecaa5967403d082aa24f35e1b516d23)
Start importing Assets/Sprites/Spritesheet 128/Knight_1/Jump.png using Guid(76eae35d3e830ef448840e3bc12bd002) Importer(2089858483,0ecaa5967403d082aa24f35e1b516d23) [PhysX] Initialized MultithreadedTaskDispatcher with 24 workers.
 -> (artifact id: 'c6edde7de82ade98767541757a1af131') in 0.008695 seconds
Number of updated asset objects reloaded before import = 0
Number of asset objects unloaded after import = 1
========================================================================
Received Import Request.
  Time since last request: 0.000013 seconds.
  path: Assets/Sprites/free-wizard-sprite-sheets-pixel-art/Wanderer Magican/Charge_1.png
  artifactKey: Guid(907312b8b6fef9048b158bc438dd3c0c) Importer(2089858483,0ecaa5967403d082aa24f35e1b516d23)
Start importing Assets/Sprites/free-wizard-sprite-sheets-pixel-art/Wanderer Magican/Charge_1.png using Guid(907312b8b6fef9048b158bc438dd3c0c) Importer(2089858483,0ecaa5967403d082aa24f35e1b516d23) [PhysX] Initialized MultithreadedTaskDispatcher with 24 workers.
 -> (artifact id: '488fce581d7b4b1aa3c2ffb3a1fab8de') in 0.007602 seconds
Number of updated asset objects reloaded before import = 0
Number of asset objects unloaded after import = 1
========================================================================
Received Import Request.
  Time since last request: 0.000016 seconds.
  path: Assets/Sprites/free-robot-pixel-art-sprite-sheets/PSD/Destroyer_spritelist.psd
  artifactKey: Guid(c832f2fca5a4101408bd3ed8a2b2c3bd) Importer(2089858483,0ecaa5967403d082aa24f35e1b516d23)
Start importing Assets/Sprites/free-robot-pixel-art-sprite-sheets/PSD/Destroyer_spritelist.psd using Guid(c832f2fca5a4101408bd3ed8a2b2c3bd) Importer(2089858483,0ecaa5967403d082aa24f35e1b516d23) [PhysX] Initialized MultithreadedTaskDispatcher with 24 workers.
 -> (artifact id: '15c22bb53c13ef9f2cc2f714b30f03bf') in 0.010756 seconds
Number of updated asset objects reloaded before import = 0
Number of asset objects unloaded after import = 1
========================================================================
Received Import Request.
  Time since last request: 0.000026 seconds.
  path: Assets/Sprites/BladeKeeper/Elementals_metal_bladekeeper_FREE_v1.1/metal_bladekeeper.png
  artifactKey: Guid(6f571f32d5209134e9d742533b01bada) Importer(2089858483,0ecaa5967403d082aa24f35e1b516d23)
Start importing Assets/Sprites/BladeKeeper/Elementals_metal_bladekeeper_FREE_v1.1/metal_bladekeeper.png using Guid(6f571f32d5209134e9d742533b01bada) Importer(2089858483,0ecaa5967403d082aa24f35e1b516d23) [PhysX] Initialized MultithreadedTaskDispatcher with 24 workers.
 -> (artifact id: 'e483e4f41ce8db20ec4f81b4dbd6607d') in 0.008444 seconds
Number of updated asset objects reloaded before import = 0
Number of asset objects unloaded after import = 1
========================================================================
Received Import Request.
  Time since last request: 0.000015 seconds.
  path: Assets/Sprites/Spritesheet 128/Knight_2/Hurt.png
  artifactKey: Guid(0a9851e4990f8fe40b89584b39a2e4b0) Importer(2089858483,0ecaa5967403d082aa24f35e1b516d23)
Start importing Assets/Sprites/Spritesheet 128/Knight_2/Hurt.png using Guid(0a9851e4990f8fe40b89584b39a2e4b0) Importer(2089858483,0ecaa5967403d082aa24f35e1b516d23) [PhysX] Initialized MultithreadedTaskDispatcher with 24 workers.
 -> (artifact id: 'f4680a3a5ff8a25d1cf17296c3f2479a') in 0.008122 seconds
Number of updated asset objects reloaded before import = 0
Number of asset objects unloaded after import = 1
========================================================================
Received Import Request.
  Time since last request: 0.000013 seconds.
  path: Assets/Sprites/Huntress/Huntress/Sprites/Death.png
  artifactKey: Guid(06b5eefea243a8042851db37e670de6b) Importer(2089858483,0ecaa5967403d082aa24f35e1b516d23)
Start importing Assets/Sprites/Huntress/Huntress/Sprites/Death.png using Guid(06b5eefea243a8042851db37e670de6b) Importer(2089858483,0ecaa5967403d082aa24f35e1b516d23) [PhysX] Initialized MultithreadedTaskDispatcher with 24 workers.
 -> (artifact id: '3f2f20e3a9efaf0c06a575d4e38b03d5') in 0.021871 seconds
Number of updated asset objects reloaded before import = 0
Number of asset objects unloaded after import = 10
========================================================================
Received Import Request.
  Time since last request: 0.000015 seconds.
  path: Assets/Sprites/BladeKeeper/Elementals_metal_bladekeeper_FREE_v1.1/gifs reference/03_jump_down.gif
  artifactKey: Guid(676902f1bee53ae49a18726bdd99914d) Importer(2089858483,0ecaa5967403d082aa24f35e1b516d23)
Start importing Assets/Sprites/BladeKeeper/Elementals_metal_bladekeeper_FREE_v1.1/gifs reference/03_jump_down.gif using Guid(676902f1bee53ae49a18726bdd99914d) Importer(2089858483,0ecaa5967403d082aa24f35e1b516d23) [PhysX] Initialized MultithreadedTaskDispatcher with 24 workers.
 -> (artifact id: '09428c988270a3211f37f43452cee305') in 0.010212 seconds
Number of updated asset objects reloaded before import = 0
Number of asset objects unloaded after import = 1
========================================================================
Received Import Request.
  Time since last request: 0.000014 seconds.
  path: Assets/Tilemaps/Mossy Assets/Mossy Tileset/Mossy - TileSet.png
  artifactKey: Guid(22fba54c2d389c64fb3732f5a7659cc0) Importer(2089858483,0ecaa5967403d082aa24f35e1b516d23)
Start importing Assets/Tilemaps/Mossy Assets/Mossy Tileset/Mossy - TileSet.png using Guid(22fba54c2d389c64fb3732f5a7659cc0) Importer(2089858483,0ecaa5967403d082aa24f35e1b516d23) [PhysX] Initialized MultithreadedTaskDispatcher with 24 workers.
 -> (artifact id: 'cf27850252c1834f4445bae5e258f9fb') in 0.014205 seconds
Number of updated asset objects reloaded before import = 0
Number of asset objects unloaded after import = 1
========================================================================
Received Import Request.
  Time since last request: 0.000013 seconds.
  path: Assets/Sprites/PSD/Samurai_Archer_Spritelist.psd
  artifactKey: Guid(84c5a7d2188b5b74881863ac84c3fda6) Importer(2089858483,0ecaa5967403d082aa24f35e1b516d23)
Start importing Assets/Sprites/PSD/Samurai_Archer_Spritelist.psd using Guid(84c5a7d2188b5b74881863ac84c3fda6) Importer(2089858483,0ecaa5967403d082aa24f35e1b516d23) [PhysX] Initialized MultithreadedTaskDispatcher with 24 workers.
 -> (artifact id: '92873462de9a0cc1b057e69a70071cbe') in 0.008257 seconds
Number of updated asset objects reloaded before import = 0
Number of asset objects unloaded after import = 1
========================================================================
Received Import Request.
  Time since last request: 0.000016 seconds.
  path: Assets/Sprites/free-robot-pixel-art-sprite-sheets/Destroyer/Shutdown.png
  artifactKey: Guid(0eea6e32a757f2a45a0368ea70707b52) Importer(2089858483,0ecaa5967403d082aa24f35e1b516d23)
Start importing Assets/Sprites/free-robot-pixel-art-sprite-sheets/Destroyer/Shutdown.png using Guid(0eea6e32a757f2a45a0368ea70707b52) Importer(2089858483,0ecaa5967403d082aa24f35e1b516d23) [PhysX] Initialized MultithreadedTaskDispatcher with 24 workers.
 -> (artifact id: '3856b59d7e63498953954ac76ec11b06') in 0.007726 seconds
Number of updated asset objects reloaded before import = 0
Number of asset objects unloaded after import = 1
========================================================================
Received Import Request.
  Time since last request: 0.000015 seconds.
  path: Assets/Sprites/Knight_player_1.4/Knight_player/Dying_KG_2.png
  artifactKey: Guid(668b019bb8162014e881521695be2250) Importer(2089858483,0ecaa5967403d082aa24f35e1b516d23)
Start importing Assets/Sprites/Knight_player_1.4/Knight_player/Dying_KG_2.png using Guid(668b019bb8162014e881521695be2250) Importer(2089858483,0ecaa5967403d082aa24f35e1b516d23) [PhysX] Initialized MultithreadedTaskDispatcher with 24 workers.
 -> (artifact id: '4e3fa6cb866b3afd940c27bd96bb165d') in 0.006905 seconds
Number of updated asset objects reloaded before import = 0
Number of asset objects unloaded after import = 1
========================================================================
Received Import Request.
  Time since last request: 0.000013 seconds.
  path: Assets/Sprites/Knight_player_1.4/Knight_player/Crouching_Walk_KG_1.png
  artifactKey: Guid(37fbd77c175e1484f965f8e834d58253) Importer(2089858483,0ecaa5967403d082aa24f35e1b516d23)
Start importing Assets/Sprites/Knight_player_1.4/Knight_player/Crouching_Walk_KG_1.png using Guid(37fbd77c175e1484f965f8e834d58253) Importer(2089858483,0ecaa5967403d082aa24f35e1b516d23) [PhysX] Initialized MultithreadedTaskDispatcher with 24 workers.
 -> (artifact id: '1f0d3c31b0ad60c81d8026358e4f08ee') in 0.007293 seconds
Number of updated asset objects reloaded before import = 0
Number of asset objects unloaded after import = 1
========================================================================
Received Import Request.
  Time since last request: 0.000013 seconds.
  path: Assets/Sprites/AlienDudes/2/WalkAttack2.png
  artifactKey: Guid(d2f525f9c3616da489fa09cee3544904) Importer(2089858483,0ecaa5967403d082aa24f35e1b516d23)
Start importing Assets/Sprites/AlienDudes/2/WalkAttack2.png using Guid(d2f525f9c3616da489fa09cee3544904) Importer(2089858483,0ecaa5967403d082aa24f35e1b516d23) [PhysX] Initialized MultithreadedTaskDispatcher with 24 workers.
 -> (artifact id: 'caf909e3185617cb3d46d4f489796da7') in 0.008756 seconds
Number of updated asset objects reloaded before import = 0
Number of asset objects unloaded after import = 1
========================================================================
Received Import Request.
  Time since last request: 0.000016 seconds.
  path: Assets/Sprites/AlienDudes/3/RunAttack1.png
  artifactKey: Guid(d373a31d8af5296478096085eafce371) Importer(2089858483,0ecaa5967403d082aa24f35e1b516d23)
Start importing Assets/Sprites/AlienDudes/3/RunAttack1.png using Guid(d373a31d8af5296478096085eafce371) Importer(2089858483,0ecaa5967403d082aa24f35e1b516d23) [PhysX] Initialized MultithreadedTaskDispatcher with 24 workers.
 -> (artifact id: 'd3bbcfaaf6cb92fb9be3409569869d31') in 0.007740 seconds
Number of updated asset objects reloaded before import = 0
Number of asset objects unloaded after import = 1
========================================================================
Received Import Request.
  Time since last request: 0.000013 seconds.
  path: Assets/Sprites/AlienDudes/1/WalkAttack2.png
  artifactKey: Guid(beaa9183d25389e489a129172ad46a39) Importer(2089858483,0ecaa5967403d082aa24f35e1b516d23)
Start importing Assets/Sprites/AlienDudes/1/WalkAttack2.png using Guid(beaa9183d25389e489a129172ad46a39) Importer(2089858483,0ecaa5967403d082aa24f35e1b516d23) [PhysX] Initialized MultithreadedTaskDispatcher with 24 workers.
 -> (artifact id: 'c4a7daf8a70f6ca8252161fd5d040b61') in 0.007533 seconds
Number of updated asset objects reloaded before import = 0
Number of asset objects unloaded after import = 1
========================================================================
Received Import Request.
  Time since last request: 0.000017 seconds.
  path: Assets/Sprites/Individual Sprites/adventurer-run-01.png
  artifactKey: Guid(bee36ee871cf440478cdeb7f09232a31) Importer(2089858483,0ecaa5967403d082aa24f35e1b516d23)
Start importing Assets/Sprites/Individual Sprites/adventurer-run-01.png using Guid(bee36ee871cf440478cdeb7f09232a31) Importer(2089858483,0ecaa5967403d082aa24f35e1b516d23) [PhysX] Initialized MultithreadedTaskDispatcher with 24 workers.
 -> (artifact id: '9f7b80ecfe01263cda9ec519a0ec8643') in 0.008082 seconds
Number of updated asset objects reloaded before import = 0
Number of asset objects unloaded after import = 1
========================================================================
Received Import Request.
  Time since last request: 0.000018 seconds.
  path: Assets/Sprites/Shinobi/Dead.png
  artifactKey: Guid(f2d83ed2ac39bfe49bd862f30c1f9ced) Importer(2089858483,0ecaa5967403d082aa24f35e1b516d23)
Start importing Assets/Sprites/Shinobi/Dead.png using Guid(f2d83ed2ac39bfe49bd862f30c1f9ced) Importer(2089858483,0ecaa5967403d082aa24f35e1b516d23) [PhysX] Initialized MultithreadedTaskDispatcher with 24 workers.
 -> (artifact id: '130f9dae3d5318ce077ce954e90832f5') in 0.008194 seconds
Number of updated asset objects reloaded before import = 0
Number of asset objects unloaded after import = 1
========================================================================
Received Import Request.
  Time since last request: 0.000016 seconds.
  path: Assets/Sprites/Water_Priest/Elementals_water_priestess_FREE_v1.1/water_priestess_FREE_v1.1.aseprite
  artifactKey: Guid(8f7c51cb76a249445911254fd75b7bd4) Importer(2089858483,0ecaa5967403d082aa24f35e1b516d23)
Start importing Assets/Sprites/Water_Priest/Elementals_water_priestess_FREE_v1.1/water_priestess_FREE_v1.1.aseprite using Guid(8f7c51cb76a249445911254fd75b7bd4) Importer(2089858483,0ecaa5967403d082aa24f35e1b516d23) [PhysX] Initialized MultithreadedTaskDispatcher with 24 workers.
 -> (artifact id: 'b7cb592afceaf7bc5b3364c488a55e54') in 0.002911 seconds
Number of updated asset objects reloaded before import = 0
Number of asset objects unloaded after import = 1
========================================================================
Received Import Request.
  Time since last request: 0.000013 seconds.
  path: Assets/Sprites/Knight_player_1.4/Knight_player/Fall_KG_1.png
  artifactKey: Guid(19e4c356d36155343980fef46ee1bad8) Importer(2089858483,0ecaa5967403d082aa24f35e1b516d23)
Start importing Assets/Sprites/Knight_player_1.4/Knight_player/Fall_KG_1.png using Guid(19e4c356d36155343980fef46ee1bad8) Importer(2089858483,0ecaa5967403d082aa24f35e1b516d23) [PhysX] Initialized MultithreadedTaskDispatcher with 24 workers.
 -> (artifact id: '004eb39a02c1fffc4fa9380477aef771') in 0.007991 seconds
Number of updated asset objects reloaded before import = 0
Number of asset objects unloaded after import = 1
========================================================================
Received Import Request.
  Time since last request: 0.000013 seconds.
  path: Assets/Sprites/free-wizard-sprite-sheets-pixel-art/Lightning Mage/Light_ball.png
  artifactKey: Guid(1bb1856945ffac84ab6cf02f3b9c356b) Importer(2089858483,0ecaa5967403d082aa24f35e1b516d23)
Start importing Assets/Sprites/free-wizard-sprite-sheets-pixel-art/Lightning Mage/Light_ball.png using Guid(1bb1856945ffac84ab6cf02f3b9c356b) Importer(2089858483,0ecaa5967403d082aa24f35e1b516d23) [PhysX] Initialized MultithreadedTaskDispatcher with 24 workers.
 -> (artifact id: '04f3bdb0b7dc44fb2d5a8cfc1f2b6cc7') in 0.008859 seconds
Number of updated asset objects reloaded before import = 0
Number of asset objects unloaded after import = 1
========================================================================
Received Import Request.
  Time since last request: 0.000051 seconds.
  path: Assets/Sprites/Spritesheet 128/Knight_2/Run.png
  artifactKey: Guid(8678a4d79da85dc40b2215e78c5cbf7b) Importer(2089858483,0ecaa5967403d082aa24f35e1b516d23)
Start importing Assets/Sprites/Spritesheet 128/Knight_2/Run.png using Guid(8678a4d79da85dc40b2215e78c5cbf7b) Importer(2089858483,0ecaa5967403d082aa24f35e1b516d23) [PhysX] Initialized MultithreadedTaskDispatcher with 24 workers.
 -> (artifact id: 'c16a3eaf2856c90efc91ad0969c535e6') in 0.006958 seconds
Number of updated asset objects reloaded before import = 0
Number of asset objects unloaded after import = 1
========================================================================
Received Import Request.
  Time since last request: 0.000016 seconds.
  path: Assets/Sprites/Knight_1/Defend.png
  artifactKey: Guid(f203d48833605d948b6db049a41f355e) Importer(2089858483,0ecaa5967403d082aa24f35e1b516d23)
Start importing Assets/Sprites/Knight_1/Defend.png using Guid(f203d48833605d948b6db049a41f355e) Importer(2089858483,0ecaa5967403d082aa24f35e1b516d23) [PhysX] Initialized MultithreadedTaskDispatcher with 24 workers.
 -> (artifact id: 'e4df87103f4e71cb15db84e014aed043') in 0.013666 seconds
Number of updated asset objects reloaded before import = 0
Number of asset objects unloaded after import = 7
========================================================================
Received Import Request.
  Time since last request: 0.000014 seconds.
  path: Assets/Sprites/Knight_2/Walk.png
  artifactKey: Guid(99d720752ff09eb479605889d7c3c39f) Importer(2089858483,0ecaa5967403d082aa24f35e1b516d23)
Start importing Assets/Sprites/Knight_2/Walk.png using Guid(99d720752ff09eb479605889d7c3c39f) Importer(2089858483,0ecaa5967403d082aa24f35e1b516d23) [PhysX] Initialized MultithreadedTaskDispatcher with 24 workers.
 -> (artifact id: 'de3b437fe183b44b03bd4991c57c58b8') in 0.006864 seconds
Number of updated asset objects reloaded before import = 0
Number of asset objects unloaded after import = 1
========================================================================
Received Import Request.
  Time since last request: 0.000016 seconds.
  path: Assets/Sprites/free-robot-pixel-art-sprite-sheets/Swordsman/Dead.png
  artifactKey: Guid(b34b8a0ea2f1c1a4fa3daa79b1a073c6) Importer(2089858483,0ecaa5967403d082aa24f35e1b516d23)
Start importing Assets/Sprites/free-robot-pixel-art-sprite-sheets/Swordsman/Dead.png using Guid(b34b8a0ea2f1c1a4fa3daa79b1a073c6) Importer(2089858483,0ecaa5967403d082aa24f35e1b516d23) [PhysX] Initialized MultithreadedTaskDispatcher with 24 workers.
 -> (artifact id: '0a3019d11b50867ab2a107b5b55d1df2') in 0.006554 seconds
Number of updated asset objects reloaded before import = 0
Number of asset objects unloaded after import = 1
========================================================================
Received Import Request.
  Time since last request: 0.000014 seconds.
  path: Assets/Sprites/Knight 2D Pixel Art/Sprites/without_outline/HURT.png
  artifactKey: Guid(4d8d53d23686d8b469a5ecfeab54e089) Importer(2089858483,0ecaa5967403d082aa24f35e1b516d23)
Start importing Assets/Sprites/Knight 2D Pixel Art/Sprites/without_outline/HURT.png using Guid(4d8d53d23686d8b469a5ecfeab54e089) Importer(2089858483,0ecaa5967403d082aa24f35e1b516d23) [PhysX] Initialized MultithreadedTaskDispatcher with 24 workers.
 -> (artifact id: '9b9954a157d9062ba9a8b70c4fb1d6b8') in 0.007320 seconds
Number of updated asset objects reloaded before import = 0
Number of asset objects unloaded after import = 1
========================================================================
Received Import Request.
  Time since last request: 0.000016 seconds.
  path: Assets/Sprites/Knight_player_1.4/Knight_player/Attack_KG_1.png
  artifactKey: Guid(b3a3e8b5d029a3547a7ed5ee012eab4b) Importer(2089858483,0ecaa5967403d082aa24f35e1b516d23)
Start importing Assets/Sprites/Knight_player_1.4/Knight_player/Attack_KG_1.png using Guid(b3a3e8b5d029a3547a7ed5ee012eab4b) Importer(2089858483,0ecaa5967403d082aa24f35e1b516d23) [PhysX] Initialized MultithreadedTaskDispatcher with 24 workers.
 -> (artifact id: '7cf9821e7d14d963018961dadb77c01c') in 0.007392 seconds
Number of updated asset objects reloaded before import = 0
Number of asset objects unloaded after import = 1
========================================================================
Received Import Request.
  Time since last request: 0.000021 seconds.
  path: Assets/Sprites/Viking/Viking/Viking-Sheet.png
  artifactKey: Guid(fc078ff1365f960468d5f52050e1ff1b) Importer(2089858483,0ecaa5967403d082aa24f35e1b516d23)
Start importing Assets/Sprites/Viking/Viking/Viking-Sheet.png using Guid(fc078ff1365f960468d5f52050e1ff1b) Importer(2089858483,0ecaa5967403d082aa24f35e1b516d23) [PhysX] Initialized MultithreadedTaskDispatcher with 24 workers.
 -> (artifact id: '5b75abb6ca9a91f625d5067bacfd4b81') in 0.008021 seconds
Number of updated asset objects reloaded before import = 0
Number of asset objects unloaded after import = 1
========================================================================
Received Import Request.
  Time since last request: 0.000015 seconds.
  path: Assets/Sprites/free-robot-pixel-art-sprite-sheets/Infantryman/Attack_1.png
  artifactKey: Guid(ad662b6451ebb104bab9d8e12f61cdac) Importer(2089858483,0ecaa5967403d082aa24f35e1b516d23)
Start importing Assets/Sprites/free-robot-pixel-art-sprite-sheets/Infantryman/Attack_1.png using Guid(ad662b6451ebb104bab9d8e12f61cdac) Importer(2089858483,0ecaa5967403d082aa24f35e1b516d23) [PhysX] Initialized MultithreadedTaskDispatcher with 24 workers.
 -> (artifact id: '6385a90dbdab640a3e2d227fef39413d') in 0.009821 seconds
Number of updated asset objects reloaded before import = 0
Number of asset objects unloaded after import = 1
========================================================================
Received Import Request.
  Time since last request: 0.000013 seconds.
  path: Assets/Sprites/Spritesheet 128/Knight_3/Jump.png
  artifactKey: Guid(249d353d8697273428bce26891496619) Importer(2089858483,0ecaa5967403d082aa24f35e1b516d23)
Start importing Assets/Sprites/Spritesheet 128/Knight_3/Jump.png using Guid(249d353d8697273428bce26891496619) Importer(2089858483,0ecaa5967403d082aa24f35e1b516d23) [PhysX] Initialized MultithreadedTaskDispatcher with 24 workers.
 -> (artifact id: 'ee5597475923749affeb948ee1b2478b') in 0.007622 seconds
Number of updated asset objects reloaded before import = 0
Number of asset objects unloaded after import = 1
========================================================================
Received Import Request.
  Time since last request: 0.000017 seconds.
  path: Assets/Sprites/Knight_3/Protect.png
  artifactKey: Guid(b3dc5bfed4e9e3f46bbca65c421d5308) Importer(2089858483,0ecaa5967403d082aa24f35e1b516d23)
Start importing Assets/Sprites/Knight_3/Protect.png using Guid(b3dc5bfed4e9e3f46bbca65c421d5308) Importer(2089858483,0ecaa5967403d082aa24f35e1b516d23) [PhysX] Initialized MultithreadedTaskDispatcher with 24 workers.
 -> (artifact id: 'b084637949c5b8142f0580358191b081') in 0.007444 seconds
Number of updated asset objects reloaded before import = 0
Number of asset objects unloaded after import = 1
========================================================================
Received Import Request.
  Time since last request: 0.000013 seconds.
  path: Assets/Sprites/Knight_3/Walk.png
  artifactKey: Guid(b32e90604fb14ae4d9533feb5fa07738) Importer(2089858483,0ecaa5967403d082aa24f35e1b516d23)
Start importing Assets/Sprites/Knight_3/Walk.png using Guid(b32e90604fb14ae4d9533feb5fa07738) Importer(2089858483,0ecaa5967403d082aa24f35e1b516d23) [PhysX] Initialized MultithreadedTaskDispatcher with 24 workers.
 -> (artifact id: '0d73336dbb9248ca618afbcb3790c89e') in 0.009122 seconds
Number of updated asset objects reloaded before import = 0
Number of asset objects unloaded after import = 1
========================================================================
Received Import Request.
  Time since last request: 0.000014 seconds.
  path: Assets/Sprites/free-wizard-sprite-sheets-pixel-art/PSD/Wanderer_Magican_Spritelist.psd
  artifactKey: Guid(c3b1787cf0dcf934a9d2451c1c1a59eb) Importer(2089858483,0ecaa5967403d082aa24f35e1b516d23)
Start importing Assets/Sprites/free-wizard-sprite-sheets-pixel-art/PSD/Wanderer_Magican_Spritelist.psd using Guid(c3b1787cf0dcf934a9d2451c1c1a59eb) Importer(2089858483,0ecaa5967403d082aa24f35e1b516d23) [PhysX] Initialized MultithreadedTaskDispatcher with 24 workers.
 -> (artifact id: '67a4ea4cec732f134358a6cd994a56f9') in 0.009750 seconds
Number of updated asset objects reloaded before import = 0
Number of asset objects unloaded after import = 1
========================================================================
Received Import Request.
  Time since last request: 0.000016 seconds.
  path: Assets/Sprites/Knight_1/Run.png
  artifactKey: Guid(23f3c00f4c38bc04ba7799313d8b8077) Importer(2089858483,0ecaa5967403d082aa24f35e1b516d23)
Start importing Assets/Sprites/Knight_1/Run.png using Guid(23f3c00f4c38bc04ba7799313d8b8077) Importer(2089858483,0ecaa5967403d082aa24f35e1b516d23) [PhysX] Initialized MultithreadedTaskDispatcher with 24 workers.
 -> (artifact id: 'a66bd0e2763b4b8d25db5be9039ee40f') in 0.014011 seconds
Number of updated asset objects reloaded before import = 0
Number of asset objects unloaded after import = 9
========================================================================
Received Import Request.
  Time since last request: 0.000021 seconds.
  path: Assets/Sprites/Individual Sprites/adventurer-wall-slide-00.png
  artifactKey: Guid(51a50a01bb9a5094c90f77e4113463e2) Importer(2089858483,0ecaa5967403d082aa24f35e1b516d23)
Start importing Assets/Sprites/Individual Sprites/adventurer-wall-slide-00.png using Guid(51a50a01bb9a5094c90f77e4113463e2) Importer(2089858483,0ecaa5967403d082aa24f35e1b516d23) [PhysX] Initialized MultithreadedTaskDispatcher with 24 workers.
 -> (artifact id: '0ce934c73454c6937672d4487d7f0b72') in 0.007938 seconds
Number of updated asset objects reloaded before import = 0
Number of asset objects unloaded after import = 1
========================================================================
Received Import Request.
  Time since last request: 0.000013 seconds.
  path: Assets/Sprites/Monk/Elementals_ground_monk_FREE_v1.3/gifs/02_run.gif
  artifactKey: Guid(984b63e06a6495b48ac2d0fb6194876c) Importer(2089858483,0ecaa5967403d082aa24f35e1b516d23)
Start importing Assets/Sprites/Monk/Elementals_ground_monk_FREE_v1.3/gifs/02_run.gif using Guid(984b63e06a6495b48ac2d0fb6194876c) Importer(2089858483,0ecaa5967403d082aa24f35e1b516d23) [PhysX] Initialized MultithreadedTaskDispatcher with 24 workers.
 -> (artifact id: '1cd179f56d07bbd8ea7cb1d2902c7dd9') in 0.007928 seconds
Number of updated asset objects reloaded before import = 0
Number of asset objects unloaded after import = 1
========================================================================
Received Import Request.
  Time since last request: 0.000014 seconds.
  path: Assets/Sprites/Knight_player_1.4/Knight_player/Landing_KG_1.png
  artifactKey: Guid(b4e0a96a767dcb7459a301a13f71aa40) Importer(2089858483,0ecaa5967403d082aa24f35e1b516d23)
Start importing Assets/Sprites/Knight_player_1.4/Knight_player/Landing_KG_1.png using Guid(b4e0a96a767dcb7459a301a13f71aa40) Importer(2089858483,0ecaa5967403d082aa24f35e1b516d23) [PhysX] Initialized MultithreadedTaskDispatcher with 24 workers.
 -> (artifact id: 'e3e8ac26ee7e8d12dcff5ad3efc46e4c') in 0.008176 seconds
Number of updated asset objects reloaded before import = 0
Number of asset objects unloaded after import = 1
========================================================================
Received Import Request.
  Time since last request: 0.000013 seconds.
  path: Assets/Sprites/free-robot-pixel-art-sprite-sheets/Destroyer/Attack_2.png
  artifactKey: Guid(6dac645b0d4dbf947afc9a5995b8fcaf) Importer(2089858483,0ecaa5967403d082aa24f35e1b516d23)
Start importing Assets/Sprites/free-robot-pixel-art-sprite-sheets/Destroyer/Attack_2.png using Guid(6dac645b0d4dbf947afc9a5995b8fcaf) Importer(2089858483,0ecaa5967403d082aa24f35e1b516d23) [PhysX] Initialized MultithreadedTaskDispatcher with 24 workers.
 -> (artifact id: '40295c8b7a6c1eaee232573f39bc627d') in 0.007155 seconds
Number of updated asset objects reloaded before import = 0
Number of asset objects unloaded after import = 1
========================================================================
Received Import Request.
  Time since last request: 0.000014 seconds.
  path: Assets/Sprites/Fire_Warrior/Fire_Warrior/FireBall-Sheet.png
  artifactKey: Guid(ccd94dc2b099b074d9f8281fcbdc7728) Importer(2089858483,0ecaa5967403d082aa24f35e1b516d23)
Start importing Assets/Sprites/Fire_Warrior/Fire_Warrior/FireBall-Sheet.png using Guid(ccd94dc2b099b074d9f8281fcbdc7728) Importer(2089858483,0ecaa5967403d082aa24f35e1b516d23) [PhysX] Initialized MultithreadedTaskDispatcher with 24 workers.
 -> (artifact id: 'e188653c20cbca549d02c7d4d1551369') in 0.008217 seconds
Number of updated asset objects reloaded before import = 0
Number of asset objects unloaded after import = 1
========================================================================
Received Import Request.
  Time since last request: 0.000016 seconds.
  path: Assets/Sprites/Individual Sprites/adventurer-idle-03.png
  artifactKey: Guid(dd16b86483b1a464c9a8217dd48709c8) Importer(2089858483,0ecaa5967403d082aa24f35e1b516d23)
Start importing Assets/Sprites/Individual Sprites/adventurer-idle-03.png using Guid(dd16b86483b1a464c9a8217dd48709c8) Importer(2089858483,0ecaa5967403d082aa24f35e1b516d23) [PhysX] Initialized MultithreadedTaskDispatcher with 24 workers.
 -> (artifact id: '20f757fdf6de54cc783d8416c4e55a51') in 0.008280 seconds
Number of updated asset objects reloaded before import = 0
Number of asset objects unloaded after import = 1
========================================================================
Received Import Request.
  Time since last request: 0.000015 seconds.
  path: Assets/Sprites/free-wizard-sprite-sheets-pixel-art/Fire Wizard/Walk.png
  artifactKey: Guid(e00e0b86d6336b84ebf3b720892e385b) Importer(2089858483,0ecaa5967403d082aa24f35e1b516d23)
Start importing Assets/Sprites/free-wizard-sprite-sheets-pixel-art/Fire Wizard/Walk.png using Guid(e00e0b86d6336b84ebf3b720892e385b) Importer(2089858483,0ecaa5967403d082aa24f35e1b516d23) [PhysX] Initialized MultithreadedTaskDispatcher with 24 workers.
 -> (artifact id: '98f1420f01e31cdd735a4a4010c1b4a6') in 0.009429 seconds
Number of updated asset objects reloaded before import = 0
Number of asset objects unloaded after import = 1
========================================================================
Received Import Request.
  Time since last request: 0.000019 seconds.
  path: Assets/Sprites/Spritesheet 128/Knight_3/Run.png
  artifactKey: Guid(6fc310145f0700a45a54f3dff25907ca) Importer(2089858483,0ecaa5967403d082aa24f35e1b516d23)
Start importing Assets/Sprites/Spritesheet 128/Knight_3/Run.png using Guid(6fc310145f0700a45a54f3dff25907ca) Importer(2089858483,0ecaa5967403d082aa24f35e1b516d23) [PhysX] Initialized MultithreadedTaskDispatcher with 24 workers.
 -> (artifact id: 'e9ba76d7ec5ab52c7b93ea6d14586f81') in 0.019423 seconds
Number of updated asset objects reloaded before import = 0
Number of asset objects unloaded after import = 1
========================================================================
Received Import Request.
  Time since last request: 0.000017 seconds.
  path: Assets/Sprites/PSD/Girl_2_Spritelist.psd
  artifactKey: Guid(829c648f295216b499358077b3fe943f) Importer(2089858483,0ecaa5967403d082aa24f35e1b516d23)
Start importing Assets/Sprites/PSD/Girl_2_Spritelist.psd using Guid(829c648f295216b499358077b3fe943f) Importer(2089858483,0ecaa5967403d082aa24f35e1b516d23) [PhysX] Initialized MultithreadedTaskDispatcher with 24 workers.
 -> (artifact id: 'f20bd8737d3ae7f8ebf92dc1c08ce3a2') in 0.010077 seconds
Number of updated asset objects reloaded before import = 0
Number of asset objects unloaded after import = 1
========================================================================
Received Import Request.
  Time since last request: 0.000013 seconds.
  path: Assets/Sprites/PSD/Girl_1_Spritelist.psd
  artifactKey: Guid(e5282fed4ba0ed4498d051c04328d905) Importer(2089858483,0ecaa5967403d082aa24f35e1b516d23)
Start importing Assets/Sprites/PSD/Girl_1_Spritelist.psd using Guid(e5282fed4ba0ed4498d051c04328d905) Importer(2089858483,0ecaa5967403d082aa24f35e1b516d23) [PhysX] Initialized MultithreadedTaskDispatcher with 24 workers.
 -> (artifact id: '1c3ed5b221b487375bef0d6c5645e338') in 0.010733 seconds
Number of updated asset objects reloaded before import = 0
Number of asset objects unloaded after import = 1
========================================================================
Received Import Request.
  Time since last request: 0.000015 seconds.
  path: Assets/Sprites/Knight_1/Run+Attack.png
  artifactKey: Guid(168591ae5dc475449915eb2296520b3d) Importer(2089858483,0ecaa5967403d082aa24f35e1b516d23)
Start importing Assets/Sprites/Knight_1/Run+Attack.png using Guid(168591ae5dc475449915eb2296520b3d) Importer(2089858483,0ecaa5967403d082aa24f35e1b516d23) [PhysX] Initialized MultithreadedTaskDispatcher with 24 workers.
 -> (artifact id: '94b5820007ea884228a7b7d9c5d3b78e') in 0.007515 seconds
Number of updated asset objects reloaded before import = 0
Number of asset objects unloaded after import = 1
========================================================================
Received Import Request.
  Time since last request: 0.000010 seconds.
  path: Assets/Sprites/craftpix-net-123681-free-samurai-pixel-art-sprite-sheets/Samurai/Protection.png
  artifactKey: Guid(659b5e83258d0eb4da0957de51c1b4c3) Importer(2089858483,0ecaa5967403d082aa24f35e1b516d23)
Start importing Assets/Sprites/craftpix-net-123681-free-samurai-pixel-art-sprite-sheets/Samurai/Protection.png using Guid(659b5e83258d0eb4da0957de51c1b4c3) Importer(2089858483,0ecaa5967403d082aa24f35e1b516d23) [PhysX] Initialized MultithreadedTaskDispatcher with 24 workers.
 -> (artifact id: '53c782b89c01c3603f1d8af3a7e2076a') in 0.007232 seconds
Number of updated asset objects reloaded before import = 0
Number of asset objects unloaded after import = 1
========================================================================
Received Import Request.
  Time since last request: 0.000013 seconds.
  path: Assets/Sprites/free-wizard-sprite-sheets-pixel-art/Fire Wizard/Flame_jet.png
  artifactKey: Guid(971d95a1155c23441a6c328a45dc6f1d) Importer(2089858483,0ecaa5967403d082aa24f35e1b516d23)
Start importing Assets/Sprites/free-wizard-sprite-sheets-pixel-art/Fire Wizard/Flame_jet.png using Guid(971d95a1155c23441a6c328a45dc6f1d) Importer(2089858483,0ecaa5967403d082aa24f35e1b516d23) [PhysX] Initialized MultithreadedTaskDispatcher with 24 workers.
 -> (artifact id: '5c884e3debd80852db68124084643e18') in 0.008264 seconds
Number of updated asset objects reloaded before import = 0
Number of asset objects unloaded after import = 1
========================================================================
Received Import Request.
  Time since last request: 0.000014 seconds.
  path: Assets/Sprites/Individual Sprites/adventurer-swrd-shte-03.png
  artifactKey: Guid(00ec4245cd58e4442b6c5bbf45c1713d) Importer(2089858483,0ecaa5967403d082aa24f35e1b516d23)
Start importing Assets/Sprites/Individual Sprites/adventurer-swrd-shte-03.png using Guid(00ec4245cd58e4442b6c5bbf45c1713d) Importer(2089858483,0ecaa5967403d082aa24f35e1b516d23) [PhysX] Initialized MultithreadedTaskDispatcher with 24 workers.
 -> (artifact id: '5989fd2d99965164fb64b94852ad80f1') in 0.008366 seconds
Number of updated asset objects reloaded before import = 0
Number of asset objects unloaded after import = 1
========================================================================
Received Import Request.
  Time since last request: 0.000014 seconds.
  path: Assets/Sprites/craftpix-net-123681-free-samurai-pixel-art-sprite-sheets/PSD/Samurai_Commander_Spritelist.psd
  artifactKey: Guid(5ce622ddb1fb58e4d908daf127e26b34) Importer(2089858483,0ecaa5967403d082aa24f35e1b516d23)
Start importing Assets/Sprites/craftpix-net-123681-free-samurai-pixel-art-sprite-sheets/PSD/Samurai_Commander_Spritelist.psd using Guid(5ce622ddb1fb58e4d908daf127e26b34) Importer(2089858483,0ecaa5967403d082aa24f35e1b516d23) [PhysX] Initialized MultithreadedTaskDispatcher with 24 workers.
 -> (artifact id: '3fd643070374a9e562119da190269c89') in 0.007878 seconds
Number of updated asset objects reloaded before import = 0
Number of asset objects unloaded after import = 1
========================================================================
Received Import Request.
  Time since last request: 0.000016 seconds.
  path: Assets/Sprites/Samurai_Archer/Dead.png
  artifactKey: Guid(a5be5fb9f45b79f4b9ba289fe9b57fa8) Importer(2089858483,0ecaa5967403d082aa24f35e1b516d23)
Start importing Assets/Sprites/Samurai_Archer/Dead.png using Guid(a5be5fb9f45b79f4b9ba289fe9b57fa8) Importer(2089858483,0ecaa5967403d082aa24f35e1b516d23) [PhysX] Initialized MultithreadedTaskDispatcher with 24 workers.
 -> (artifact id: 'fb1c3620a33834ce95a7ade8971bead0') in 0.008000 seconds
Number of updated asset objects reloaded before import = 0
Number of asset objects unloaded after import = 1
========================================================================
Received Import Request.
  Time since last request: 0.000021 seconds.
  path: Assets/Sprites/Knight 2D Pixel Art/Sprites/without_outline/WALK.png
  artifactKey: Guid(931a95f9d84c66c4cb8c99a2dd31414c) Importer(2089858483,0ecaa5967403d082aa24f35e1b516d23)
Start importing Assets/Sprites/Knight 2D Pixel Art/Sprites/without_outline/WALK.png using Guid(931a95f9d84c66c4cb8c99a2dd31414c) Importer(2089858483,0ecaa5967403d082aa24f35e1b516d23) [PhysX] Initialized MultithreadedTaskDispatcher with 24 workers.
 -> (artifact id: 'ced5c544366a9c1244b972a8362fb7bb') in 0.009336 seconds
Number of updated asset objects reloaded before import = 0
Number of asset objects unloaded after import = 1
========================================================================
Received Import Request.
  Time since last request: 0.000017 seconds.
  path: Assets/Sprites/Spritesheet 128/Knight_1/Protect.png
  artifactKey: Guid(cddcfbc866ddef14880f7983def81895) Importer(2089858483,0ecaa5967403d082aa24f35e1b516d23)
Start importing Assets/Sprites/Spritesheet 128/Knight_1/Protect.png using Guid(cddcfbc866ddef14880f7983def81895) Importer(2089858483,0ecaa5967403d082aa24f35e1b516d23) [PhysX] Initialized MultithreadedTaskDispatcher with 24 workers.
 -> (artifact id: '541bccdf19a86a6681a8eb9b91dbb161') in 0.008080 seconds
Number of updated asset objects reloaded before import = 0
Number of asset objects unloaded after import = 1
========================================================================
Received Import Request.
  Time since last request: 0.000015 seconds.
  path: Assets/Sprites/free-wizard-sprite-sheets-pixel-art/Fire Wizard/Dead.png
  artifactKey: Guid(cc79f83a07a6d994faf302661fe467a3) Importer(2089858483,0ecaa5967403d082aa24f35e1b516d23)
Start importing Assets/Sprites/free-wizard-sprite-sheets-pixel-art/Fire Wizard/Dead.png using Guid(cc79f83a07a6d994faf302661fe467a3) Importer(2089858483,0ecaa5967403d082aa24f35e1b516d23) [PhysX] Initialized MultithreadedTaskDispatcher with 24 workers.
 -> (artifact id: 'e801fea6d4072d273f14d97708728818') in 0.007539 seconds
Number of updated asset objects reloaded before import = 0
Number of asset objects unloaded after import = 1
========================================================================
Received Import Request.
  Time since last request: 0.000015 seconds.
  path: Assets/Sprites/BladeKeeper/Elementals_metal_bladekeeper_FREE_v1.1/gifs reference/03_jump_up.gif
  artifactKey: Guid(902c840d85976574b966018525e130c1) Importer(2089858483,0ecaa5967403d082aa24f35e1b516d23)
Start importing Assets/Sprites/BladeKeeper/Elementals_metal_bladekeeper_FREE_v1.1/gifs reference/03_jump_up.gif using Guid(902c840d85976574b966018525e130c1) Importer(2089858483,0ecaa5967403d082aa24f35e1b516d23) [PhysX] Initialized MultithreadedTaskDispatcher with 24 workers.
 -> (artifact id: 'ea1dbec3ab2189c19b566af9bbab1c8c') in 0.008773 seconds
Number of updated asset objects reloaded before import = 0
Number of asset objects unloaded after import = 1
========================================================================
Received Import Request.
  Time since last request: 0.000014 seconds.
  path: Assets/Sprites/Knight_1/Hurt.png
  artifactKey: Guid(f9d86eb334aaf284f9f85f90ee64ef7b) Importer(2089858483,0ecaa5967403d082aa24f35e1b516d23)
Start importing Assets/Sprites/Knight_1/Hurt.png using Guid(f9d86eb334aaf284f9f85f90ee64ef7b) Importer(2089858483,0ecaa5967403d082aa24f35e1b516d23) [PhysX] Initialized MultithreadedTaskDispatcher with 24 workers.
 -> (artifact id: '4d07bd5ee339a89ad22142869214a47a') in 0.010476 seconds
Number of updated asset objects reloaded before import = 0
Number of asset objects unloaded after import = 4
========================================================================
Received Import Request.
  Time since last request: 0.000017 seconds.
  path: Assets/Sprites/PSD/Queen_Spritelist.psd
  artifactKey: Guid(caec1959aa25be748a5459686ed50f5e) Importer(2089858483,0ecaa5967403d082aa24f35e1b516d23)
Start importing Assets/Sprites/PSD/Queen_Spritelist.psd using Guid(caec1959aa25be748a5459686ed50f5e) Importer(2089858483,0ecaa5967403d082aa24f35e1b516d23) [PhysX] Initialized MultithreadedTaskDispatcher with 24 workers.
 -> (artifact id: '59dee8d281cb176eaf935ab1be63ab95') in 0.010418 seconds
Number of updated asset objects reloaded before import = 0
Number of asset objects unloaded after import = 1
========================================================================
Received Import Request.
  Time since last request: 0.000014 seconds.
  path: Assets/Sprites/Bosses_Cat/Cat/cat_idle.png
  artifactKey: Guid(9b72f26e751803145bd5007ebece52d4) Importer(2089858483,0ecaa5967403d082aa24f35e1b516d23)
Start importing Assets/Sprites/Bosses_Cat/Cat/cat_idle.png using Guid(9b72f26e751803145bd5007ebece52d4) Importer(2089858483,0ecaa5967403d082aa24f35e1b516d23) [PhysX] Initialized MultithreadedTaskDispatcher with 24 workers.
 -> (artifact id: '80c756d0c58242cc44011c3ac8481c19') in 0.006598 seconds
Number of updated asset objects reloaded before import = 0
Number of asset objects unloaded after import = 1
========================================================================
Received Import Request.
  Time since last request: 0.000018 seconds.
  path: Assets/Sprites/Individual Sprites/adventurer-run-05.png
  artifactKey: Guid(4b19481333292d146923255fc174ed50) Importer(2089858483,0ecaa5967403d082aa24f35e1b516d23)
Start importing Assets/Sprites/Individual Sprites/adventurer-run-05.png using Guid(4b19481333292d146923255fc174ed50) Importer(2089858483,0ecaa5967403d082aa24f35e1b516d23) [PhysX] Initialized MultithreadedTaskDispatcher with 24 workers.
 -> (artifact id: '79030151c01d26d411b83342827844c1') in 0.009155 seconds
Number of updated asset objects reloaded before import = 0
Number of asset objects unloaded after import = 1
========================================================================
Received Import Request.
  Time since last request: 0.000014 seconds.
  path: Assets/Sprites/BladeKeeper/Elementals_metal_bladekeeper_FREE_v1.1/gifs reference/04_roll.gif
  artifactKey: Guid(f870ae966aaab1d4e82f61d6d8dc85f4) Importer(2089858483,0ecaa5967403d082aa24f35e1b516d23)
Start importing Assets/Sprites/BladeKeeper/Elementals_metal_bladekeeper_FREE_v1.1/gifs reference/04_roll.gif using Guid(f870ae966aaab1d4e82f61d6d8dc85f4) Importer(2089858483,0ecaa5967403d082aa24f35e1b516d23) [PhysX] Initialized MultithreadedTaskDispatcher with 24 workers.
 -> (artifact id: '64cf070108027d25b587baa4bd5a361e') in 0.009236 seconds
Number of updated asset objects reloaded before import = 0
Number of asset objects unloaded after import = 1
========================================================================
Received Import Request.
  Time since last request: 0.000016 seconds.
  path: Assets/Sprites/PSD/Fighter_Spritelist.psd
  artifactKey: Guid(d44c2d3ac6562df4faf6f029ffec0858) Importer(2089858483,0ecaa5967403d082aa24f35e1b516d23)
Start importing Assets/Sprites/PSD/Fighter_Spritelist.psd using Guid(d44c2d3ac6562df4faf6f029ffec0858) Importer(2089858483,0ecaa5967403d082aa24f35e1b516d23) [PhysX] Initialized MultithreadedTaskDispatcher with 24 workers.
 -> (artifact id: '87b845f7721e81fd9f798da0d5f4dbc1') in 0.011313 seconds
Number of updated asset objects reloaded before import = 0
Number of asset objects unloaded after import = 1
========================================================================
Received Import Request.
  Time since last request: 0.000021 seconds.
  path: Assets/Sprites/free-wizard-sprite-sheets-pixel-art/Lightning Mage/Walk.png
  artifactKey: Guid(508ee9688a3131242942664a14e56952) Importer(2089858483,0ecaa5967403d082aa24f35e1b516d23)
Start importing Assets/Sprites/free-wizard-sprite-sheets-pixel-art/Lightning Mage/Walk.png using Guid(508ee9688a3131242942664a14e56952) Importer(2089858483,0ecaa5967403d082aa24f35e1b516d23) [PhysX] Initialized MultithreadedTaskDispatcher with 24 workers.
 -> (artifact id: '4f8369c94109d1cfafcab025e2789508') in 0.008563 seconds
Number of updated asset objects reloaded before import = 0
Number of asset objects unloaded after import = 1
========================================================================
Received Import Request.
  Time since last request: 0.000043 seconds.
  path: Assets/Sprites/BladeKeeper/Elementals_metal_bladekeeper_FREE_v1.1/gifs reference/12_take_hit.gif
  artifactKey: Guid(7a5ed872b1a07fa418f5a2e8e32dbace) Importer(2089858483,0ecaa5967403d082aa24f35e1b516d23)
Start importing Assets/Sprites/BladeKeeper/Elementals_metal_bladekeeper_FREE_v1.1/gifs reference/12_take_hit.gif using Guid(7a5ed872b1a07fa418f5a2e8e32dbace) Importer(2089858483,0ecaa5967403d082aa24f35e1b516d23) [PhysX] Initialized MultithreadedTaskDispatcher with 24 workers.
 -> (artifact id: 'b31400fdb304447fe7b8467d225f25d7') in 0.009138 seconds
Number of updated asset objects reloaded before import = 0
Number of asset objects unloaded after import = 1
========================================================================
Received Import Request.
  Time since last request: 0.000016 seconds.
  path: Assets/Sprites/free-robot-pixel-art-sprite-sheets/Swordsman/Attack_4.png
  artifactKey: Guid(56e92c1ade966f74fbd41c651133cd0a) Importer(2089858483,0ecaa5967403d082aa24f35e1b516d23)
Start importing Assets/Sprites/free-robot-pixel-art-sprite-sheets/Swordsman/Attack_4.png using Guid(56e92c1ade966f74fbd41c651133cd0a) Importer(2089858483,0ecaa5967403d082aa24f35e1b516d23) [PhysX] Initialized MultithreadedTaskDispatcher with 24 workers.
 -> (artifact id: 'fc68d17ab51517724ee83eeaf5c2a5cf') in 0.009687 seconds
Number of updated asset objects reloaded before import = 0
Number of asset objects unloaded after import = 1
========================================================================
Received Import Request.
  Time since last request: 0.000016 seconds.
  path: Assets/Sprites/Samurai/Protection.png
  artifactKey: Guid(156e4e0de7a1d854eabf6cf758052e45) Importer(2089858483,0ecaa5967403d082aa24f35e1b516d23)
Start importing Assets/Sprites/Samurai/Protection.png using Guid(156e4e0de7a1d854eabf6cf758052e45) Importer(2089858483,0ecaa5967403d082aa24f35e1b516d23) [PhysX] Initialized MultithreadedTaskDispatcher with 24 workers.
 -> (artifact id: '0715090f2b4f4202465778559a754ba4') in 0.007685 seconds
Number of updated asset objects reloaded before import = 0
Number of asset objects unloaded after import = 1
========================================================================
Received Import Request.
  Time since last request: 0.000015 seconds.
  path: Assets/Sprites/AlienDudes/3/WalkAttack2.png
  artifactKey: Guid(c442cbb76819fd744aeb978e20658e17) Importer(2089858483,0ecaa5967403d082aa24f35e1b516d23)
Start importing Assets/Sprites/AlienDudes/3/WalkAttack2.png using Guid(c442cbb76819fd744aeb978e20658e17) Importer(2089858483,0ecaa5967403d082aa24f35e1b516d23) [PhysX] Initialized MultithreadedTaskDispatcher with 24 workers.
 -> (artifact id: 'db2b0fa21b622ddd183b37c126f7b1c7') in 0.008596 seconds
Number of updated asset objects reloaded before import = 0
Number of asset objects unloaded after import = 1
========================================================================
Received Import Request.
  Time since last request: 0.000022 seconds.
  path: Assets/Sprites/Knight_player_1.4/Knight_player/Hurt_KG_2.png
  artifactKey: Guid(6ae1478fa7368b342955bdd0a2fcc6c3) Importer(2089858483,0ecaa5967403d082aa24f35e1b516d23)
Start importing Assets/Sprites/Knight_player_1.4/Knight_player/Hurt_KG_2.png using Guid(6ae1478fa7368b342955bdd0a2fcc6c3) Importer(2089858483,0ecaa5967403d082aa24f35e1b516d23) [PhysX] Initialized MultithreadedTaskDispatcher with 24 workers.
 -> (artifact id: '791fd050786c0708dbbf2a6c8a4da3bb') in 0.009077 seconds
Number of updated asset objects reloaded before import = 0
Number of asset objects unloaded after import = 1
========================================================================
Received Import Request.
  Time since last request: 0.000014 seconds.
  path: Assets/Sprites/Monk/Elementals_ground_monk_FREE_v1.3/ground_monk_FREE_1.3.1.aseprite
  artifactKey: Guid(2de7998b94e163943af7c15999398873) Importer(2089858483,0ecaa5967403d082aa24f35e1b516d23)
Start importing Assets/Sprites/Monk/Elementals_ground_monk_FREE_v1.3/ground_monk_FREE_1.3.1.aseprite using Guid(2de7998b94e163943af7c15999398873) Importer(2089858483,0ecaa5967403d082aa24f35e1b516d23) [PhysX] Initialized MultithreadedTaskDispatcher with 24 workers.
 -> (artifact id: '79807c6412018f2ae12abb23bc7bdf51') in 0.002769 seconds
Number of updated asset objects reloaded before import = 0
Number of asset objects unloaded after import = 1
========================================================================
Received Import Request.
  Time since last request: 0.000064 seconds.
  path: Assets/Sprites/Individual Sprites/adventurer-slide-00.png
  artifactKey: Guid(701c9100e33c60743bd47815e0789ed5) Importer(2089858483,0ecaa5967403d082aa24f35e1b516d23)
Start importing Assets/Sprites/Individual Sprites/adventurer-slide-00.png using Guid(701c9100e33c60743bd47815e0789ed5) Importer(2089858483,0ecaa5967403d082aa24f35e1b516d23) [PhysX] Initialized MultithreadedTaskDispatcher with 24 workers.
 -> (artifact id: '8505357f47be5d62fab4a0035c0533b6') in 0.007805 seconds
Number of updated asset objects reloaded before import = 0
Number of asset objects unloaded after import = 1
========================================================================
Received Import Request.
  Time since last request: 0.000012 seconds.
  path: Assets/Sprites/Samurai_Commander/Dead.png
  artifactKey: Guid(976916d960d4f044b98d157ea99c29b2) Importer(2089858483,0ecaa5967403d082aa24f35e1b516d23)
Start importing Assets/Sprites/Samurai_Commander/Dead.png using Guid(976916d960d4f044b98d157ea99c29b2) Importer(2089858483,0ecaa5967403d082aa24f35e1b516d23) [PhysX] Initialized MultithreadedTaskDispatcher with 24 workers.
 -> (artifact id: '14886a1c96ec0d179dcfeafc358846da') in 0.006570 seconds
Number of updated asset objects reloaded before import = 0
Number of asset objects unloaded after import = 1
========================================================================
Received Import Request.
  Time since last request: 0.000013 seconds.
  path: Assets/Sprites/AlienDudes/2/Jump.png
  artifactKey: Guid(e24ab3481ef09b747b019b9c888e627e) Importer(2089858483,0ecaa5967403d082aa24f35e1b516d23)
Start importing Assets/Sprites/AlienDudes/2/Jump.png using Guid(e24ab3481ef09b747b019b9c888e627e) Importer(2089858483,0ecaa5967403d082aa24f35e1b516d23) [PhysX] Initialized MultithreadedTaskDispatcher with 24 workers.
 -> (artifact id: 'abea3b858f05dc2e696edc70308784d9') in 0.007348 seconds
Number of updated asset objects reloaded before import = 0
Number of asset objects unloaded after import = 1
========================================================================
Received Import Request.
  Time since last request: 0.000013 seconds.
  path: Assets/Sprites/Individual Sprites/adventurer-ladder-climb-02.png
  artifactKey: Guid(42900b819056601488725f94739ad7fb) Importer(2089858483,0ecaa5967403d082aa24f35e1b516d23)
Start importing Assets/Sprites/Individual Sprites/adventurer-ladder-climb-02.png using Guid(42900b819056601488725f94739ad7fb) Importer(2089858483,0ecaa5967403d082aa24f35e1b516d23) [PhysX] Initialized MultithreadedTaskDispatcher with 24 workers.
 -> (artifact id: '91b2585acd78bc0150ae2069eb421021') in 0.007681 seconds
Number of updated asset objects reloaded before import = 0
Number of asset objects unloaded after import = 1
========================================================================
Received Import Request.
  Time since last request: 0.000017 seconds.
  path: Assets/Sprites/craftpix-net-123681-free-samurai-pixel-art-sprite-sheets/Samurai_Archer/Dead.png
  artifactKey: Guid(1b744743a3494504d887bac7c25b93ed) Importer(2089858483,0ecaa5967403d082aa24f35e1b516d23)
Start importing Assets/Sprites/craftpix-net-123681-free-samurai-pixel-art-sprite-sheets/Samurai_Archer/Dead.png using Guid(1b744743a3494504d887bac7c25b93ed) Importer(2089858483,0ecaa5967403d082aa24f35e1b516d23) [PhysX] Initialized MultithreadedTaskDispatcher with 24 workers.
 -> (artifact id: 'fb6c1659c1466a2a5fa861a3e9935f32') in 0.007818 seconds
Number of updated asset objects reloaded before import = 0
Number of asset objects unloaded after import = 1
========================================================================
Received Import Request.
  Time since last request: 0.000012 seconds.
  path: Assets/Sprites/Knight_1/Jump.png
  artifactKey: Guid(f5453fe79c7104548981f29ef927b8d7) Importer(2089858483,0ecaa5967403d082aa24f35e1b516d23)
Start importing Assets/Sprites/Knight_1/Jump.png using Guid(f5453fe79c7104548981f29ef927b8d7) Importer(2089858483,0ecaa5967403d082aa24f35e1b516d23) [PhysX] Initialized MultithreadedTaskDispatcher with 24 workers.
 -> (artifact id: '78e20b3c4e32c03b9a3490f300cf9b7e') in 0.014210 seconds
Number of updated asset objects reloaded before import = 0
Number of asset objects unloaded after import = 8
========================================================================
Received Import Request.
  Time since last request: 0.000016 seconds.
  path: Assets/Sprites/Samurai_Commander/Jump.png
  artifactKey: Guid(783131ebd888d864586c231b5a43bd1c) Importer(2089858483,0ecaa5967403d082aa24f35e1b516d23)
Start importing Assets/Sprites/Samurai_Commander/Jump.png using Guid(783131ebd888d864586c231b5a43bd1c) Importer(2089858483,0ecaa5967403d082aa24f35e1b516d23) [PhysX] Initialized MultithreadedTaskDispatcher with 24 workers.
 -> (artifact id: '994fa760672c660b944d441e8f2db80b') in 0.006989 seconds
Number of updated asset objects reloaded before import = 0
Number of asset objects unloaded after import = 1
========================================================================
Received Import Request.
  Time since last request: 0.000041 seconds.
  path: Assets/Sprites/Samurai_Commander/Run.png
  artifactKey: Guid(3f53542d7f1964d44b71743d19458943) Importer(2089858483,0ecaa5967403d082aa24f35e1b516d23)
Start importing Assets/Sprites/Samurai_Commander/Run.png using Guid(3f53542d7f1964d44b71743d19458943) Importer(2089858483,0ecaa5967403d082aa24f35e1b516d23) [PhysX] Initialized MultithreadedTaskDispatcher with 24 workers.
 -> (artifact id: 'fe7a33a0eae4163147ef8f040e5f7680') in 0.007722 seconds
Number of updated asset objects reloaded before import = 0
Number of asset objects unloaded after import = 1
========================================================================
Received Import Request.
  Time since last request: 0.000015 seconds.
  path: Assets/Sprites/Knight_player_1.4/Knight_player/Crouching_KG_2.png
  artifactKey: Guid(0ad3a19ba6b74b144923a212ae2e7f32) Importer(2089858483,0ecaa5967403d082aa24f35e1b516d23)
Start importing Assets/Sprites/Knight_player_1.4/Knight_player/Crouching_KG_2.png using Guid(0ad3a19ba6b74b144923a212ae2e7f32) Importer(2089858483,0ecaa5967403d082aa24f35e1b516d23) [PhysX] Initialized MultithreadedTaskDispatcher with 24 workers.
 -> (artifact id: '7a031142da7b534272020d69d2eebcbf') in 0.008927 seconds
Number of updated asset objects reloaded before import = 0
Number of asset objects unloaded after import = 1
========================================================================
Received Import Request.
  Time since last request: 0.000017 seconds.
  path: Assets/Sprites/Monk/Elementals_ground_monk_FREE_v1.3/gifs/11_defend.gif
  artifactKey: Guid(a91398c256471b447bf629ae6bb1b290) Importer(2089858483,0ecaa5967403d082aa24f35e1b516d23)
Start importing Assets/Sprites/Monk/Elementals_ground_monk_FREE_v1.3/gifs/11_defend.gif using Guid(a91398c256471b447bf629ae6bb1b290) Importer(2089858483,0ecaa5967403d082aa24f35e1b516d23) [PhysX] Initialized MultithreadedTaskDispatcher with 24 workers.
 -> (artifact id: '5bce2e05ac8035f86f316020bc975ba6') in 0.008665 seconds
Number of updated asset objects reloaded before import = 0
Number of asset objects unloaded after import = 1
========================================================================
Received Import Request.
  Time since last request: 0.354066 seconds.
  path: Assets/Sprites/Monk/Elementals_ground_monk_FREE_v1.3/gifs/13_death.gif
  artifactKey: Guid(3b1fe5ed673a8934eb3b30d38a7bc1d4) Importer(2089858483,0ecaa5967403d082aa24f35e1b516d23)
Start importing Assets/Sprites/Monk/Elementals_ground_monk_FREE_v1.3/gifs/13_death.gif using Guid(3b1fe5ed673a8934eb3b30d38a7bc1d4) Importer(2089858483,0ecaa5967403d082aa24f35e1b516d23) [PhysX] Initialized MultithreadedTaskDispatcher with 24 workers.
 -> (artifact id: '5036c735950d533db9878133a0bfae8d') in 0.009527 seconds
Number of updated asset objects reloaded before import = 0
Number of asset objects unloaded after import = 1
========================================================================
Received Import Request.
  Time since last request: 0.000012 seconds.
  path: Assets/Tilemaps/Platformer - desert v1.0.0/Platformer - desert/Tileset/grass6.png
  artifactKey: Guid(18f86196593bc764a9e6e7ad92a6e186) Importer(2089858483,0ecaa5967403d082aa24f35e1b516d23)
Start importing Assets/Tilemaps/Platformer - desert v1.0.0/Platformer - desert/Tileset/grass6.png using Guid(18f86196593bc764a9e6e7ad92a6e186) Importer(2089858483,0ecaa5967403d082aa24f35e1b516d23) [PhysX] Initialized MultithreadedTaskDispatcher with 24 workers.
 -> (artifact id: '58f9022cd122e1ba2e4cc150466c8358') in 0.009029 seconds
Number of updated asset objects reloaded before import = 0
Number of asset objects unloaded after import = 1
========================================================================
Received Import Request.
  Time since last request: 0.000152 seconds.
  path: Assets/Sprites/BladeKeeper/Elementals_metal_bladekeeper_FREE_v1.1/PNG animations/03_jump_up/03_jump_up_3.png
  artifactKey: Guid(6ee5c1e9c46f00e47974b87345db6040) Importer(2089858483,0ecaa5967403d082aa24f35e1b516d23)
Start importing Assets/Sprites/BladeKeeper/Elementals_metal_bladekeeper_FREE_v1.1/PNG animations/03_jump_up/03_jump_up_3.png using Guid(6ee5c1e9c46f00e47974b87345db6040) Importer(2089858483,0ecaa5967403d082aa24f35e1b516d23) [PhysX] Initialized MultithreadedTaskDispatcher with 24 workers.
 -> (artifact id: '56ec1af430a52191e3c0231fbfce81ea') in 0.009103 seconds
Number of updated asset objects reloaded before import = 0
Number of asset objects unloaded after import = 1
========================================================================
Received Import Request.
  Time since last request: 0.000013 seconds.
  path: Assets/Sprites/Water_Priest/Elementals_water_priestess_FREE_v1.1/png/07_1_atk/1_atk_1.png
  artifactKey: Guid(e03e512c88bbf2e46b57df70d1a391ce) Importer(2089858483,0ecaa5967403d082aa24f35e1b516d23)
Start importing Assets/Sprites/Water_Priest/Elementals_water_priestess_FREE_v1.1/png/07_1_atk/1_atk_1.png using Guid(e03e512c88bbf2e46b57df70d1a391ce) Importer(2089858483,0ecaa5967403d082aa24f35e1b516d23) [PhysX] Initialized MultithreadedTaskDispatcher with 24 workers.
 -> (artifact id: '83015f1192cbbe46b2b17a02519b6c4b') in 0.006600 seconds
Number of updated asset objects reloaded before import = 0
Number of asset objects unloaded after import = 1
========================================================================
Received Import Request.
  Time since last request: 0.000020 seconds.
  path: Assets/Tilemaps/Platformer - desert v1.0.0/Platformer - desert/Tileset/tileMain12.png
  artifactKey: Guid(2311634aa65f9484e936c0c702089082) Importer(2089858483,0ecaa5967403d082aa24f35e1b516d23)
Start importing Assets/Tilemaps/Platformer - desert v1.0.0/Platformer - desert/Tileset/tileMain12.png using Guid(2311634aa65f9484e936c0c702089082) Importer(2089858483,0ecaa5967403d082aa24f35e1b516d23) [PhysX] Initialized MultithreadedTaskDispatcher with 24 workers.
 -> (artifact id: 'a0541a3335fa8bdcb7a755900fd1cf22') in 0.010688 seconds
Number of updated asset objects reloaded before import = 0
Number of asset objects unloaded after import = 1
========================================================================
Received Import Request.
  Time since last request: 0.000063 seconds.
  path: Assets/Sprites/BladeKeeper/Elementals_metal_bladekeeper_FREE_v1.1/PNG animations/air_atk/air_atk3.png
  artifactKey: Guid(0ce207049876205429a06e5db2703454) Importer(2089858483,0ecaa5967403d082aa24f35e1b516d23)
Start importing Assets/Sprites/BladeKeeper/Elementals_metal_bladekeeper_FREE_v1.1/PNG animations/air_atk/air_atk3.png using Guid(0ce207049876205429a06e5db2703454) Importer(2089858483,0ecaa5967403d082aa24f35e1b516d23) [PhysX] Initialized MultithreadedTaskDispatcher with 24 workers.
 -> (artifact id: 'd02fc65d56af4f832afe9daac5e56aad') in 0.008228 seconds
Number of updated asset objects reloaded before import = 0
Number of asset objects unloaded after import = 1
========================================================================
Received Import Request.
  Time since last request: 0.000429 seconds.
  path: Assets/Sprites/Monk/Elementals_ground_monk_FREE_v1.3/png/3_atk/3_atk_5.png
  artifactKey: Guid(139ee7ef38f7b474796f6b38af87d4d8) Importer(2089858483,0ecaa5967403d082aa24f35e1b516d23)
Start importing Assets/Sprites/Monk/Elementals_ground_monk_FREE_v1.3/png/3_atk/3_atk_5.png using Guid(139ee7ef38f7b474796f6b38af87d4d8) Importer(2089858483,0ecaa5967403d082aa24f35e1b516d23) [PhysX] Initialized MultithreadedTaskDispatcher with 24 workers.
 -> (artifact id: '3c1d78735e4771bbc96988f76f710a6b') in 0.012305 seconds
Number of updated asset objects reloaded before import = 0
Number of asset objects unloaded after import = 3
========================================================================
Received Import Request.
  Time since last request: 0.000014 seconds.
  path: Assets/Sprites/BladeKeeper/Elementals_metal_bladekeeper_FREE_v1.1/PNG animations/03_jump_full/03_jump_3.png
  artifactKey: Guid(35f28f5a8f0d435419dc16f171780d1a) Importer(2089858483,0ecaa5967403d082aa24f35e1b516d23)
Start importing Assets/Sprites/BladeKeeper/Elementals_metal_bladekeeper_FREE_v1.1/PNG animations/03_jump_full/03_jump_3.png using Guid(35f28f5a8f0d435419dc16f171780d1a) Importer(2089858483,0ecaa5967403d082aa24f35e1b516d23) [PhysX] Initialized MultithreadedTaskDispatcher with 24 workers.
 -> (artifact id: '6ec63285b02f0cfaf9ee6b29cb874f1b') in 0.010059 seconds
Number of updated asset objects reloaded before import = 0
Number of asset objects unloaded after import = 1
========================================================================
Received Import Request.
  Time since last request: 0.000016 seconds.
  path: Assets/Sprites/Water_Priest/Elementals_water_priestess_FREE_v1.1/gifs/10_sp_atk.gif
  artifactKey: Guid(cbe09587e0902244f85af9b237ed69fd) Importer(2089858483,0ecaa5967403d082aa24f35e1b516d23)
Start importing Assets/Sprites/Water_Priest/Elementals_water_priestess_FREE_v1.1/gifs/10_sp_atk.gif using Guid(cbe09587e0902244f85af9b237ed69fd) Importer(2089858483,0ecaa5967403d082aa24f35e1b516d23) [PhysX] Initialized MultithreadedTaskDispatcher with 24 workers.
 -> (artifact id: 'ed9e8e62c8be1e7b96d5521824885ed5') in 0.007306 seconds
Number of updated asset objects reloaded before import = 0
Number of asset objects unloaded after import = 1
========================================================================
Received Import Request.
  Time since last request: 0.000013 seconds.
  path: Assets/Sprites/Water_Priest/Elementals_water_priestess_FREE_v1.1/png/01_idle/idle_6.png
  artifactKey: Guid(ecb66d3c756b0234baabb3631bab3f0c) Importer(2089858483,0ecaa5967403d082aa24f35e1b516d23)
Start importing Assets/Sprites/Water_Priest/Elementals_water_priestess_FREE_v1.1/png/01_idle/idle_6.png using Guid(ecb66d3c756b0234baabb3631bab3f0c) Importer(2089858483,0ecaa5967403d082aa24f35e1b516d23) [PhysX] Initialized MultithreadedTaskDispatcher with 24 workers.
 -> (artifact id: 'c00fc207150da2cb91f1f0c0db226924') in 0.010452 seconds
Number of updated asset objects reloaded before import = 0
Number of asset objects unloaded after import = 3
========================================================================
Received Import Request.
  Time since last request: 0.000016 seconds.
  path: Assets/Sprites/BladeKeeper/Elementals_metal_bladekeeper_FREE_v1.1/PNG animations/12_take_hit/12_take_hit_1.png
  artifactKey: Guid(be9eed60baf3f62409ec764ea7703eea) Importer(2089858483,0ecaa5967403d082aa24f35e1b516d23)
Start importing Assets/Sprites/BladeKeeper/Elementals_metal_bladekeeper_FREE_v1.1/PNG animations/12_take_hit/12_take_hit_1.png using Guid(be9eed60baf3f62409ec764ea7703eea) Importer(2089858483,0ecaa5967403d082aa24f35e1b516d23) [PhysX] Initialized MultithreadedTaskDispatcher with 24 workers.
 -> (artifact id: 'b493dbb5dfc93bf200d14f2ebf3e259e') in 0.009016 seconds
Number of updated asset objects reloaded before import = 0
Number of asset objects unloaded after import = 1
========================================================================
Received Import Request.
  Time since last request: 0.000013 seconds.
  path: Assets/Sprites/Monk/Elementals_ground_monk_FREE_v1.3/png/sp_atk/sp_atk_22.png
  artifactKey: Guid(273d8741b794fc24498362391d344cf0) Importer(2089858483,0ecaa5967403d082aa24f35e1b516d23)
Start importing Assets/Sprites/Monk/Elementals_ground_monk_FREE_v1.3/png/sp_atk/sp_atk_22.png using Guid(273d8741b794fc24498362391d344cf0) Importer(2089858483,0ecaa5967403d082aa24f35e1b516d23) [PhysX] Initialized MultithreadedTaskDispatcher with 24 workers.
 -> (artifact id: '7a36590695c9235ba335a9cba0dc408f') in 0.009757 seconds
Number of updated asset objects reloaded before import = 0
Number of asset objects unloaded after import = 4
========================================================================
Received Import Request.
  Time since last request: 0.000012 seconds.
  path: Assets/Sprites/BladeKeeper/Elementals_metal_bladekeeper_FREE_v1.1/PNG animations/13_death/13_death_10.png
  artifactKey: Guid(d09ee929460011f4d89e3c107be92d7a) Importer(2089858483,0ecaa5967403d082aa24f35e1b516d23)
Start importing Assets/Sprites/BladeKeeper/Elementals_metal_bladekeeper_FREE_v1.1/PNG animations/13_death/13_death_10.png using Guid(d09ee929460011f4d89e3c107be92d7a) Importer(2089858483,0ecaa5967403d082aa24f35e1b516d23) [PhysX] Initialized MultithreadedTaskDispatcher with 24 workers.
 -> (artifact id: '8107fe58b810a1483386ddd4dff1762b') in 0.007342 seconds
Number of updated asset objects reloaded before import = 0
Number of asset objects unloaded after import = 1
========================================================================
Received Import Request.
  Time since last request: 0.000013 seconds.
  path: Assets/Sprites/Monk/Elementals_ground_monk_FREE_v1.3/png/run/run_8.png
  artifactKey: Guid(836d9bfac66cfa543afa30dbbefc397e) Importer(2089858483,0ecaa5967403d082aa24f35e1b516d23)
Start importing Assets/Sprites/Monk/Elementals_ground_monk_FREE_v1.3/png/run/run_8.png using Guid(836d9bfac66cfa543afa30dbbefc397e) Importer(2089858483,0ecaa5967403d082aa24f35e1b516d23) [PhysX] Initialized MultithreadedTaskDispatcher with 24 workers.
 -> (artifact id: 'b40e98796e0865e5ed6d4b6d41b8f8be') in 0.008036 seconds
Number of updated asset objects reloaded before import = 0
Number of asset objects unloaded after import = 3
========================================================================
Received Import Request.
  Time since last request: 0.000019 seconds.
  path: Assets/Sprites/Monk/Elementals_ground_monk_FREE_v1.3/png/meditate/meditate_7.png
  artifactKey: Guid(9196d89efc0748c49abc1c0fce527d47) Importer(2089858483,0ecaa5967403d082aa24f35e1b516d23)
Start importing Assets/Sprites/Monk/Elementals_ground_monk_FREE_v1.3/png/meditate/meditate_7.png using Guid(9196d89efc0748c49abc1c0fce527d47) Importer(2089858483,0ecaa5967403d082aa24f35e1b516d23) [PhysX] Initialized MultithreadedTaskDispatcher with 24 workers.
 -> (artifact id: '5219d198791514ff0e79961655116fbf') in 0.007652 seconds
Number of updated asset objects reloaded before import = 0
Number of asset objects unloaded after import = 1
========================================================================
Received Import Request.
  Time since last request: 0.000013 seconds.
  path: Assets/Sprites/Monk/Elementals_ground_monk_FREE_v1.3/png/defend/defend_1.png
  artifactKey: Guid(ab0c6f81c9c343a4496fefa20a03f5f3) Importer(2089858483,0ecaa5967403d082aa24f35e1b516d23)
Start importing Assets/Sprites/Monk/Elementals_ground_monk_FREE_v1.3/png/defend/defend_1.png using Guid(ab0c6f81c9c343a4496fefa20a03f5f3) Importer(2089858483,0ecaa5967403d082aa24f35e1b516d23) [PhysX] Initialized MultithreadedTaskDispatcher with 24 workers.
 -> (artifact id: 'b1bdff617b6ec548d7ee5273467aade8') in 0.010193 seconds
Number of updated asset objects reloaded before import = 0
Number of asset objects unloaded after import = 3
========================================================================
Received Import Request.
  Time since last request: 0.000013 seconds.
  path: Assets/Sprites/BladeKeeper/Elementals_metal_bladekeeper_FREE_v1.1/PNG animations/06_trap_cast/06_trap_cast_2.png
  artifactKey: Guid(2320b87d23e6a2e44b6b365283beb204) Importer(2089858483,0ecaa5967403d082aa24f35e1b516d23)
Start importing Assets/Sprites/BladeKeeper/Elementals_metal_bladekeeper_FREE_v1.1/PNG animations/06_trap_cast/06_trap_cast_2.png using Guid(2320b87d23e6a2e44b6b365283beb204) Importer(2089858483,0ecaa5967403d082aa24f35e1b516d23) [PhysX] Initialized MultithreadedTaskDispatcher with 24 workers.
 -> (artifact id: '7892824de1ea51964c97c3248eba4c1f') in 0.008556 seconds
Number of updated asset objects reloaded before import = 0
Number of asset objects unloaded after import = 1
========================================================================
Received Import Request.
  Time since last request: 0.000015 seconds.
  path: Assets/Sprites/Monk/Elementals_ground_monk_FREE_v1.3/png/roll/roll_4.png
  artifactKey: Guid(00b464daae7522c49bad56775c8d288f) Importer(2089858483,0ecaa5967403d082aa24f35e1b516d23)
Start importing Assets/Sprites/Monk/Elementals_ground_monk_FREE_v1.3/png/roll/roll_4.png using Guid(00b464daae7522c49bad56775c8d288f) Importer(2089858483,0ecaa5967403d082aa24f35e1b516d23) [PhysX] Initialized MultithreadedTaskDispatcher with 24 workers.
 -> (artifact id: 'ed7effe33c984c5ee55391a2035bf010') in 0.008849 seconds
Number of updated asset objects reloaded before import = 0
Number of asset objects unloaded after import = 3
========================================================================
Received Import Request.
  Time since last request: 0.000015 seconds.
  path: Assets/Tilemaps/Platformer - desert v1.0.0/Platformer - desert/Tileset/bridge5.png
  artifactKey: Guid(0cc38cc69e40f8d488caa084148a8bf6) Importer(2089858483,0ecaa5967403d082aa24f35e1b516d23)
Start importing Assets/Tilemaps/Platformer - desert v1.0.0/Platformer - desert/Tileset/bridge5.png using Guid(0cc38cc69e40f8d488caa084148a8bf6) Importer(2089858483,0ecaa5967403d082aa24f35e1b516d23) [PhysX] Initialized MultithreadedTaskDispatcher with 24 workers.
 -> (artifact id: '758fe05d753b86cfdeb29aba0956049e') in 0.009352 seconds
Number of updated asset objects reloaded before import = 0
Number of asset objects unloaded after import = 1
========================================================================
Received Import Request.
  Time since last request: 0.000014 seconds.
  path: Assets/Sprites/Monk/Elementals_ground_monk_FREE_v1.3/png/3_atk/3_atk_22.png
  artifactKey: Guid(1856d6009a6a1a045bc50e60d8aefd7e) Importer(2089858483,0ecaa5967403d082aa24f35e1b516d23)
Start importing Assets/Sprites/Monk/Elementals_ground_monk_FREE_v1.3/png/3_atk/3_atk_22.png using Guid(1856d6009a6a1a045bc50e60d8aefd7e) Importer(2089858483,0ecaa5967403d082aa24f35e1b516d23) [PhysX] Initialized MultithreadedTaskDispatcher with 24 workers.
 -> (artifact id: '19abd06be1093be0f1bdbb3d11ac5b3d') in 0.009524 seconds
Number of updated asset objects reloaded before import = 0
Number of asset objects unloaded after import = 4
========================================================================
Received Import Request.
  Time since last request: 0.000014 seconds.
  path: Assets/Sprites/Monk/Elementals_ground_monk_FREE_v1.3/png/3_atk/3_atk_14.png
  artifactKey: Guid(a4a6b56c54ce5cc48b7cbe72f9317be0) Importer(2089858483,0ecaa5967403d082aa24f35e1b516d23)
Start importing Assets/Sprites/Monk/Elementals_ground_monk_FREE_v1.3/png/3_atk/3_atk_14.png using Guid(a4a6b56c54ce5cc48b7cbe72f9317be0) Importer(2089858483,0ecaa5967403d082aa24f35e1b516d23) [PhysX] Initialized MultithreadedTaskDispatcher with 24 workers.
 -> (artifact id: '51134c5091485f0bce5177b5f16c5277') in 0.006876 seconds
Number of updated asset objects reloaded before import = 0
Number of asset objects unloaded after import = 3
========================================================================
Received Import Request.
  Time since last request: 0.000017 seconds.
  path: Assets/Sprites/Monk/Elementals_ground_monk_FREE_v1.3/png/sp_atk/sp_atk_25.png
  artifactKey: Guid(a5a6fa76fb41f9e45ac3bd274ca2baba) Importer(2089858483,0ecaa5967403d082aa24f35e1b516d23)
Start importing Assets/Sprites/Monk/Elementals_ground_monk_FREE_v1.3/png/sp_atk/sp_atk_25.png using Guid(a5a6fa76fb41f9e45ac3bd274ca2baba) Importer(2089858483,0ecaa5967403d082aa24f35e1b516d23) [PhysX] Initialized MultithreadedTaskDispatcher with 24 workers.
 -> (artifact id: 'bf8437fcbd74e2f4306f049b32ab77e0') in 0.008758 seconds
Number of updated asset objects reloaded before import = 0
Number of asset objects unloaded after import = 3
========================================================================
Received Import Request.
  Time since last request: 0.000013 seconds.
  path: Assets/Sprites/Monk/Elementals_ground_monk_FREE_v1.3/png/meditate/meditate_4.png
  artifactKey: Guid(f5c7e80512c253c44912b3a7eb90f5e5) Importer(2089858483,0ecaa5967403d082aa24f35e1b516d23)
Start importing Assets/Sprites/Monk/Elementals_ground_monk_FREE_v1.3/png/meditate/meditate_4.png using Guid(f5c7e80512c253c44912b3a7eb90f5e5) Importer(2089858483,0ecaa5967403d082aa24f35e1b516d23) [PhysX] Initialized MultithreadedTaskDispatcher with 24 workers.
 -> (artifact id: '6e577c8c465952e749e74e502e5de194') in 0.007638 seconds
Number of updated asset objects reloaded before import = 0
Number of asset objects unloaded after import = 1
========================================================================
Received Import Request.
  Time since last request: 0.000013 seconds.
  path: Assets/Sprites/BladeKeeper/Elementals_metal_bladekeeper_FREE_v1.1/PNG animations/09_3_atk/09_3_atk_11.png
  artifactKey: Guid(2fd56865ede37f9489df4d4de215c3db) Importer(2089858483,0ecaa5967403d082aa24f35e1b516d23)
Start importing Assets/Sprites/BladeKeeper/Elementals_metal_bladekeeper_FREE_v1.1/PNG animations/09_3_atk/09_3_atk_11.png using Guid(2fd56865ede37f9489df4d4de215c3db) Importer(2089858483,0ecaa5967403d082aa24f35e1b516d23) [PhysX] Initialized MultithreadedTaskDispatcher with 24 workers.
 -> (artifact id: '276bda01a93048a8f4ed741174edd73a') in 0.008312 seconds
Number of updated asset objects reloaded before import = 0
Number of asset objects unloaded after import = 1
========================================================================
Received Import Request.
  Time since last request: 0.000021 seconds.
  path: Assets/Tilemaps/Platformer - desert v1.0.0/Platformer - desert/Tileset/tileMain28.png
  artifactKey: Guid(c7144d349b05e644d89f8ec535d09d4e) Importer(2089858483,0ecaa5967403d082aa24f35e1b516d23)
Start importing Assets/Tilemaps/Platformer - desert v1.0.0/Platformer - desert/Tileset/tileMain28.png using Guid(c7144d349b05e644d89f8ec535d09d4e) Importer(2089858483,0ecaa5967403d082aa24f35e1b516d23) [PhysX] Initialized MultithreadedTaskDispatcher with 24 workers.
 -> (artifact id: '4bdb9e571221eed9a72a558d7f5d437a') in 0.008609 seconds
Number of updated asset objects reloaded before import = 0
Number of asset objects unloaded after import = 1
========================================================================
Received Import Request.
  Time since last request: 0.000012 seconds.
  path: Assets/Tilemaps/Platformer - desert v1.0.0/Platformer - desert/Tileset/platvariation8.png
  artifactKey: Guid(f89d8b22ecb65524491c70827a56ae97) Importer(2089858483,0ecaa5967403d082aa24f35e1b516d23)
Start importing Assets/Tilemaps/Platformer - desert v1.0.0/Platformer - desert/Tileset/platvariation8.png using Guid(f89d8b22ecb65524491c70827a56ae97) Importer(2089858483,0ecaa5967403d082aa24f35e1b516d23) [PhysX] Initialized MultithreadedTaskDispatcher with 24 workers.
 -> (artifact id: '83941cfafc75eb8bdc0ce10ab9425b0e') in 0.007573 seconds
Number of updated asset objects reloaded before import = 0
Number of asset objects unloaded after import = 1
========================================================================
Received Import Request.
  Time since last request: 0.000014 seconds.
  path: Assets/Sprites/Water_Priest/Elementals_water_priestess_FREE_v1.1/gifs/12_defend.gif
  artifactKey: Guid(41ce1dc6fad510a49b4296c1a3806fe9) Importer(2089858483,0ecaa5967403d082aa24f35e1b516d23)
Start importing Assets/Sprites/Water_Priest/Elementals_water_priestess_FREE_v1.1/gifs/12_defend.gif using Guid(41ce1dc6fad510a49b4296c1a3806fe9) Importer(2089858483,0ecaa5967403d082aa24f35e1b516d23) [PhysX] Initialized MultithreadedTaskDispatcher with 24 workers.
 -> (artifact id: 'dc72c297e5a5c66f1c748e6765e9b8cf') in 0.007766 seconds
Number of updated asset objects reloaded before import = 0
Number of asset objects unloaded after import = 1
========================================================================
Received Import Request.
  Time since last request: 0.000026 seconds.
  path: Assets/Sprites/BladeKeeper/Elementals_metal_bladekeeper_FREE_v1.1/PNG animations/05_projectile_cast/05_projectile_cast_7.png
  artifactKey: Guid(1fd3c32305003564c9cee713ddfc1d6d) Importer(2089858483,0ecaa5967403d082aa24f35e1b516d23)
Start importing Assets/Sprites/BladeKeeper/Elementals_metal_bladekeeper_FREE_v1.1/PNG animations/05_projectile_cast/05_projectile_cast_7.png using Guid(1fd3c32305003564c9cee713ddfc1d6d) Importer(2089858483,0ecaa5967403d082aa24f35e1b516d23) [PhysX] Initialized MultithreadedTaskDispatcher with 24 workers.
 -> (artifact id: 'e1f40514131789a6449415c9b550274c') in 0.007176 seconds
Number of updated asset objects reloaded before import = 0
Number of asset objects unloaded after import = 1
========================================================================
Received Import Request.
  Time since last request: 0.000016 seconds.
  path: Assets/Sprites/BladeKeeper/Elementals_metal_bladekeeper_FREE_v1.1/PNG animations/13_death/13_death_9.png
  artifactKey: Guid(e2b825134f74b2b4385795d98b58dc3a) Importer(2089858483,0ecaa5967403d082aa24f35e1b516d23)
Start importing Assets/Sprites/BladeKeeper/Elementals_metal_bladekeeper_FREE_v1.1/PNG animations/13_death/13_death_9.png using Guid(e2b825134f74b2b4385795d98b58dc3a) Importer(2089858483,0ecaa5967403d082aa24f35e1b516d23) [PhysX] Initialized MultithreadedTaskDispatcher with 24 workers.
 -> (artifact id: '2fa56c77498391a7fdb6f153ce1c724d') in 0.007140 seconds
Number of updated asset objects reloaded before import = 0
Number of asset objects unloaded after import = 1
========================================================================
Received Import Request.
  Time since last request: 0.000014 seconds.
  path: Assets/Sprites/Monk/Elementals_ground_monk_FREE_v1.3/png/death/death_8.png
  artifactKey: Guid(1b6f54b64e519dd4797c7dce1a381cef) Importer(2089858483,0ecaa5967403d082aa24f35e1b516d23)
Start importing Assets/Sprites/Monk/Elementals_ground_monk_FREE_v1.3/png/death/death_8.png using Guid(1b6f54b64e519dd4797c7dce1a381cef) Importer(2089858483,0ecaa5967403d082aa24f35e1b516d23) [PhysX] Initialized MultithreadedTaskDispatcher with 24 workers.
 -> (artifact id: 'cb011e959f3c1a89ed745959d5ef19c1') in 0.010132 seconds
Number of updated asset objects reloaded before import = 0
Number of asset objects unloaded after import = 3
========================================================================
Received Import Request.
  Time since last request: 0.000016 seconds.
  path: Assets/Tilemaps/Platformer - desert v1.0.0/Platformer - desert/Tileset/grass9.png
  artifactKey: Guid(b9799f8936133ad4da73f224f35777cf) Importer(2089858483,0ecaa5967403d082aa24f35e1b516d23)
Start importing Assets/Tilemaps/Platformer - desert v1.0.0/Platformer - desert/Tileset/grass9.png using Guid(b9799f8936133ad4da73f224f35777cf) Importer(2089858483,0ecaa5967403d082aa24f35e1b516d23) [PhysX] Initialized MultithreadedTaskDispatcher with 24 workers.
 -> (artifact id: '27c0234e523502359889c7460f01c2c6') in 0.008978 seconds
Number of updated asset objects reloaded before import = 0
Number of asset objects unloaded after import = 1
========================================================================
Received Import Request.
  Time since last request: 0.000016 seconds.
  path: Assets/Tilemaps/Platformer - desert v1.0.0/Platformer - desert/Tileset/platvariation11.png
  artifactKey: Guid(899f1f2e31cb3c04587985ce3f4f5435) Importer(2089858483,0ecaa5967403d082aa24f35e1b516d23)
Start importing Assets/Tilemaps/Platformer - desert v1.0.0/Platformer - desert/Tileset/platvariation11.png using Guid(899f1f2e31cb3c04587985ce3f4f5435) Importer(2089858483,0ecaa5967403d082aa24f35e1b516d23) [PhysX] Initialized MultithreadedTaskDispatcher with 24 workers.
 -> (artifact id: '5cbd9dc9aa100da859088993c5f64201') in 0.007223 seconds
Number of updated asset objects reloaded before import = 0
Number of asset objects unloaded after import = 1
========================================================================
Received Import Request.
  Time since last request: 0.000013 seconds.
  path: Assets/Tilemaps/Platformer - desert v1.0.0/Platformer - desert/props/tree03.png
  artifactKey: Guid(6bd14528b6714fe42ae3800ed1c8eb4f) Importer(2089858483,0ecaa5967403d082aa24f35e1b516d23)
Start importing Assets/Tilemaps/Platformer - desert v1.0.0/Platformer - desert/props/tree03.png using Guid(6bd14528b6714fe42ae3800ed1c8eb4f) Importer(2089858483,0ecaa5967403d082aa24f35e1b516d23) [PhysX] Initialized MultithreadedTaskDispatcher with 24 workers.
 -> (artifact id: '8ce12b872a22cd30a0cbfededc4255d1') in 0.007488 seconds
Number of updated asset objects reloaded before import = 0
Number of asset objects unloaded after import = 1
========================================================================
Received Import Request.
  Time since last request: 0.000017 seconds.
  path: Assets/Sprites/Water_Priest/Elementals_water_priestess_FREE_v1.1/png/05_j_down/j_down_2.png
  artifactKey: Guid(252a78db132bf3048a5230eee16184e1) Importer(2089858483,0ecaa5967403d082aa24f35e1b516d23)
Start importing Assets/Sprites/Water_Priest/Elementals_water_priestess_FREE_v1.1/png/05_j_down/j_down_2.png using Guid(252a78db132bf3048a5230eee16184e1) Importer(2089858483,0ecaa5967403d082aa24f35e1b516d23) [PhysX] Initialized MultithreadedTaskDispatcher with 24 workers.
 -> (artifact id: '3869cbbe27288fc27760a16629ff7ac5') in 0.009138 seconds
Number of updated asset objects reloaded before import = 0
Number of asset objects unloaded after import = 3
========================================================================
Received Import Request.
  Time since last request: 0.000014 seconds.
  path: Assets/Sprites/Monk/Elementals_ground_monk_FREE_v1.3/png/run/run_1.png
  artifactKey: Guid(e76254fad0f70704188ebfe16fce77d2) Importer(2089858483,0ecaa5967403d082aa24f35e1b516d23)
Start importing Assets/Sprites/Monk/Elementals_ground_monk_FREE_v1.3/png/run/run_1.png using Guid(e76254fad0f70704188ebfe16fce77d2) Importer(2089858483,0ecaa5967403d082aa24f35e1b516d23) [PhysX] Initialized MultithreadedTaskDispatcher with 24 workers.
 -> (artifact id: '188bd19d3ce41b0ba3e1ecdea6feab30') in 0.007806 seconds
Number of updated asset objects reloaded before import = 0
Number of asset objects unloaded after import = 3
========================================================================
Received Import Request.
  Time since last request: 0.000013 seconds.
  path: Assets/Sprites/Monk/Elementals_ground_monk_FREE_v1.3/png/3_atk/3_atk_7.png
  artifactKey: Guid(0dfc1e2c704923e40a329f54c72e4932) Importer(2089858483,0ecaa5967403d082aa24f35e1b516d23)
Start importing Assets/Sprites/Monk/Elementals_ground_monk_FREE_v1.3/png/3_atk/3_atk_7.png using Guid(0dfc1e2c704923e40a329f54c72e4932) Importer(2089858483,0ecaa5967403d082aa24f35e1b516d23) [PhysX] Initialized MultithreadedTaskDispatcher with 24 workers.
 -> (artifact id: '74300c360f6cf00a1af331eaa527cd6f') in 0.008512 seconds
Number of updated asset objects reloaded before import = 0
Number of asset objects unloaded after import = 3
========================================================================
Received Import Request.
  Time since last request: 0.000016 seconds.
  path: Assets/Sprites/Monk/Elementals_ground_monk_FREE_v1.3/png/run/run_2.png
  artifactKey: Guid(9a89872d5c53a16448cb756328e40a99) Importer(2089858483,0ecaa5967403d082aa24f35e1b516d23)
Start importing Assets/Sprites/Monk/Elementals_ground_monk_FREE_v1.3/png/run/run_2.png using Guid(9a89872d5c53a16448cb756328e40a99) Importer(2089858483,0ecaa5967403d082aa24f35e1b516d23) [PhysX] Initialized MultithreadedTaskDispatcher with 24 workers.
 -> (artifact id: '3e248956ad0a0dc95457787d4683fb39') in 0.008322 seconds
Number of updated asset objects reloaded before import = 0
Number of asset objects unloaded after import = 3
========================================================================
Received Import Request.
  Time since last request: 0.000013 seconds.
  path: Assets/Tilemaps/Platformer - desert v1.0.0/Platformer - desert/Tileset/tileMain4.png
  artifactKey: Guid(201ae89c213c2cc4c9d99d36401b39b7) Importer(2089858483,0ecaa5967403d082aa24f35e1b516d23)
Start importing Assets/Tilemaps/Platformer - desert v1.0.0/Platformer - desert/Tileset/tileMain4.png using Guid(201ae89c213c2cc4c9d99d36401b39b7) Importer(2089858483,0ecaa5967403d082aa24f35e1b516d23) [PhysX] Initialized MultithreadedTaskDispatcher with 24 workers.
 -> (artifact id: 'b1256b7611e671dcb34e9909688e1c6b') in 0.007817 seconds
Number of updated asset objects reloaded before import = 0
Number of asset objects unloaded after import = 1
========================================================================
Received Import Request.
  Time since last request: 0.000016 seconds.
  path: Assets/Sprites/BladeKeeper/Elementals_metal_bladekeeper_FREE_v1.1/PNG animations/13_death/13_death_4.png
  artifactKey: Guid(25a8508012ebbc14fb409bf93cad9f4d) Importer(2089858483,0ecaa5967403d082aa24f35e1b516d23)
Start importing Assets/Sprites/BladeKeeper/Elementals_metal_bladekeeper_FREE_v1.1/PNG animations/13_death/13_death_4.png using Guid(25a8508012ebbc14fb409bf93cad9f4d) Importer(2089858483,0ecaa5967403d082aa24f35e1b516d23) [PhysX] Initialized MultithreadedTaskDispatcher with 24 workers.
 -> (artifact id: '45957927c079c7e8027423cb447a92b0') in 0.007166 seconds
Number of updated asset objects reloaded before import = 0
Number of asset objects unloaded after import = 1
========================================================================
Received Import Request.
  Time since last request: 0.000014 seconds.
  path: Assets/Sprites/BladeKeeper/Elementals_metal_bladekeeper_FREE_v1.1/PNG animations/03_jump_full/03_jump_9.png
  artifactKey: Guid(4b8af4bc107273e40b0c3259002d10e8) Importer(2089858483,0ecaa5967403d082aa24f35e1b516d23)
Start importing Assets/Sprites/BladeKeeper/Elementals_metal_bladekeeper_FREE_v1.1/PNG animations/03_jump_full/03_jump_9.png using Guid(4b8af4bc107273e40b0c3259002d10e8) Importer(2089858483,0ecaa5967403d082aa24f35e1b516d23) [PhysX] Initialized MultithreadedTaskDispatcher with 24 workers.
 -> (artifact id: '6cc6ff78fbfa7cd935f6eecda73fc0f8') in 0.008454 seconds
Number of updated asset objects reloaded before import = 0
Number of asset objects unloaded after import = 1
========================================================================
Received Import Request.
  Time since last request: 0.000013 seconds.
  path: Assets/Sprites/Monk/Elementals_ground_monk_FREE_v1.3/png/take_hit/take_hit_3.png
  artifactKey: Guid(4d23f1525d6e95d49a05db0faeeb997a) Importer(2089858483,0ecaa5967403d082aa24f35e1b516d23)
Start importing Assets/Sprites/Monk/Elementals_ground_monk_FREE_v1.3/png/take_hit/take_hit_3.png using Guid(4d23f1525d6e95d49a05db0faeeb997a) Importer(2089858483,0ecaa5967403d082aa24f35e1b516d23) [PhysX] Initialized MultithreadedTaskDispatcher with 24 workers.
 -> (artifact id: 'ad1c13c513b4dfb1935674dc1ad03fde') in 0.008360 seconds
Number of updated asset objects reloaded before import = 0
Number of asset objects unloaded after import = 3
========================================================================
Received Import Request.
  Time since last request: 0.000015 seconds.
  path: Assets/Sprites/Water_Priest/Elementals_water_priestess_FREE_v1.1/png/02_walk/walk_6.png
  artifactKey: Guid(72131f87b25481f41b1b0fb0c04a9a58) Importer(2089858483,0ecaa5967403d082aa24f35e1b516d23)
Start importing Assets/Sprites/Water_Priest/Elementals_water_priestess_FREE_v1.1/png/02_walk/walk_6.png using Guid(72131f87b25481f41b1b0fb0c04a9a58) Importer(2089858483,0ecaa5967403d082aa24f35e1b516d23) [PhysX] Initialized MultithreadedTaskDispatcher with 24 workers.
 -> (artifact id: '80ff1846f1145f7ade580c3982746a8f') in 0.008324 seconds
Number of updated asset objects reloaded before import = 0
Number of asset objects unloaded after import = 1
========================================================================
Received Import Request.
  Time since last request: 0.000014 seconds.
  path: Assets/Sprites/Monk/Elementals_ground_monk_FREE_v1.3/png/3_atk/3_atk_13.png
  artifactKey: Guid(e68ceb97c1b3f6b43bf31e15683ed569) Importer(2089858483,0ecaa5967403d082aa24f35e1b516d23)
Start importing Assets/Sprites/Monk/Elementals_ground_monk_FREE_v1.3/png/3_atk/3_atk_13.png using Guid(e68ceb97c1b3f6b43bf31e15683ed569) Importer(2089858483,0ecaa5967403d082aa24f35e1b516d23) [PhysX] Initialized MultithreadedTaskDispatcher with 24 workers.
 -> (artifact id: 'c1bc90c48b3bcbbd75ef74be40f9e4ef') in 0.008727 seconds
Number of updated asset objects reloaded before import = 0
Number of asset objects unloaded after import = 3
========================================================================
Received Import Request.
  Time since last request: 0.000019 seconds.
  path: Assets/Sprites/Viking/Viking/Effects/Ice Spikes-Sheet.png
  artifactKey: Guid(ffff752119f53f143aaccf6d5e21c2f2) Importer(2089858483,0ecaa5967403d082aa24f35e1b516d23)
Start importing Assets/Sprites/Viking/Viking/Effects/Ice Spikes-Sheet.png using Guid(ffff752119f53f143aaccf6d5e21c2f2) Importer(2089858483,0ecaa5967403d082aa24f35e1b516d23) [PhysX] Initialized MultithreadedTaskDispatcher with 24 workers.
 -> (artifact id: '69cdaed65a86937945b73b8ad8660a73') in 0.008776 seconds
Number of updated asset objects reloaded before import = 0
Number of asset objects unloaded after import = 1
========================================================================
Received Import Request.
  Time since last request: 0.000014 seconds.
  path: Assets/Sprites/Monk/Elementals_ground_monk_FREE_v1.3/png/meditate/meditate_15.png
  artifactKey: Guid(a6aaecb8448d12f4ea8dfea2277b082a) Importer(2089858483,0ecaa5967403d082aa24f35e1b516d23)
Start importing Assets/Sprites/Monk/Elementals_ground_monk_FREE_v1.3/png/meditate/meditate_15.png using Guid(a6aaecb8448d12f4ea8dfea2277b082a) Importer(2089858483,0ecaa5967403d082aa24f35e1b516d23) [PhysX] Initialized MultithreadedTaskDispatcher with 24 workers.
 -> (artifact id: '282b745a12da95de11d53eed9290df3c') in 0.006957 seconds
Number of updated asset objects reloaded before import = 0
Number of asset objects unloaded after import = 1
========================================================================
Received Import Request.
  Time since last request: 0.000017 seconds.
  path: Assets/Sprites/Water_Priest/Elementals_water_priestess_FREE_v1.1/png/08_2_atk/2_atk_4.png
  artifactKey: Guid(a5afe37710a277144a8a80e705885783) Importer(2089858483,0ecaa5967403d082aa24f35e1b516d23)
Start importing Assets/Sprites/Water_Priest/Elementals_water_priestess_FREE_v1.1/png/08_2_atk/2_atk_4.png using Guid(a5afe37710a277144a8a80e705885783) Importer(2089858483,0ecaa5967403d082aa24f35e1b516d23) [PhysX] Initialized MultithreadedTaskDispatcher with 24 workers.
 -> (artifact id: 'd772ee0f52bf5e944fc6dd8463503a13') in 0.008950 seconds
Number of updated asset objects reloaded before import = 0
Number of asset objects unloaded after import = 1
========================================================================
Received Import Request.
  Time since last request: 0.000014 seconds.
  path: Assets/Tilemaps/Platformer - desert v1.0.0/Platformer - desert/Tileset/grass5.png
  artifactKey: Guid(4bf2bc61e3793dc4bbd9c28a304a78f3) Importer(2089858483,0ecaa5967403d082aa24f35e1b516d23)
Start importing Assets/Tilemaps/Platformer - desert v1.0.0/Platformer - desert/Tileset/grass5.png using Guid(4bf2bc61e3793dc4bbd9c28a304a78f3) Importer(2089858483,0ecaa5967403d082aa24f35e1b516d23) [PhysX] Initialized MultithreadedTaskDispatcher with 24 workers.
 -> (artifact id: 'dd726baee47a98af4fecb07b90f8c758') in 0.009097 seconds
Number of updated asset objects reloaded before import = 0
Number of asset objects unloaded after import = 1
========================================================================
Received Import Request.
  Time since last request: 0.000018 seconds.
  path: Assets/Sprites/BladeKeeper/Elementals_metal_bladekeeper_FREE_v1.1/PNG animations/13_death/13_death_2.png
  artifactKey: Guid(f231dc45e3d2c3242bd935340abdc0b0) Importer(2089858483,0ecaa5967403d082aa24f35e1b516d23)
Start importing Assets/Sprites/BladeKeeper/Elementals_metal_bladekeeper_FREE_v1.1/PNG animations/13_death/13_death_2.png using Guid(f231dc45e3d2c3242bd935340abdc0b0) Importer(2089858483,0ecaa5967403d082aa24f35e1b516d23) [PhysX] Initialized MultithreadedTaskDispatcher with 24 workers.
 -> (artifact id: '9f98e54a35f93e9b16a100799dd69edc') in 0.007412 seconds
Number of updated asset objects reloaded before import = 0
Number of asset objects unloaded after import = 1
========================================================================
Received Import Request.
  Time since last request: 0.000013 seconds.
  path: Assets/Sprites/Monk/Elementals_ground_monk_FREE_v1.3/png/1_atk/1_atk_5.png
  artifactKey: Guid(11515df53d054a54dbbe8fb06cfb5f5b) Importer(2089858483,0ecaa5967403d082aa24f35e1b516d23)
Start importing Assets/Sprites/Monk/Elementals_ground_monk_FREE_v1.3/png/1_atk/1_atk_5.png using Guid(11515df53d054a54dbbe8fb06cfb5f5b) Importer(2089858483,0ecaa5967403d082aa24f35e1b516d23) [PhysX] Initialized MultithreadedTaskDispatcher with 24 workers.
 -> (artifact id: '05545c602f460a021210f3e96ea0bc39') in 0.008405 seconds
Number of updated asset objects reloaded before import = 0
Number of asset objects unloaded after import = 1
========================================================================
Received Import Request.
  Time since last request: 0.000014 seconds.
  path: Assets/Sprites/BladeKeeper/Elementals_metal_bladekeeper_FREE_v1.1/PNG animations/air_atk/air_atk6.png
  artifactKey: Guid(98b2c711723a3894086a41d2388bf2b9) Importer(2089858483,0ecaa5967403d082aa24f35e1b516d23)
Start importing Assets/Sprites/BladeKeeper/Elementals_metal_bladekeeper_FREE_v1.1/PNG animations/air_atk/air_atk6.png using Guid(98b2c711723a3894086a41d2388bf2b9) Importer(2089858483,0ecaa5967403d082aa24f35e1b516d23) [PhysX] Initialized MultithreadedTaskDispatcher with 24 workers.
 -> (artifact id: 'adc10b4119db4c3c762db5c6bbb302ab') in 0.007805 seconds
Number of updated asset objects reloaded before import = 0
Number of asset objects unloaded after import = 1
========================================================================
Received Import Request.
  Time since last request: 0.000016 seconds.
  path: Assets/Sprites/Monk/Elementals_ground_monk_FREE_v1.3/png/3_atk/3_atk_16.png
  artifactKey: Guid(384a5d8162f641f45afece92d8ff33a9) Importer(2089858483,0ecaa5967403d082aa24f35e1b516d23)
Start importing Assets/Sprites/Monk/Elementals_ground_monk_FREE_v1.3/png/3_atk/3_atk_16.png using Guid(384a5d8162f641f45afece92d8ff33a9) Importer(2089858483,0ecaa5967403d082aa24f35e1b516d23) [PhysX] Initialized MultithreadedTaskDispatcher with 24 workers.
 -> (artifact id: 'e36445f0a4d094a85e9a31ce541ed215') in 0.009041 seconds
Number of updated asset objects reloaded before import = 0
Number of asset objects unloaded after import = 3
========================================================================
Received Import Request.
  Time since last request: 0.000014 seconds.
  path: Assets/Sprites/BladeKeeper/Elementals_metal_bladekeeper_FREE_v1.1/PNG animations/09_3_atk/09_3_atk_2.png
  artifactKey: Guid(4d86d5c3149b7f54cbb4af13a9a62bce) Importer(2089858483,0ecaa5967403d082aa24f35e1b516d23)
Start importing Assets/Sprites/BladeKeeper/Elementals_metal_bladekeeper_FREE_v1.1/PNG animations/09_3_atk/09_3_atk_2.png using Guid(4d86d5c3149b7f54cbb4af13a9a62bce) Importer(2089858483,0ecaa5967403d082aa24f35e1b516d23) [PhysX] Initialized MultithreadedTaskDispatcher with 24 workers.
 -> (artifact id: '4dafade2cc1cf106099b99e2c971a869') in 0.008519 seconds
Number of updated asset objects reloaded before import = 0
Number of asset objects unloaded after import = 1
========================================================================
Received Import Request.
  Time since last request: 0.000020 seconds.
  path: Assets/Tilemaps/Platformer - desert v1.0.0/Platformer - desert/Tileset/bridge6.png
  artifactKey: Guid(f4bac39f42e8def4592df24fb108c591) Importer(2089858483,0ecaa5967403d082aa24f35e1b516d23)
Start importing Assets/Tilemaps/Platformer - desert v1.0.0/Platformer - desert/Tileset/bridge6.png using Guid(f4bac39f42e8def4592df24fb108c591) Importer(2089858483,0ecaa5967403d082aa24f35e1b516d23) [PhysX] Initialized MultithreadedTaskDispatcher with 24 workers.
 -> (artifact id: 'cc08aa72ae52cdc5ff424276ddb3024a') in 0.007862 seconds
Number of updated asset objects reloaded before import = 0
Number of asset objects unloaded after import = 1
========================================================================
Received Import Request.
  Time since last request: 0.000017 seconds.
  path: Assets/Sprites/BladeKeeper/Elementals_metal_bladekeeper_FREE_v1.1/PNG animations/09_3_atk/09_3_atk_9.png
  artifactKey: Guid(77d341449c1823d43b1973de56e55a7f) Importer(2089858483,0ecaa5967403d082aa24f35e1b516d23)
Start importing Assets/Sprites/BladeKeeper/Elementals_metal_bladekeeper_FREE_v1.1/PNG animations/09_3_atk/09_3_atk_9.png using Guid(77d341449c1823d43b1973de56e55a7f) Importer(2089858483,0ecaa5967403d082aa24f35e1b516d23) [PhysX] Initialized MultithreadedTaskDispatcher with 24 workers.
 -> (artifact id: 'f0cfc41eb3cd99fda10d9384a32cd15a') in 0.006889 seconds
Number of updated asset objects reloaded before import = 0
Number of asset objects unloaded after import = 1
========================================================================
Received Import Request.
  Time since last request: 0.000096 seconds.
  path: Assets/Sprites/Viking/Viking/Effects/Ice Smoke.gif
  artifactKey: Guid(445e8f14649fa2f48999075eb32385ab) Importer(2089858483,0ecaa5967403d082aa24f35e1b516d23)
Start importing Assets/Sprites/Viking/Viking/Effects/Ice Smoke.gif using Guid(445e8f14649fa2f48999075eb32385ab) Importer(2089858483,0ecaa5967403d082aa24f35e1b516d23) [PhysX] Initialized MultithreadedTaskDispatcher with 24 workers.
 -> (artifact id: '986d6f4c31db8542591111a029805543') in 0.009066 seconds
Number of updated asset objects reloaded before import = 0
Number of asset objects unloaded after import = 1
========================================================================
Received Import Request.
  Time since last request: 0.000015 seconds.
  path: Assets/Sprites/Water_Priest/Elementals_water_priestess_FREE_v1.1/png/03_surf/surf_1.png
  artifactKey: Guid(a51f76c5257222f44a05a6f7ff11fb9a) Importer(2089858483,0ecaa5967403d082aa24f35e1b516d23)
Start importing Assets/Sprites/Water_Priest/Elementals_water_priestess_FREE_v1.1/png/03_surf/surf_1.png using Guid(a51f76c5257222f44a05a6f7ff11fb9a) Importer(2089858483,0ecaa5967403d082aa24f35e1b516d23) [PhysX] Initialized MultithreadedTaskDispatcher with 24 workers.
 -> (artifact id: '8f2fee54dfc0d502426b6f2ae1c67f2a') in 0.008531 seconds
Number of updated asset objects reloaded before import = 0
Number of asset objects unloaded after import = 3
========================================================================
Received Import Request.
  Time since last request: 0.000014 seconds.
  path: Assets/Sprites/Monk/Elementals_ground_monk_FREE_v1.3/png/death/death_7.png
  artifactKey: Guid(e7bd571115aa5874aa797362a57c512a) Importer(2089858483,0ecaa5967403d082aa24f35e1b516d23)
Start importing Assets/Sprites/Monk/Elementals_ground_monk_FREE_v1.3/png/death/death_7.png using Guid(e7bd571115aa5874aa797362a57c512a) Importer(2089858483,0ecaa5967403d082aa24f35e1b516d23) [PhysX] Initialized MultithreadedTaskDispatcher with 24 workers.
 -> (artifact id: '29869ab4b5b18601eecf210c8dd63adc') in 0.009818 seconds
Number of updated asset objects reloaded before import = 0
Number of asset objects unloaded after import = 3
========================================================================
Received Import Request.
  Time since last request: 0.000014 seconds.
  path: Assets/Sprites/Monk/Elementals_ground_monk_FREE_v1.3/png/idle/idle_5.png
  artifactKey: Guid(45f33f0d8927ddd409326ea693aee4ca) Importer(2089858483,0ecaa5967403d082aa24f35e1b516d23)
Start importing Assets/Sprites/Monk/Elementals_ground_monk_FREE_v1.3/png/idle/idle_5.png using Guid(45f33f0d8927ddd409326ea693aee4ca) Importer(2089858483,0ecaa5967403d082aa24f35e1b516d23) [PhysX] Initialized MultithreadedTaskDispatcher with 24 workers.
 -> (artifact id: '56743e170ccd9f3ec5561ceef65b800c') in 0.008793 seconds
Number of updated asset objects reloaded before import = 0
Number of asset objects unloaded after import = 3
========================================================================
Received Import Request.
  Time since last request: 0.000018 seconds.
  path: Assets/Sprites/BladeKeeper/Elementals_metal_bladekeeper_FREE_v1.1/PNG animations/01_idle/01_idle_4.png
  artifactKey: Guid(4e19415995f01ca44bfcda2cb1724686) Importer(2089858483,0ecaa5967403d082aa24f35e1b516d23)
Start importing Assets/Sprites/BladeKeeper/Elementals_metal_bladekeeper_FREE_v1.1/PNG animations/01_idle/01_idle_4.png using Guid(4e19415995f01ca44bfcda2cb1724686) Importer(2089858483,0ecaa5967403d082aa24f35e1b516d23) [PhysX] Initialized MultithreadedTaskDispatcher with 24 workers.
 -> (artifact id: 'dfc19a0fe2d92cd96e95e72d215040c1') in 0.007950 seconds
Number of updated asset objects reloaded before import = 0
Number of asset objects unloaded after import = 1
========================================================================
Received Import Request.
  Time since last request: 0.000014 seconds.
  path: Assets/Tilemaps/Platformer - desert v1.0.0/Platformer - desert/Background/BG-sky.png
  artifactKey: Guid(4532ed1870fc7344e8d260c473c2f343) Importer(2089858483,0ecaa5967403d082aa24f35e1b516d23)
Start importing Assets/Tilemaps/Platformer - desert v1.0.0/Platformer - desert/Background/BG-sky.png using Guid(4532ed1870fc7344e8d260c473c2f343) Importer(2089858483,0ecaa5967403d082aa24f35e1b516d23) [PhysX] Initialized MultithreadedTaskDispatcher with 24 workers.
 -> (artifact id: '25135e0ca0853ff19e086ceeab369157') in 0.008493 seconds
Number of updated asset objects reloaded before import = 0
Number of asset objects unloaded after import = 1
========================================================================
Received Import Request.
  Time since last request: 0.000013 seconds.
  path: Assets/Sprites/Monk/Elementals_ground_monk_FREE_v1.3/png/3_atk/3_atk_18.png
  artifactKey: Guid(22007f0c5f193004eb7d6fa694c83438) Importer(2089858483,0ecaa5967403d082aa24f35e1b516d23)
Start importing Assets/Sprites/Monk/Elementals_ground_monk_FREE_v1.3/png/3_atk/3_atk_18.png using Guid(22007f0c5f193004eb7d6fa694c83438) Importer(2089858483,0ecaa5967403d082aa24f35e1b516d23) [PhysX] Initialized MultithreadedTaskDispatcher with 24 workers.
 -> (artifact id: 'e030ac0aa1d0534125fcd8c609ec43dd') in 0.008497 seconds
Number of updated asset objects reloaded before import = 0
Number of asset objects unloaded after import = 3
========================================================================
Received Import Request.
  Time since last request: 0.000012 seconds.
  path: Assets/Sprites/Water_Priest/Elementals_water_priestess_FREE_v1.1/gifs/07_1_atk.gif
  artifactKey: Guid(979816ccff225214b8ace6c7b8d45931) Importer(2089858483,0ecaa5967403d082aa24f35e1b516d23)
Start importing Assets/Sprites/Water_Priest/Elementals_water_priestess_FREE_v1.1/gifs/07_1_atk.gif using Guid(979816ccff225214b8ace6c7b8d45931) Importer(2089858483,0ecaa5967403d082aa24f35e1b516d23) [PhysX] Initialized MultithreadedTaskDispatcher with 24 workers.
 -> (artifact id: '1c5860e3e5ab8eb6f4ed6747cff459ed') in 0.008399 seconds
Number of updated asset objects reloaded before import = 0
Number of asset objects unloaded after import = 1
========================================================================
Received Import Request.
  Time since last request: 0.000013 seconds.
  path: Assets/Sprites/BladeKeeper/Elementals_metal_bladekeeper_FREE_v1.1/PNG animations/09_3_atk/09_3_atk_4.png
  artifactKey: Guid(e457f97a31cfc274c99bdf6240c39265) Importer(2089858483,0ecaa5967403d082aa24f35e1b516d23)
Start importing Assets/Sprites/BladeKeeper/Elementals_metal_bladekeeper_FREE_v1.1/PNG animations/09_3_atk/09_3_atk_4.png using Guid(e457f97a31cfc274c99bdf6240c39265) Importer(2089858483,0ecaa5967403d082aa24f35e1b516d23) [PhysX] Initialized MultithreadedTaskDispatcher with 24 workers.
 -> (artifact id: '88ec0bc82499e3d50ba8e2997557e650') in 0.008953 seconds
Number of updated asset objects reloaded before import = 0
Number of asset objects unloaded after import = 1
========================================================================
Received Import Request.
  Time since last request: 0.000017 seconds.
  path: Assets/Sprites/BladeKeeper/Elementals_metal_bladekeeper_FREE_v1.1/PNG animations/03_jump_full/03_jump_7.png
  artifactKey: Guid(898c10648263881438fd2d4a2f2cd340) Importer(2089858483,0ecaa5967403d082aa24f35e1b516d23)
Start importing Assets/Sprites/BladeKeeper/Elementals_metal_bladekeeper_FREE_v1.1/PNG animations/03_jump_full/03_jump_7.png using Guid(898c10648263881438fd2d4a2f2cd340) Importer(2089858483,0ecaa5967403d082aa24f35e1b516d23) [PhysX] Initialized MultithreadedTaskDispatcher with 24 workers.
 -> (artifact id: '3bc6e48ca9bda96007aeba674278fdb0') in 0.007141 seconds
Number of updated asset objects reloaded before import = 0
Number of asset objects unloaded after import = 1
========================================================================
Received Import Request.
  Time since last request: 0.000013 seconds.
  path: Assets/Sprites/Monk/Elementals_ground_monk_FREE_v1.3/png/sp_atk/sp_atk_14.png
  artifactKey: Guid(d6fea9207ddae1a4d9e9bc177de661c7) Importer(2089858483,0ecaa5967403d082aa24f35e1b516d23)
Start importing Assets/Sprites/Monk/Elementals_ground_monk_FREE_v1.3/png/sp_atk/sp_atk_14.png using Guid(d6fea9207ddae1a4d9e9bc177de661c7) Importer(2089858483,0ecaa5967403d082aa24f35e1b516d23) [PhysX] Initialized MultithreadedTaskDispatcher with 24 workers.
 -> (artifact id: 'a11c5458e37888baf1140f40302cd0b8') in 0.011560 seconds
Number of updated asset objects reloaded before import = 0
Number of asset objects unloaded after import = 4
========================================================================
Received Import Request.
  Time since last request: 0.000013 seconds.
  path: Assets/Sprites/Monk/Elementals_ground_monk_FREE_v1.3/png/3_atk/3_atk_23.png
  artifactKey: Guid(d896b5cb84479d943a0269aecaace7f8) Importer(2089858483,0ecaa5967403d082aa24f35e1b516d23)
Start importing Assets/Sprites/Monk/Elementals_ground_monk_FREE_v1.3/png/3_atk/3_atk_23.png using Guid(d896b5cb84479d943a0269aecaace7f8) Importer(2089858483,0ecaa5967403d082aa24f35e1b516d23) [PhysX] Initialized MultithreadedTaskDispatcher with 24 workers.
 -> (artifact id: '74b63ba75697d27c5a5e7e0b59d4313d') in 0.008483 seconds
Number of updated asset objects reloaded before import = 0
Number of asset objects unloaded after import = 3
========================================================================
Received Import Request.
  Time since last request: 0.000016 seconds.
  path: Assets/Tilemaps/Platformer - desert v1.0.0/Platformer - desert/Tileset/platvariation12.png
  artifactKey: Guid(cb22f4816c81567408fcb466d948b33e) Importer(2089858483,0ecaa5967403d082aa24f35e1b516d23)
Start importing Assets/Tilemaps/Platformer - desert v1.0.0/Platformer - desert/Tileset/platvariation12.png using Guid(cb22f4816c81567408fcb466d948b33e) Importer(2089858483,0ecaa5967403d082aa24f35e1b516d23) [PhysX] Initialized MultithreadedTaskDispatcher with 24 workers.
 -> (artifact id: '2586c7e34c97127434cb3e664041f2e3') in 0.007795 seconds
Number of updated asset objects reloaded before import = 0
Number of asset objects unloaded after import = 1
========================================================================
Received Import Request.
  Time since last request: 0.000016 seconds.
  path: Assets/Tilemaps/Platformer - desert v1.0.0/Platformer - desert/Tileset/tileMain15.png
  artifactKey: Guid(f2cad57ad65b5774dac345b78fabfeb5) Importer(2089858483,0ecaa5967403d082aa24f35e1b516d23)
Start importing Assets/Tilemaps/Platformer - desert v1.0.0/Platformer - desert/Tileset/tileMain15.png using Guid(f2cad57ad65b5774dac345b78fabfeb5) Importer(2089858483,0ecaa5967403d082aa24f35e1b516d23) [PhysX] Initialized MultithreadedTaskDispatcher with 24 workers.
 -> (artifact id: 'cd26c0eee9c6fea3a8b35a93b805190b') in 0.007816 seconds
Number of updated asset objects reloaded before import = 0
Number of asset objects unloaded after import = 1
========================================================================
Received Import Request.
  Time since last request: 0.000017 seconds.
  path: Assets/Sprites/Monk/Elementals_ground_monk_FREE_v1.3/png/2_atk/2_atk_9.png
  artifactKey: Guid(60b20329e715c6c4eb0aed14b7a86d19) Importer(2089858483,0ecaa5967403d082aa24f35e1b516d23)
Start importing Assets/Sprites/Monk/Elementals_ground_monk_FREE_v1.3/png/2_atk/2_atk_9.png using Guid(60b20329e715c6c4eb0aed14b7a86d19) Importer(2089858483,0ecaa5967403d082aa24f35e1b516d23) [PhysX] Initialized MultithreadedTaskDispatcher with 24 workers.
 -> (artifact id: 'c160c1e793bb916e069ec8b8c933a523') in 0.008101 seconds
Number of updated asset objects reloaded before import = 0
Number of asset objects unloaded after import = 1
========================================================================
Received Import Request.
  Time since last request: 0.000013 seconds.
  path: Assets/Tilemaps/Platformer - desert v1.0.0/Platformer - desert/Tileset/platforms4.png
  artifactKey: Guid(53267715bc1f1764e918d5ba5b7920ec) Importer(2089858483,0ecaa5967403d082aa24f35e1b516d23)
Start importing Assets/Tilemaps/Platformer - desert v1.0.0/Platformer - desert/Tileset/platforms4.png using Guid(53267715bc1f1764e918d5ba5b7920ec) Importer(2089858483,0ecaa5967403d082aa24f35e1b516d23) [PhysX] Initialized MultithreadedTaskDispatcher with 24 workers.
 -> (artifact id: '5a11bc49068f2fe4d744a936836c64c9') in 0.007417 seconds
Number of updated asset objects reloaded before import = 0
Number of asset objects unloaded after import = 1
========================================================================
Received Import Request.
  Time since last request: 0.000032 seconds.
  path: Assets/Sprites/BladeKeeper/Elementals_metal_bladekeeper_FREE_v1.1/PNG animations/03_jump_full/03_jump_4.png
  artifactKey: Guid(c8b338bed69a3384eb37b154070fc7d1) Importer(2089858483,0ecaa5967403d082aa24f35e1b516d23)
Start importing Assets/Sprites/BladeKeeper/Elementals_metal_bladekeeper_FREE_v1.1/PNG animations/03_jump_full/03_jump_4.png using Guid(c8b338bed69a3384eb37b154070fc7d1) Importer(2089858483,0ecaa5967403d082aa24f35e1b516d23) [PhysX] Initialized MultithreadedTaskDispatcher with 24 workers.
 -> (artifact id: '44edbc521f20e29a546d16a3466403a4') in 0.008962 seconds
Number of updated asset objects reloaded before import = 0
Number of asset objects unloaded after import = 1
========================================================================
Received Import Request.
  Time since last request: 0.000013 seconds.
  path: Assets/Sprites/Water_Priest/Elementals_water_priestess_FREE_v1.1/png/06_tumble/tumble_6.png
  artifactKey: Guid(1541315c1d57ef84a92f7696aa293c35) Importer(2089858483,0ecaa5967403d082aa24f35e1b516d23)
Start importing Assets/Sprites/Water_Priest/Elementals_water_priestess_FREE_v1.1/png/06_tumble/tumble_6.png using Guid(1541315c1d57ef84a92f7696aa293c35) Importer(2089858483,0ecaa5967403d082aa24f35e1b516d23) [PhysX] Initialized MultithreadedTaskDispatcher with 24 workers.
 -> (artifact id: '5868fd2055e80c86c6ef4fbf5483ff46') in 0.008564 seconds
Number of updated asset objects reloaded before import = 0
Number of asset objects unloaded after import = 1
========================================================================
Received Import Request.
  Time since last request: 0.000015 seconds.
  path: Assets/Tilemaps/Platformer - desert v1.0.0/Platformer - desert/Tileset/tileMain16.png
  artifactKey: Guid(d7c53d6ab41774748aefac63074f246f) Importer(2089858483,0ecaa5967403d082aa24f35e1b516d23)
Start importing Assets/Tilemaps/Platformer - desert v1.0.0/Platformer - desert/Tileset/tileMain16.png using Guid(d7c53d6ab41774748aefac63074f246f) Importer(2089858483,0ecaa5967403d082aa24f35e1b516d23) [PhysX] Initialized MultithreadedTaskDispatcher with 24 workers.
 -> (artifact id: 'b7f7844c33426d9a8ef97f14f352d1a4') in 0.007368 seconds
Number of updated asset objects reloaded before import = 0
Number of asset objects unloaded after import = 1
========================================================================
Received Import Request.
  Time since last request: 0.000017 seconds.
  path: Assets/Tilemaps/Platformer - desert v1.0.0/Platformer - desert/Tileset/tileMain21.png
  artifactKey: Guid(ec07eb728e6cca947a695d2d244e644e) Importer(2089858483,0ecaa5967403d082aa24f35e1b516d23)
Start importing Assets/Tilemaps/Platformer - desert v1.0.0/Platformer - desert/Tileset/tileMain21.png using Guid(ec07eb728e6cca947a695d2d244e644e) Importer(2089858483,0ecaa5967403d082aa24f35e1b516d23) [PhysX] Initialized MultithreadedTaskDispatcher with 24 workers.
 -> (artifact id: '8a74d99137eee99974c57a09ad524fb6') in 0.007985 seconds
Number of updated asset objects reloaded before import = 0
Number of asset objects unloaded after import = 1
========================================================================
Received Import Request.
  Time since last request: 0.000012 seconds.
  path: Assets/Tilemaps/Platformer - desert v1.0.0/Platformer - desert/Tileset/platvariation4.png
  artifactKey: Guid(497dd87d55d7e684196247fb891271e0) Importer(2089858483,0ecaa5967403d082aa24f35e1b516d23)
Start importing Assets/Tilemaps/Platformer - desert v1.0.0/Platformer - desert/Tileset/platvariation4.png using Guid(497dd87d55d7e684196247fb891271e0) Importer(2089858483,0ecaa5967403d082aa24f35e1b516d23) [PhysX] Initialized MultithreadedTaskDispatcher with 24 workers.
 -> (artifact id: '1b47f4df33207d70330672c24ebcd3c8') in 0.007285 seconds
Number of updated asset objects reloaded before import = 0
Number of asset objects unloaded after import = 1
========================================================================
Received Import Request.
  Time since last request: 0.000013 seconds.
  path: Assets/Sprites/Monk/Elementals_ground_monk_FREE_v1.3/png/idle/idle_2.png
  artifactKey: Guid(27aacf6bdbcfa5248ad05e8c45210c01) Importer(2089858483,0ecaa5967403d082aa24f35e1b516d23)
Start importing Assets/Sprites/Monk/Elementals_ground_monk_FREE_v1.3/png/idle/idle_2.png using Guid(27aacf6bdbcfa5248ad05e8c45210c01) Importer(2089858483,0ecaa5967403d082aa24f35e1b516d23) [PhysX] Initialized MultithreadedTaskDispatcher with 24 workers.
 -> (artifact id: 'c6945c3c1b4b7a6ce2d42e121dda33e6') in 0.006904 seconds
Number of updated asset objects reloaded before import = 0
Number of asset objects unloaded after import = 3
========================================================================
Received Import Request.
  Time since last request: 0.000016 seconds.
  path: Assets/Sprites/Monk/Elementals_ground_monk_FREE_v1.3/png/idle/idle_6.png
  artifactKey: Guid(6a1f9844f185e7c47b87c8eac66a537e) Importer(2089858483,0ecaa5967403d082aa24f35e1b516d23)
Start importing Assets/Sprites/Monk/Elementals_ground_monk_FREE_v1.3/png/idle/idle_6.png using Guid(6a1f9844f185e7c47b87c8eac66a537e) Importer(2089858483,0ecaa5967403d082aa24f35e1b516d23) [PhysX] Initialized MultithreadedTaskDispatcher with 24 workers.
 -> (artifact id: '23e7f489b505438834e59cd09823f6db') in 0.008926 seconds
Number of updated asset objects reloaded before import = 0
Number of asset objects unloaded after import = 3
========================================================================
Received Import Request.
  Time since last request: 0.000022 seconds.
  path: Assets/Sprites/Monk/Elementals_ground_monk_FREE_v1.3/png/3_atk/3_atk_21.png
  artifactKey: Guid(e41d80401a3c1c44b937fdaa467da627) Importer(2089858483,0ecaa5967403d082aa24f35e1b516d23)
Start importing Assets/Sprites/Monk/Elementals_ground_monk_FREE_v1.3/png/3_atk/3_atk_21.png using Guid(e41d80401a3c1c44b937fdaa467da627) Importer(2089858483,0ecaa5967403d082aa24f35e1b516d23) [PhysX] Initialized MultithreadedTaskDispatcher with 24 workers.
 -> (artifact id: 'b708c8e21f46fa8a982677213f638bf1') in 0.008657 seconds
Number of updated asset objects reloaded before import = 0
Number of asset objects unloaded after import = 4
========================================================================
Received Import Request.
  Time since last request: 0.000013 seconds.
  path: Assets/Tilemaps/Platformer - desert v1.0.0/Platformer - desert/props/rocks1.png
  artifactKey: Guid(1eeed723cf7d75c419a1f45f447078a2) Importer(2089858483,0ecaa5967403d082aa24f35e1b516d23)
Start importing Assets/Tilemaps/Platformer - desert v1.0.0/Platformer - desert/props/rocks1.png using Guid(1eeed723cf7d75c419a1f45f447078a2) Importer(2089858483,0ecaa5967403d082aa24f35e1b516d23) [PhysX] Initialized MultithreadedTaskDispatcher with 24 workers.
 -> (artifact id: '8428494de9828ece70d8dc7526a607d7') in 0.007445 seconds
Number of updated asset objects reloaded before import = 0
Number of asset objects unloaded after import = 1
========================================================================
Received Import Request.
  Time since last request: 0.000014 seconds.
  path: Assets/Sprites/BladeKeeper/Elementals_metal_bladekeeper_FREE_v1.1/PNG animations/01_idle/01_idle_2.png
  artifactKey: Guid(3b04ee22a3fa11c4580cb96a094a7999) Importer(2089858483,0ecaa5967403d082aa24f35e1b516d23)
Start importing Assets/Sprites/BladeKeeper/Elementals_metal_bladekeeper_FREE_v1.1/PNG animations/01_idle/01_idle_2.png using Guid(3b04ee22a3fa11c4580cb96a094a7999) Importer(2089858483,0ecaa5967403d082aa24f35e1b516d23) [PhysX] Initialized MultithreadedTaskDispatcher with 24 workers.
 -> (artifact id: 'cd9ca0240267c7416e320b2bfe8bae77') in 0.008723 seconds
Number of updated asset objects reloaded before import = 0
Number of asset objects unloaded after import = 1
========================================================================
Received Import Request.
  Time since last request: 0.000013 seconds.
  path: Assets/Sprites/Monk/Elementals_ground_monk_FREE_v1.3/png/death/death_14.png
  artifactKey: Guid(6c71cebc241de594489268d21488da79) Importer(2089858483,0ecaa5967403d082aa24f35e1b516d23)
Start importing Assets/Sprites/Monk/Elementals_ground_monk_FREE_v1.3/png/death/death_14.png using Guid(6c71cebc241de594489268d21488da79) Importer(2089858483,0ecaa5967403d082aa24f35e1b516d23) [PhysX] Initialized MultithreadedTaskDispatcher with 24 workers.
 -> (artifact id: '033d8a74e0420fa46d8c0d8161cb9505') in 0.009328 seconds
Number of updated asset objects reloaded before import = 0
Number of asset objects unloaded after import = 3
========================================================================
Received Import Request.
  Time since last request: 0.000015 seconds.
  path: Assets/Sprites/BladeKeeper/Elementals_metal_bladekeeper_FREE_v1.1/PNG animations/03_jump_full/03_jump_11.png
  artifactKey: Guid(2cae30a20b0db374fa5eb8584a7b2c83) Importer(2089858483,0ecaa5967403d082aa24f35e1b516d23)
Start importing Assets/Sprites/BladeKeeper/Elementals_metal_bladekeeper_FREE_v1.1/PNG animations/03_jump_full/03_jump_11.png using Guid(2cae30a20b0db374fa5eb8584a7b2c83) Importer(2089858483,0ecaa5967403d082aa24f35e1b516d23) [PhysX] Initialized MultithreadedTaskDispatcher with 24 workers.
 -> (artifact id: 'd54be563d973fb6a6c5b307fd47f41c1') in 0.007803 seconds
Number of updated asset objects reloaded before import = 0
Number of asset objects unloaded after import = 1
========================================================================
Received Import Request.
  Time since last request: 0.000016 seconds.
  path: Assets/Sprites/BladeKeeper/Elementals_metal_bladekeeper_FREE_v1.1/PNG animations/11_defend/11_defend_6.png
  artifactKey: Guid(56f98d80437e36e47b9c1bf618ebd682) Importer(2089858483,0ecaa5967403d082aa24f35e1b516d23)
Start importing Assets/Sprites/BladeKeeper/Elementals_metal_bladekeeper_FREE_v1.1/PNG animations/11_defend/11_defend_6.png using Guid(56f98d80437e36e47b9c1bf618ebd682) Importer(2089858483,0ecaa5967403d082aa24f35e1b516d23) [PhysX] Initialized MultithreadedTaskDispatcher with 24 workers.
 -> (artifact id: '52b7b03c5e8bc56957d5b69ff2b63e0d') in 0.009209 seconds
Number of updated asset objects reloaded before import = 0
Number of asset objects unloaded after import = 1
========================================================================
Received Import Request.
  Time since last request: 0.000014 seconds.
  path: Assets/Sprites/Water_Priest/Elementals_water_priestess_FREE_v1.1/png/04_j_up/j_up_3.png
  artifactKey: Guid(9abb3918060e6fc478d5d80bce4a1e9f) Importer(2089858483,0ecaa5967403d082aa24f35e1b516d23)
Start importing Assets/Sprites/Water_Priest/Elementals_water_priestess_FREE_v1.1/png/04_j_up/j_up_3.png using Guid(9abb3918060e6fc478d5d80bce4a1e9f) Importer(2089858483,0ecaa5967403d082aa24f35e1b516d23) [PhysX] Initialized MultithreadedTaskDispatcher with 24 workers.
 -> (artifact id: '6d46bdddcf56612eaba44aa26c2ae1bc') in 0.009383 seconds
Number of updated asset objects reloaded before import = 0
Number of asset objects unloaded after import = 3
========================================================================
Received Import Request.
  Time since last request: 0.000015 seconds.
  path: Assets/Sprites/Water_Priest/Elementals_water_priestess_FREE_v1.1/png/08_2_atk/2_atk_3.png
  artifactKey: Guid(4e4efc399f0e6b8429e787990c160c03) Importer(2089858483,0ecaa5967403d082aa24f35e1b516d23)
Start importing Assets/Sprites/Water_Priest/Elementals_water_priestess_FREE_v1.1/png/08_2_atk/2_atk_3.png using Guid(4e4efc399f0e6b8429e787990c160c03) Importer(2089858483,0ecaa5967403d082aa24f35e1b516d23) [PhysX] Initialized MultithreadedTaskDispatcher with 24 workers.
 -> (artifact id: 'f44db7e6fb01df916b52f08eb2417a31') in 0.007636 seconds
Number of updated asset objects reloaded before import = 0
Number of asset objects unloaded after import = 1
========================================================================
Received Import Request.
  Time since last request: 0.018148 seconds.
  path: Assets/Sprites/Water_Priest/Elementals_water_priestess_FREE_v1.1/png/09_3_atk/3_atk_12.png
  artifactKey: Guid(4fa13a1be9315db468411a431bdb3098) Importer(2089858483,0ecaa5967403d082aa24f35e1b516d23)
Start importing Assets/Sprites/Water_Priest/Elementals_water_priestess_FREE_v1.1/png/09_3_atk/3_atk_12.png using Guid(4fa13a1be9315db468411a431bdb3098) Importer(2089858483,0ecaa5967403d082aa24f35e1b516d23) [PhysX] Initialized MultithreadedTaskDispatcher with 24 workers.
 -> (artifact id: '8496c760c6fbcf937c77f70ac9d12ba2') in 0.007930 seconds
Number of updated asset objects reloaded before import = 0
Number of asset objects unloaded after import = 3
========================================================================
Received Import Request.
  Time since last request: 0.000012 seconds.
  path: Assets/Sprites/Water_Priest/Elementals_water_priestess_FREE_v1.1/png/09_3_atk/3_atk_5.png
  artifactKey: Guid(9200e1f0717c6b3479740783fc2bf2e1) Importer(2089858483,0ecaa5967403d082aa24f35e1b516d23)
Start importing Assets/Sprites/Water_Priest/Elementals_water_priestess_FREE_v1.1/png/09_3_atk/3_atk_5.png using Guid(9200e1f0717c6b3479740783fc2bf2e1) Importer(2089858483,0ecaa5967403d082aa24f35e1b516d23) [PhysX] Initialized MultithreadedTaskDispatcher with 24 workers.
 -> (artifact id: 'b9182389c2d9fde127340b1dfc286ff9') in 0.007720 seconds
Number of updated asset objects reloaded before import = 0
Number of asset objects unloaded after import = 3
========================================================================
Received Import Request.
  Time since last request: 0.000013 seconds.
  path: Assets/Tilemaps/Magic-Cliffs-Gamekit/Magic-Cliffs-Gamekit/Assets/Player Sprite/Sprites/crouch-attack/frame4.png
  artifactKey: Guid(48076446d46091549a9b5cbcbeb873e9) Importer(2089858483,0ecaa5967403d082aa24f35e1b516d23)
Start importing Assets/Tilemaps/Magic-Cliffs-Gamekit/Magic-Cliffs-Gamekit/Assets/Player Sprite/Sprites/crouch-attack/frame4.png using Guid(48076446d46091549a9b5cbcbeb873e9) Importer(2089858483,0ecaa5967403d082aa24f35e1b516d23) [PhysX] Initialized MultithreadedTaskDispatcher with 24 workers.
 -> (artifact id: '8a69497c1096e35be5f7a48bfc431543') in 0.006140 seconds
Number of updated asset objects reloaded before import = 0
Number of asset objects unloaded after import = 1
========================================================================
Received Import Request.
  Time since last request: 0.000013 seconds.
  path: Assets/Tilemaps/Magic-Cliffs-Gamekit/Magic-Cliffs-Gamekit/Assets/Enemies Files/sprites/shuriken-dude/shuriken-dude2.png
  artifactKey: Guid(0b29aaf7316957242afd1655918d0245) Importer(2089858483,0ecaa5967403d082aa24f35e1b516d23)
Start importing Assets/Tilemaps/Magic-Cliffs-Gamekit/Magic-Cliffs-Gamekit/Assets/Enemies Files/sprites/shuriken-dude/shuriken-dude2.png using Guid(0b29aaf7316957242afd1655918d0245) Importer(2089858483,0ecaa5967403d082aa24f35e1b516d23) [PhysX] Initialized MultithreadedTaskDispatcher with 24 workers.
 -> (artifact id: '0ea27d7c42dc4fe9f481fade3e231b7b') in 0.008660 seconds
Number of updated asset objects reloaded before import = 0
Number of asset objects unloaded after import = 1
========================================================================
Received Import Request.
  Time since last request: 0.000017 seconds.
  path: Assets/Tilemaps/Magic-Cliffs-Gamekit/Magic-Cliffs-Gamekit/Assets/Enemies Files/sprites/shuriken-dude/shuriken-dude7.png
  artifactKey: Guid(49879dca64cea4c4e8aab65f7421722e) Importer(2089858483,0ecaa5967403d082aa24f35e1b516d23)
Start importing Assets/Tilemaps/Magic-Cliffs-Gamekit/Magic-Cliffs-Gamekit/Assets/Enemies Files/sprites/shuriken-dude/shuriken-dude7.png using Guid(49879dca64cea4c4e8aab65f7421722e) Importer(2089858483,0ecaa5967403d082aa24f35e1b516d23) [PhysX] Initialized MultithreadedTaskDispatcher with 24 workers.
 -> (artifact id: 'e477ee16282fdffefc8fe16e5ede186c') in 0.008953 seconds
Number of updated asset objects reloaded before import = 0
Number of asset objects unloaded after import = 1
========================================================================
Received Import Request.
  Time since last request: 0.000015 seconds.
  path: Assets/Sprites/Water_Priest/Elementals_water_priestess_FREE_v1.1/png/12_defend/defend_11.png
  artifactKey: Guid(039d2dd4e4db63043bac4afc71c4ada6) Importer(2089858483,0ecaa5967403d082aa24f35e1b516d23)
Start importing Assets/Sprites/Water_Priest/Elementals_water_priestess_FREE_v1.1/png/12_defend/defend_11.png using Guid(039d2dd4e4db63043bac4afc71c4ada6) Importer(2089858483,0ecaa5967403d082aa24f35e1b516d23) [PhysX] Initialized MultithreadedTaskDispatcher with 24 workers.
 -> (artifact id: '85b04942b712b741b7bb5d5524eeeff1') in 0.022047 seconds
Number of updated asset objects reloaded before import = 0
Number of asset objects unloaded after import = 3
========================================================================
Received Import Request.
  Time since last request: 0.000019 seconds.
  path: Assets/Tilemaps/Magic-Cliffs-Gamekit/Magic-Cliffs-Gamekit/Assets/Player Sprite/Sprites/attack/attack8.png
  artifactKey: Guid(9d661f3b781c5ed4993d3ce986179899) Importer(2089858483,0ecaa5967403d082aa24f35e1b516d23)
Start importing Assets/Tilemaps/Magic-Cliffs-Gamekit/Magic-Cliffs-Gamekit/Assets/Player Sprite/Sprites/attack/attack8.png using Guid(9d661f3b781c5ed4993d3ce986179899) Importer(2089858483,0ecaa5967403d082aa24f35e1b516d23) [PhysX] Initialized MultithreadedTaskDispatcher with 24 workers.
 -> (artifact id: 'c398f8e622447ec5cecd2d97a07c7248') in 0.007458 seconds
Number of updated asset objects reloaded before import = 0
Number of asset objects unloaded after import = 1
========================================================================
Received Import Request.
  Time since last request: 0.000018 seconds.
  path: Assets/Sprites/Water_Priest/Elementals_water_priestess_FREE_v1.1/png/10_sp_atk/sp_atk_22.png
  artifactKey: Guid(5ed843f4f02f72b44a6debfedb6fe164) Importer(2089858483,0ecaa5967403d082aa24f35e1b516d23)
Start importing Assets/Sprites/Water_Priest/Elementals_water_priestess_FREE_v1.1/png/10_sp_atk/sp_atk_22.png using Guid(5ed843f4f02f72b44a6debfedb6fe164) Importer(2089858483,0ecaa5967403d082aa24f35e1b516d23) [PhysX] Initialized MultithreadedTaskDispatcher with 24 workers.
 -> (artifact id: 'fecb78fe8c403d74a2484d42aafe402a') in 0.029232 seconds
Number of updated asset objects reloaded before import = 0
Number of asset objects unloaded after import = 21
========================================================================
Received Import Request.
  Time since last request: 0.000016 seconds.
  path: Assets/Tilemaps/Magic-Cliffs-Gamekit/Magic-Cliffs-Gamekit/Assets/Enemies Files/sprites/no-shuriken-dude/no-shuriken-dude1.png
  artifactKey: Guid(3573d1a3cf959394f85a98eac7b832db) Importer(2089858483,0ecaa5967403d082aa24f35e1b516d23)
Start importing Assets/Tilemaps/Magic-Cliffs-Gamekit/Magic-Cliffs-Gamekit/Assets/Enemies Files/sprites/no-shuriken-dude/no-shuriken-dude1.png using Guid(3573d1a3cf959394f85a98eac7b832db) Importer(2089858483,0ecaa5967403d082aa24f35e1b516d23) [PhysX] Initialized MultithreadedTaskDispatcher with 24 workers.
 -> (artifact id: '0dcb40bf0448673d114536bc62f1b3de') in 0.008008 seconds
Number of updated asset objects reloaded before import = 0
Number of asset objects unloaded after import = 1
========================================================================
Received Import Request.
  Time since last request: 0.000015 seconds.
  path: Assets/Sprites/Water_Priest/Elementals_water_priestess_FREE_v1.1/png/11_heal/heal_9.png
  artifactKey: Guid(9244f4814ac119c45b2286b1db75cc60) Importer(2089858483,0ecaa5967403d082aa24f35e1b516d23)
Start importing Assets/Sprites/Water_Priest/Elementals_water_priestess_FREE_v1.1/png/11_heal/heal_9.png using Guid(9244f4814ac119c45b2286b1db75cc60) Importer(2089858483,0ecaa5967403d082aa24f35e1b516d23) [PhysX] Initialized MultithreadedTaskDispatcher with 24 workers.
 -> (artifact id: '49b55a59132b9f111b283e0398b797b8') in 0.007132 seconds
Number of updated asset objects reloaded before import = 0
Number of asset objects unloaded after import = 1
========================================================================
Received Import Request.
  Time since last request: 0.000024 seconds.
  path: Assets/Sprites/Water_Priest/Elementals_water_priestess_FREE_v1.1/png/09_3_atk/3_atk_21.png
  artifactKey: Guid(2f5cb3014c1c4e94890b9fd5df8d49a0) Importer(2089858483,0ecaa5967403d082aa24f35e1b516d23)
Start importing Assets/Sprites/Water_Priest/Elementals_water_priestess_FREE_v1.1/png/09_3_atk/3_atk_21.png using Guid(2f5cb3014c1c4e94890b9fd5df8d49a0) Importer(2089858483,0ecaa5967403d082aa24f35e1b516d23) [PhysX] Initialized MultithreadedTaskDispatcher with 24 workers.
 -> (artifact id: '7d268a326f2a2ba8e42a8294b1193654') in 0.010070 seconds
Number of updated asset objects reloaded before import = 0
Number of asset objects unloaded after import = 4
========================================================================
Received Import Request.
  Time since last request: 0.000013 seconds.
  path: Assets/Sprites/Water_Priest/Elementals_water_priestess_FREE_v1.1/png/09_3_atk/3_atk_24.png
  artifactKey: Guid(41dd8dcfcd27f9a408b290cb0db957e2) Importer(2089858483,0ecaa5967403d082aa24f35e1b516d23)
Start importing Assets/Sprites/Water_Priest/Elementals_water_priestess_FREE_v1.1/png/09_3_atk/3_atk_24.png using Guid(41dd8dcfcd27f9a408b290cb0db957e2) Importer(2089858483,0ecaa5967403d082aa24f35e1b516d23) [PhysX] Initialized MultithreadedTaskDispatcher with 24 workers.
 -> (artifact id: '1e29c7a03e303f06ff5068a5fd57d774') in 0.012401 seconds
Number of updated asset objects reloaded before import = 0
Number of asset objects unloaded after import = 4
========================================================================
Received Import Request.
  Time since last request: 0.000013 seconds.
  path: Assets/Tilemaps/Magic-Cliffs-Gamekit/Magic-Cliffs-Gamekit/Assets/Player Sprite/Sprites/idle/idle4.png
  artifactKey: Guid(dfe42236e7a5f644d9b4e071064c91a4) Importer(2089858483,0ecaa5967403d082aa24f35e1b516d23)
Start importing Assets/Tilemaps/Magic-Cliffs-Gamekit/Magic-Cliffs-Gamekit/Assets/Player Sprite/Sprites/idle/idle4.png using Guid(dfe42236e7a5f644d9b4e071064c91a4) Importer(2089858483,0ecaa5967403d082aa24f35e1b516d23) [PhysX] Initialized MultithreadedTaskDispatcher with 24 workers.
 -> (artifact id: 'acb931068cd9f2e373616017302e4175') in 0.009155 seconds
Number of updated asset objects reloaded before import = 0
Number of asset objects unloaded after import = 1
========================================================================
Received Import Request.
  Time since last request: 0.000015 seconds.
  path: Assets/Tilemaps/Magic-Cliffs-Gamekit/Magic-Cliffs-Gamekit/Assets/Player Sprite/Sprites/attack/attack2.png
  artifactKey: Guid(2dca42c38e5f8544ca6df6eeef33b699) Importer(2089858483,0ecaa5967403d082aa24f35e1b516d23)
Start importing Assets/Tilemaps/Magic-Cliffs-Gamekit/Magic-Cliffs-Gamekit/Assets/Player Sprite/Sprites/attack/attack2.png using Guid(2dca42c38e5f8544ca6df6eeef33b699) Importer(2089858483,0ecaa5967403d082aa24f35e1b516d23) [PhysX] Initialized MultithreadedTaskDispatcher with 24 workers.
 -> (artifact id: '23eb9cc14af5ca1ce34231bd3f6cc2e1') in 0.008499 seconds
Number of updated asset objects reloaded before import = 0
Number of asset objects unloaded after import = 1
========================================================================
Received Import Request.
  Time since last request: 0.000013 seconds.
  path: Assets/Tilemaps/Magic-Cliffs-Gamekit/Magic-Cliffs-Gamekit/Assets/Player Sprite/Sprites/attack/attack7.png
  artifactKey: Guid(8526a8b7dacc5b24cb45b2d25bc92a61) Importer(2089858483,0ecaa5967403d082aa24f35e1b516d23)
Start importing Assets/Tilemaps/Magic-Cliffs-Gamekit/Magic-Cliffs-Gamekit/Assets/Player Sprite/Sprites/attack/attack7.png using Guid(8526a8b7dacc5b24cb45b2d25bc92a61) Importer(2089858483,0ecaa5967403d082aa24f35e1b516d23) [PhysX] Initialized MultithreadedTaskDispatcher with 24 workers.
 -> (artifact id: 'a99dcd47813957f59e5d35b97f9f9220') in 0.007582 seconds
Number of updated asset objects reloaded before import = 0
Number of asset objects unloaded after import = 1
========================================================================
Received Import Request.
  Time since last request: 0.000018 seconds.
  path: Assets/Sprites/Water_Priest/Elementals_water_priestess_FREE_v1.1/png/10_sp_atk/sp_atk_15.png
  artifactKey: Guid(65a1aeb945eeb054aa513e01e602f438) Importer(2089858483,0ecaa5967403d082aa24f35e1b516d23)
Start importing Assets/Sprites/Water_Priest/Elementals_water_priestess_FREE_v1.1/png/10_sp_atk/sp_atk_15.png using Guid(65a1aeb945eeb054aa513e01e602f438) Importer(2089858483,0ecaa5967403d082aa24f35e1b516d23) [PhysX] Initialized MultithreadedTaskDispatcher with 24 workers.
 -> (artifact id: '85af2e71ff6a67e9b93eb27273b23fe4') in 0.010643 seconds
Number of updated asset objects reloaded before import = 0
Number of asset objects unloaded after import = 4
========================================================================
Received Import Request.
  Time since last request: 0.000015 seconds.
  path: Assets/Sprites/Water_Priest/Elementals_water_priestess_FREE_v1.1/png/12_defend/defend_8.png
  artifactKey: Guid(373a7fd42558c694e96982f05a80cd46) Importer(2089858483,0ecaa5967403d082aa24f35e1b516d23)
Start importing Assets/Sprites/Water_Priest/Elementals_water_priestess_FREE_v1.1/png/12_defend/defend_8.png using Guid(373a7fd42558c694e96982f05a80cd46) Importer(2089858483,0ecaa5967403d082aa24f35e1b516d23) [PhysX] Initialized MultithreadedTaskDispatcher with 24 workers.
 -> (artifact id: '13ef84485775b8682f4604f76ea196b6') in 0.008595 seconds
Number of updated asset objects reloaded before import = 0
Number of asset objects unloaded after import = 3
========================================================================
Received Import Request.
  Time since last request: 0.000013 seconds.
  path: Assets/Sprites/Water_Priest/Elementals_water_priestess_FREE_v1.1/png/09_3_atk/3_atk_25.png
  artifactKey: Guid(3f98040c61392074390df9793f35761f) Importer(2089858483,0ecaa5967403d082aa24f35e1b516d23)
Start importing Assets/Sprites/Water_Priest/Elementals_water_priestess_FREE_v1.1/png/09_3_atk/3_atk_25.png using Guid(3f98040c61392074390df9793f35761f) Importer(2089858483,0ecaa5967403d082aa24f35e1b516d23) [PhysX] Initialized MultithreadedTaskDispatcher with 24 workers.
 -> (artifact id: '476538a8c83fb1b477fef15e068a3881') in 0.019710 seconds
Number of updated asset objects reloaded before import = 0
Number of asset objects unloaded after import = 12
========================================================================
Received Import Request.
  Time since last request: 0.000019 seconds.
  path: Assets/Tilemaps/Magic-Cliffs-Gamekit/Magic-Cliffs-Gamekit/Assets/Enemies Files/sprites/shuriken/shuriken2.png
  artifactKey: Guid(59062ab0f0425e140955e99f9ba5c0ba) Importer(2089858483,0ecaa5967403d082aa24f35e1b516d23)
Start importing Assets/Tilemaps/Magic-Cliffs-Gamekit/Magic-Cliffs-Gamekit/Assets/Enemies Files/sprites/shuriken/shuriken2.png using Guid(59062ab0f0425e140955e99f9ba5c0ba) Importer(2089858483,0ecaa5967403d082aa24f35e1b516d23) [PhysX] Initialized MultithreadedTaskDispatcher with 24 workers.
 -> (artifact id: 'd6ebb50b09cfbaeee453696f81c6cadc') in 0.008094 seconds
Number of updated asset objects reloaded before import = 0
Number of asset objects unloaded after import = 1
========================================================================
Received Import Request.
  Time since last request: 0.000014 seconds.
  path: Assets/Tilemaps/Magic-Cliffs-Gamekit/Magic-Cliffs-Gamekit/Assets/Enemies Files/sprites/fox-sword/fox-sword8.png
  artifactKey: Guid(d14f9ccc55ac370409c4613db1c4c600) Importer(2089858483,0ecaa5967403d082aa24f35e1b516d23)
Start importing Assets/Tilemaps/Magic-Cliffs-Gamekit/Magic-Cliffs-Gamekit/Assets/Enemies Files/sprites/fox-sword/fox-sword8.png using Guid(d14f9ccc55ac370409c4613db1c4c600) Importer(2089858483,0ecaa5967403d082aa24f35e1b516d23) [PhysX] Initialized MultithreadedTaskDispatcher with 24 workers.
 -> (artifact id: '5508a8d74e729ed7054746566195f397') in 0.007980 seconds
Number of updated asset objects reloaded before import = 0
Number of asset objects unloaded after import = 1
========================================================================
Received Import Request.
  Time since last request: 0.000016 seconds.
  path: Assets/Sprites/Water_Priest/Elementals_water_priestess_FREE_v1.1/png/13_take_hit/take_hit_7.png
  artifactKey: Guid(cd8f577c1f4bfe643bfcf41cb933d0e3) Importer(2089858483,0ecaa5967403d082aa24f35e1b516d23)
Start importing Assets/Sprites/Water_Priest/Elementals_water_priestess_FREE_v1.1/png/13_take_hit/take_hit_7.png using Guid(cd8f577c1f4bfe643bfcf41cb933d0e3) Importer(2089858483,0ecaa5967403d082aa24f35e1b516d23) [PhysX] Initialized MultithreadedTaskDispatcher with 24 workers.
 -> (artifact id: '32e152404c61cfe8de637fef4a9da075') in 0.008165 seconds
Number of updated asset objects reloaded before import = 0
Number of asset objects unloaded after import = 3
========================================================================
Received Import Request.
  Time since last request: 0.000016 seconds.
  path: Assets/Sprites/BladeKeeper/Elementals_metal_bladekeeper_FREE_v1.1/PNG animations/projectile_and_trap/trap_land/trap_land_3.png
  artifactKey: Guid(e5ae0b7634a6f9640ae923266c63b0fb) Importer(2089858483,0ecaa5967403d082aa24f35e1b516d23)
Start importing Assets/Sprites/BladeKeeper/Elementals_metal_bladekeeper_FREE_v1.1/PNG animations/projectile_and_trap/trap_land/trap_land_3.png using Guid(e5ae0b7634a6f9640ae923266c63b0fb) Importer(2089858483,0ecaa5967403d082aa24f35e1b516d23) [PhysX] Initialized MultithreadedTaskDispatcher with 24 workers.
 -> (artifact id: 'c08c4d53e9a4cb4daf2944baf88e3476') in 0.007390 seconds
Number of updated asset objects reloaded before import = 0
Number of asset objects unloaded after import = 1
========================================================================
Received Import Request.
  Time since last request: 0.000014 seconds.
  path: Assets/Sprites/Water_Priest/Elementals_water_priestess_FREE_v1.1/png/14_death/death_3.png
  artifactKey: Guid(7515f9952c7340e419ef63b5c2b3eb07) Importer(2089858483,0ecaa5967403d082aa24f35e1b516d23)
Start importing Assets/Sprites/Water_Priest/Elementals_water_priestess_FREE_v1.1/png/14_death/death_3.png using Guid(7515f9952c7340e419ef63b5c2b3eb07) Importer(2089858483,0ecaa5967403d082aa24f35e1b516d23) [PhysX] Initialized MultithreadedTaskDispatcher with 24 workers.
 -> (artifact id: '1779efc0dc55f4f0f50e998910865c62') in 0.009189 seconds
Number of updated asset objects reloaded before import = 0
Number of asset objects unloaded after import = 3
========================================================================
Received Import Request.
  Time since last request: 0.000018 seconds.
  path: Assets/Sprites/Water_Priest/Elementals_water_priestess_FREE_v1.1/png/12_defend/defend_9.png
  artifactKey: Guid(c78606a8c84ece0478295fb36f3db6eb) Importer(2089858483,0ecaa5967403d082aa24f35e1b516d23)
Start importing Assets/Sprites/Water_Priest/Elementals_water_priestess_FREE_v1.1/png/12_defend/defend_9.png using Guid(c78606a8c84ece0478295fb36f3db6eb) Importer(2089858483,0ecaa5967403d082aa24f35e1b516d23) [PhysX] Initialized MultithreadedTaskDispatcher with 24 workers.
 -> (artifact id: '1b4d3af00dbfcb9b4081469a4341e862') in 0.008495 seconds
Number of updated asset objects reloaded before import = 0
Number of asset objects unloaded after import = 3
========================================================================
Received Import Request.
  Time since last request: 0.000015 seconds.
  path: Assets/Tilemaps/Magic-Cliffs-Gamekit/Magic-Cliffs-Gamekit/Assets/Enemies Files/sprites/fox/fox1.png
  artifactKey: Guid(9b255d61b217c884fb3334185ef330d6) Importer(2089858483,0ecaa5967403d082aa24f35e1b516d23)
Start importing Assets/Tilemaps/Magic-Cliffs-Gamekit/Magic-Cliffs-Gamekit/Assets/Enemies Files/sprites/fox/fox1.png using Guid(9b255d61b217c884fb3334185ef330d6) Importer(2089858483,0ecaa5967403d082aa24f35e1b516d23) [PhysX] Initialized MultithreadedTaskDispatcher with 24 workers.
 -> (artifact id: '2d13aad028c6e3717e540a01d4bb43e3') in 0.010599 seconds
Number of updated asset objects reloaded before import = 0
Number of asset objects unloaded after import = 1
========================================================================
Received Import Request.
  Time since last request: 0.000018 seconds.
  path: Assets/Sprites/Water_Priest/Elementals_water_priestess_FREE_v1.1/png/10_sp_atk/sp_atk_10.png
  artifactKey: Guid(178ff8f618aa9614388323a94ab7dbb2) Importer(2089858483,0ecaa5967403d082aa24f35e1b516d23)
Start importing Assets/Sprites/Water_Priest/Elementals_water_priestess_FREE_v1.1/png/10_sp_atk/sp_atk_10.png using Guid(178ff8f618aa9614388323a94ab7dbb2) Importer(2089858483,0ecaa5967403d082aa24f35e1b516d23) [PhysX] Initialized MultithreadedTaskDispatcher with 24 workers.
 -> (artifact id: '75b0df8941160a0d285277ad8d10e361') in 0.009187 seconds
Number of updated asset objects reloaded before import = 0
Number of asset objects unloaded after import = 4
========================================================================
Received Import Request.
  Time since last request: 0.000016 seconds.
  path: Assets/Sprites/Water_Priest/Elementals_water_priestess_FREE_v1.1/png/13_take_hit/take_hit_6.png
  artifactKey: Guid(05af8c9a863a1d447a8e1553a2c346df) Importer(2089858483,0ecaa5967403d082aa24f35e1b516d23)
Start importing Assets/Sprites/Water_Priest/Elementals_water_priestess_FREE_v1.1/png/13_take_hit/take_hit_6.png using Guid(05af8c9a863a1d447a8e1553a2c346df) Importer(2089858483,0ecaa5967403d082aa24f35e1b516d23) [PhysX] Initialized MultithreadedTaskDispatcher with 24 workers.
 -> (artifact id: 'ec2473ef2bdbcc5a43d25cb0e987f9b3') in 0.009179 seconds
Number of updated asset objects reloaded before import = 0
Number of asset objects unloaded after import = 3
========================================================================
Received Import Request.
  Time since last request: 0.000013 seconds.
  path: Assets/Tilemaps/Magic-Cliffs-Gamekit/Magic-Cliffs-Gamekit/Assets/Player Sprite/Previews/idle.gif
  artifactKey: Guid(bdd93544a88a90641856d5e059596cfe) Importer(2089858483,0ecaa5967403d082aa24f35e1b516d23)
Start importing Assets/Tilemaps/Magic-Cliffs-Gamekit/Magic-Cliffs-Gamekit/Assets/Player Sprite/Previews/idle.gif using Guid(bdd93544a88a90641856d5e059596cfe) Importer(2089858483,0ecaa5967403d082aa24f35e1b516d23) [PhysX] Initialized MultithreadedTaskDispatcher with 24 workers.
 -> (artifact id: '0fc7cf6bf5cdca8286f6b0ea381015d7') in 0.007706 seconds
Number of updated asset objects reloaded before import = 0
Number of asset objects unloaded after import = 1
========================================================================
Received Import Request.
  Time since last request: 0.000018 seconds.
  path: Assets/Sprites/Water_Priest/Elementals_water_priestess_FREE_v1.1/png/09_3_atk/3_atk_8.png
  artifactKey: Guid(6cabdaea8869cd64abe9ace9f207617f) Importer(2089858483,0ecaa5967403d082aa24f35e1b516d23)
Start importing Assets/Sprites/Water_Priest/Elementals_water_priestess_FREE_v1.1/png/09_3_atk/3_atk_8.png using Guid(6cabdaea8869cd64abe9ace9f207617f) Importer(2089858483,0ecaa5967403d082aa24f35e1b516d23) [PhysX] Initialized MultithreadedTaskDispatcher with 24 workers.
 -> (artifact id: '28ec91c8383d23b7f3f1f5392c3ccb31') in 0.009109 seconds
Number of updated asset objects reloaded before import = 0
Number of asset objects unloaded after import = 3
========================================================================
Received Import Request.
  Time since last request: 0.000015 seconds.
  path: Assets/Sprites/Water_Priest/Elementals_water_priestess_FREE_v1.1/png/11_heal/heal_8.png
  artifactKey: Guid(799b1a48aa6299246aa37da1ed974e66) Importer(2089858483,0ecaa5967403d082aa24f35e1b516d23)
Start importing Assets/Sprites/Water_Priest/Elementals_water_priestess_FREE_v1.1/png/11_heal/heal_8.png using Guid(799b1a48aa6299246aa37da1ed974e66) Importer(2089858483,0ecaa5967403d082aa24f35e1b516d23) [PhysX] Initialized MultithreadedTaskDispatcher with 24 workers.
 -> (artifact id: '29890185da3ef7ae3eee647ec52251ea') in 0.008804 seconds
Number of updated asset objects reloaded before import = 0
Number of asset objects unloaded after import = 1
========================================================================
Received Import Request.
  Time since last request: 0.000013 seconds.
  path: Assets/Tilemaps/Magic-Cliffs-Gamekit/Magic-Cliffs-Gamekit/Assets/Player Sprite/Sprites/attack/attack5.png
  artifactKey: Guid(e1ee373bdf096ff40ac5da0346f99140) Importer(2089858483,0ecaa5967403d082aa24f35e1b516d23)
Start importing Assets/Tilemaps/Magic-Cliffs-Gamekit/Magic-Cliffs-Gamekit/Assets/Player Sprite/Sprites/attack/attack5.png using Guid(e1ee373bdf096ff40ac5da0346f99140) Importer(2089858483,0ecaa5967403d082aa24f35e1b516d23) [PhysX] Initialized MultithreadedTaskDispatcher with 24 workers.
 -> (artifact id: '73de7006bd21154cca6c69010b17b0f8') in 0.007117 seconds
Number of updated asset objects reloaded before import = 0
Number of asset objects unloaded after import = 1
========================================================================
Received Import Request.
  Time since last request: 0.000016 seconds.
  path: Assets/Tilemaps/Magic-Cliffs-Gamekit/Magic-Cliffs-Gamekit/Assets/Enemies Files/sprites/shuriken-dude/shuriken-dude3.png
  artifactKey: Guid(bb3e1dcab4dfbb647bc527a505d3a556) Importer(2089858483,0ecaa5967403d082aa24f35e1b516d23)
Start importing Assets/Tilemaps/Magic-Cliffs-Gamekit/Magic-Cliffs-Gamekit/Assets/Enemies Files/sprites/shuriken-dude/shuriken-dude3.png using Guid(bb3e1dcab4dfbb647bc527a505d3a556) Importer(2089858483,0ecaa5967403d082aa24f35e1b516d23) [PhysX] Initialized MultithreadedTaskDispatcher with 24 workers.
 -> (artifact id: '128be5570b10221891a681aa455311ae') in 0.008681 seconds
Number of updated asset objects reloaded before import = 0
Number of asset objects unloaded after import = 1
========================================================================
Received Import Request.
  Time since last request: 0.000022 seconds.
  path: Assets/Sprites/Water_Priest/Elementals_water_priestess_FREE_v1.1/png/air_atk/air_atk_6.png
  artifactKey: Guid(e78ab95b90435f64cadc4f42c1b96a4a) Importer(2089858483,0ecaa5967403d082aa24f35e1b516d23)
Start importing Assets/Sprites/Water_Priest/Elementals_water_priestess_FREE_v1.1/png/air_atk/air_atk_6.png using Guid(e78ab95b90435f64cadc4f42c1b96a4a) Importer(2089858483,0ecaa5967403d082aa24f35e1b516d23) [PhysX] Initialized MultithreadedTaskDispatcher with 24 workers.
 -> (artifact id: 'eeb74667877a3f09f856f058a6bb2aeb') in 0.015604 seconds
Number of updated asset objects reloaded before import = 0
Number of asset objects unloaded after import = 9
========================================================================
Received Import Request.
  Time since last request: 0.000016 seconds.
  path: Assets/Tilemaps/Magic-Cliffs-Gamekit/Magic-Cliffs-Gamekit/Assets/Player Sprite/Previews/jump.gif
  artifactKey: Guid(a3a78d5aae82d0147b3f0063ed3e9e43) Importer(2089858483,0ecaa5967403d082aa24f35e1b516d23)
Start importing Assets/Tilemaps/Magic-Cliffs-Gamekit/Magic-Cliffs-Gamekit/Assets/Player Sprite/Previews/jump.gif using Guid(a3a78d5aae82d0147b3f0063ed3e9e43) Importer(2089858483,0ecaa5967403d082aa24f35e1b516d23) [PhysX] Initialized MultithreadedTaskDispatcher with 24 workers.
 -> (artifact id: '120651f908735163001a5f840074c9e7') in 0.006847 seconds
Number of updated asset objects reloaded before import = 0
Number of asset objects unloaded after import = 1
========================================================================
Received Import Request.
  Time since last request: 0.000012 seconds.
  path: Assets/Tilemaps/Magic-Cliffs-Gamekit/Magic-Cliffs-Gamekit/Assets/Enemies Files/spritesheets/shuriken-dude.png
  artifactKey: Guid(ca9e261b69d10df4fb56a7476e21d177) Importer(2089858483,0ecaa5967403d082aa24f35e1b516d23)
Start importing Assets/Tilemaps/Magic-Cliffs-Gamekit/Magic-Cliffs-Gamekit/Assets/Enemies Files/spritesheets/shuriken-dude.png using Guid(ca9e261b69d10df4fb56a7476e21d177) Importer(2089858483,0ecaa5967403d082aa24f35e1b516d23) [PhysX] Initialized MultithreadedTaskDispatcher with 24 workers.
 -> (artifact id: 'afd3a635a6ebdac460c6b11eb4d32ec3') in 0.008860 seconds
Number of updated asset objects reloaded before import = 0
Number of asset objects unloaded after import = 1
========================================================================
Received Import Request.
  Time since last request: 0.000017 seconds.
  path: Assets/Sprites/Water_Priest/Elementals_water_priestess_FREE_v1.1/png/10_sp_atk/sp_atk_2.png
  artifactKey: Guid(0ec6efff5d004fe4980a5b43f4852f7e) Importer(2089858483,0ecaa5967403d082aa24f35e1b516d23)
Start importing Assets/Sprites/Water_Priest/Elementals_water_priestess_FREE_v1.1/png/10_sp_atk/sp_atk_2.png using Guid(0ec6efff5d004fe4980a5b43f4852f7e) Importer(2089858483,0ecaa5967403d082aa24f35e1b516d23) [PhysX] Initialized MultithreadedTaskDispatcher with 24 workers.
 -> (artifact id: 'c41fab918775f1e6d99979071b630571') in 0.010301 seconds
Number of updated asset objects reloaded before import = 0
Number of asset objects unloaded after import = 4
========================================================================
Received Import Request.
  Time since last request: 0.000012 seconds.
  path: Assets/Sprites/BladeKeeper/Elementals_metal_bladekeeper_FREE_v1.1/PNG animations/projectile_and_trap/projectile_land/projectile_land_4.png
  artifactKey: Guid(b76cba46e75f57c469e1e3c1c1727f5b) Importer(2089858483,0ecaa5967403d082aa24f35e1b516d23)
Start importing Assets/Sprites/BladeKeeper/Elementals_metal_bladekeeper_FREE_v1.1/PNG animations/projectile_and_trap/projectile_land/projectile_land_4.png using Guid(b76cba46e75f57c469e1e3c1c1727f5b) Importer(2089858483,0ecaa5967403d082aa24f35e1b516d23) [PhysX] Initialized MultithreadedTaskDispatcher with 24 workers.
 -> (artifact id: '397d3c7d4d757b9975446f7ef17beb48') in 0.007692 seconds
Number of updated asset objects reloaded before import = 0
Number of asset objects unloaded after import = 1
========================================================================
Received Import Request.
  Time since last request: 0.000012 seconds.
  path: Assets/Sprites/Water_Priest/Elementals_water_priestess_FREE_v1.1/png/10_sp_atk/sp_atk_13.png
  artifactKey: Guid(ae9f67961487f5b478427a64f1374cd1) Importer(2089858483,0ecaa5967403d082aa24f35e1b516d23)
Start importing Assets/Sprites/Water_Priest/Elementals_water_priestess_FREE_v1.1/png/10_sp_atk/sp_atk_13.png using Guid(ae9f67961487f5b478427a64f1374cd1) Importer(2089858483,0ecaa5967403d082aa24f35e1b516d23) [PhysX] Initialized MultithreadedTaskDispatcher with 24 workers.
 -> (artifact id: '751ebacd08897ed3c1e7d582ce1feeed') in 0.010958 seconds
Number of updated asset objects reloaded before import = 0
Number of asset objects unloaded after import = 4
========================================================================
Received Import Request.
  Time since last request: 0.000015 seconds.
  path: Assets/Tilemaps/Magic-Cliffs-Gamekit/Magic-Cliffs-Gamekit/Assets/Enemies Files/sprites/shuriken-dude/shuriken-dude9.png
  artifactKey: Guid(ab4bd2353a857fc41b913d587e1da4e3) Importer(2089858483,0ecaa5967403d082aa24f35e1b516d23)
Start importing Assets/Tilemaps/Magic-Cliffs-Gamekit/Magic-Cliffs-Gamekit/Assets/Enemies Files/sprites/shuriken-dude/shuriken-dude9.png using Guid(ab4bd2353a857fc41b913d587e1da4e3) Importer(2089858483,0ecaa5967403d082aa24f35e1b516d23) [PhysX] Initialized MultithreadedTaskDispatcher with 24 workers.
 -> (artifact id: 'f6579ab33aefca42f362eb94a54ee553') in 0.006885 seconds
Number of updated asset objects reloaded before import = 0
Number of asset objects unloaded after import = 1
Editor requested this worker to shutdown with reason: Scaling down because of idle timeout
TcpMessagingSession - receive error: operation aborted. errorcode: 995, details: The I/O operation has been aborted because of either a thread exit or an application request.
AssetImportWorker is now disconnected from the server
Process exiting
Exiting without the bug reporter. Application will terminate with return code 0